e8g8,r1b1k2r/pp1nqpbp/2p3p1/2p1p3/4P3/P1NP1N1P/1PP2PP1/R1BQR1K1 b kq - 0 10
a7a5,r1b2rk1/pp1nqpbp/2p3p1/2p1p3/4P3/P1NP1N1P/1PP2PP1/1RBQR1K1 b - - 2 11
f7f6,r1b2rk1/1p1nqpbp/2p3p1/p1p1p1B1/4P3/P1NP1N1P/1PP2PP1/1R1QR1K1 b - - 1 12
f8d8,r1b2rk1/1p1nq1bp/2p2pp1/p1p1p3/4P3/P1NP1N1P/1PPB1PP1/1R1QR1K1 b - - 1 13
b7b5,r1br2k1/1p1nq1bp/2p2pp1/p1p1p3/4P3/P1NP1N1P/1PPBQPP1/1R2R1K1 b - - 3 14
d7f8,r1br2k1/3nq1bp/2p2pp1/ppp1p3/4P3/P2P1N1P/1PPBQPP1/1R1NR1K1 b - - 1 15
c5b4,r1br1nk1/4q1bp/2p2pp1/ppp1p3/1P2P3/P2P1N1P/2PBQPP1/1R1NR1K1 b - - 0 16
a5a4,r1br1nk1/4q1bp/2p2pp1/pp2p3/1P2P3/3P1N1P/2PBQPP1/1R1NR1K1 b - - 0 17
f8e6,r1br1nk1/4q1bp/2p2pp1/1p2p3/pPP1P3/3P1N1P/3BQPP1/1R1NR1K1 b - - 0 18
e6c7,r1br2k1/4q1bp/2p1npp1/1p2p3/pPP1P3/2NP1N1P/3BQPP1/1R2R1K1 b - - 2 19
c8e6,r1br2k1/2n1q1bp/2p2pp1/1p2p3/pPP1P3/2NPBN1P/4QPP1/1R2R1K1 b - - 4 20
e7f7,r2r2k1/2n1q1bp/2p1bpp1/1pB1p3/pPP1P3/2NP1N1P/4QPP1/1R2R1K1 b - - 6 21
c7b5,r2r2k1/2n2qbp/2p1bpp1/1PB1p3/pP2P3/2NP1N1P/4QPP1/1R2R1K1 b - - 0 22
c6b5,r2r2k1/5qbp/2p1bpp1/1NB1p3/pP2P3/3P1N1P/4QPP1/1R2R1K1 b - - 0 23
e6c4,r2r2k1/5qbp/4bpp1/1pB1p3/pP1PP3/5N1P/4QPP1/1R2R1K1 b - - 0 24
e5d4,r2r2k1/5qbp/5pp1/1pB1p3/pPbPP3/4QN1P/5PP1/1R2R1K1 b - - 2 25
a4a3,r2r2k1/5qbp/5pp1/1p6/pPbBP3/4QN1P/5PP1/1R2R1K1 b - - 0 26
a3a2,r2r2k1/5qbp/5pp1/1p2P3/1PbB4/p3QN1P/5PP1/1R2R1K1 b - - 0 27
d8e8,r2r2k1/5qbp/5pp1/1p2P3/1PbB4/4QN1P/p4PP1/R3R1K1 b - - 1 28
f6e5,r3r1k1/5qbp/5pp1/1p2P3/1PbB4/2Q2N1P/p4PP1/R3R1K1 b - - 3 29
c5c4,rnb1k2r/pp2qpp1/4p2p/2ppP3/3P4/2PB1P2/P1PQ2PP/R3K1NR b KQkq - 1 10
b8c6,rnb1k2r/pp2qpp1/4p2p/3pP3/2pP4/2P2P2/P1PQB1PP/R3K1NR b KQkq - 1 11
c8d7,r1b1k2r/pp2qpp1/2n1p2p/3pP3/2pP4/2P2P1N/P1PQB1PP/R3K2R b KQkq - 3 12
e8c8,r3k2r/pp1bqpp1/2n1p2p/3pP3/2pP4/2P2P2/P1PQBNPP/R3K2R b KQkq - 5 13
c8c7,2kr3r/pp1bqpp1/2n1p2p/3pP3/2pP4/2P2P2/P1PQBNPP/R4RK1 b - - 7 14
d8b8,3r3r/ppkbqpp1/2n1p2p/3pP3/2pP4/2P2P2/P1PQBNPP/1R3RK1 b - - 9 15
b7b5,1r5r/ppkbqpp1/2n1p2p/3pP3/2pP4/2P2P2/P1P1BNPP/1RQ2RK1 b - - 11 16
a7a5,1r5r/p1kbqpp1/2n1p2p/1p1pP3/2pP4/2P2P2/P1P1B1PP/1RQN1RK1 b - - 1 17
h6h5,1r5r/2kbqpp1/2n1p2p/pp1pP3/2pP4/2P2P2/PNP1B1PP/1RQ2RK1 b - - 1 18
b5b4,1r5r/2kbqpp1/2n1p3/pp1pP2p/P1pP4/2P2P2/1NP1B1PP/1RQ2RK1 b - - 0 19
a5b4,1r5r/2kbqpp1/2n1p3/p2pP2p/PPpP4/5P2/1NP1B1PP/1RQ2RK1 b - - 0 20
b4b3,1r5r/2kbqpp1/2n1p3/3pP2p/PppP4/2P2P2/1N2B1PP/1RQ2RK1 b - - 0 21
c6a5,1r5r/2kbqpp1/2n1p3/3pP2p/P1pP4/1pP2P2/4B1PP/1RQN1RK1 b - - 1 22
g7g6,1r5r/2kbqpp1/4p3/n2pP2p/P1pP4/1pP1NP2/4B1PP/1RQ2RK1 b - - 3 23
b8b6,1r5r/2kbqp2/4p1p1/n2pP2p/P1pP1P2/1pP1N3/4B1PP/1RQ2RK1 b - - 0 24
h8a8,7r/2kbqp2/1r2p1p1/n2pP2p/P1pP1P2/1pP1N3/6PP/1RQB1RK1 b - - 2 25
d7a4,r7/2kbqp2/1r2p1p1/n2pP2p/P1pP1P2/1pP1N3/5RPP/1RQB2K1 b - - 4 26
a4c6,r7/2k1qp2/1r2p1p1/n2pP2p/b1pP1P2/1pP1N3/1R4PP/1RQB2K1 b - - 1 27
a5b3,r7/2k1qp2/1rb1p1p1/n2pP2p/2pP1P2/1BP1N3/1R4PP/1RQ3K1 b - - 0 28
a8b8,r7/2k1qp2/1rb1p1p1/3pP2p/2pP1P2/1nP1N3/1RQ3PP/1R4K1 b - - 1 29
a1d1,r2q1rk1/pb3ppp/1pnbpn2/2pp4/3P4/2PBPNB1/PP1NQPPP/R3K2R w KQ - 2 10
e3e4,r2q1rk1/pb3pp1/1pnbpn1p/2pp4/3P4/2PBPNB1/PP1NQPPP/3RK2R w K - 0 11
e4e5,r2q1rk1/pb2bpp1/1pn1pn1p/2pp4/3PP3/2PB1NB1/PP1NQPPP/3RK2R w K - 1 12
a2a3,r2q1rk1/pb2bpp1/1pn1p2p/2ppP2n/3P4/2PB1NB1/PP1NQPPP/3RK2R w K - 1 13
d2f1,r2q1rk1/1b2bpp1/1pn1p2p/p1ppP2n/3P4/P1PB1NB1/1P1NQPPP/3RK2R w K - 0 14
f1e3,r2q1rk1/1b2bpp1/1pn1p2p/2ppP2n/p2P4/P1PB1NB1/1P2QPPP/3RKN1R w K - 0 15
f3d4,r2q1rk1/1b2bpp1/1pn1p2p/3pP2n/p2p4/P1PBNNB1/1P2QPPP/3RK2R w K - 0 16
c3d4,r2q1rk1/1b2bpp1/1p2p2p/3pP2n/p2n4/P1PBN1B1/1P2QPPP/3RK2R w K - 0 17
h2g3,r2q1rk1/1b2bpp1/1p2p2p/3pP3/p2P4/P2BN1n1/1P2QPPP/3RK2R w K - 0 18
e5f6,r2q1rk1/1b2b1p1/1p2p2p/3pPp2/p2P4/P2BN1P1/1P2QPP1/3RK2R w K f6 0 19
d3b1,r2q1rk1/1b4p1/1p2pb1p/3p4/p2P4/P2BN1P1/1P2QPP1/3RK2R w K - 0 20
e2g4,2rq1rk1/1b4p1/1p2pb1p/3p4/p2P4/P3N1P1/1P2QPP1/1B1RK2R w K - 2 21
h1h6,2r2rk1/1b2q1p1/1p2pb1p/3p4/p2P2Q1/P3N1P1/1P3PP1/1B1RK2R w K - 4 22
h6h1,2r2rk1/1b4p1/1p1qpb1R/3p4/p2P2Q1/P3N1P1/1P3PP1/1B1RK3 w - - 1 23
b1g6,2r2r2/1b3kp1/1p1qpb2/3p4/p2P2Q1/P3N1P1/1P3PP1/1B1RK2R w - - 3 24
f2f3,2r2r2/1b2k1p1/1p1qpbB1/3p4/p2P2Q1/P3N1P1/1P3PP1/3RK2R w - - 5 25
e1f2,2r2r2/1b1k2p1/1p1qpbB1/3p4/p2P2Q1/P3NPP1/1P4P1/3RK2R w - - 1 26
h1e1,2r2r2/1bk3p1/1p1qpbB1/3p4/p2P2Q1/P3NPP1/1P3KP1/3R3R w - - 3 27
d1d2,1kr2r2/1b4p1/1p1qpbB1/3p4/p2P2Q1/P3NPP1/1P3KP1/3RR3 w - - 5 28
e3c2,1kr2r2/1b1q2p1/1p2pbB1/3p4/p2P2Q1/P3NPP1/1P1R1KP1/4R3 w - - 7 29
f3e2,r2qkb1r/pp3ppp/2p2p2/4n3/8/2P2Q1P/PP1P1PP1/R1B1KB1R w KQkq - 0 10
d2d4,r2qk2r/pp2bppp/2p2p2/4n3/8/2P4P/PP1PQPP1/R1B1KB1R w KQkq - 2 11
c1e3,r2qk2r/pp2bppp/2p2pn1/8/3P4/2P4P/PP2QPP1/R1B1KB1R w KQkq - 1 12
e1c1,r2q1rk1/pp2bppp/2p2pn1/8/3P4/2P1B2P/PP2QPP1/R3KB1R w KQ - 3 13
c1b1,r2q1rk1/pp3ppp/2pb1pn1/8/3P4/2P1B2P/PP2QPP1/2KR1B1R w - - 5 14
g2g3,r2qr1k1/pp3ppp/2pb1pn1/8/3P4/2P1B2P/PP2QPP1/1K1R1B1R w - - 7 15
d1e1,r3r1k1/pp2qppp/2pb1pn1/8/3P4/2P1B1PP/PP2QP2/1K1R1B1R w - - 1 16
e2c2,r3r1k1/pp2qppp/2pb2n1/5p2/3P4/2P1B1PP/PP2QP2/1K2RB1R w - - 0 17
g3f4,r3r1k1/pp2qppp/2pb2n1/8/3P1p2/2P1B1PP/PPQ2P2/1K2RB1R w - - 0 18
f1c4,r3r1k1/pp2qppp/2pb4/8/3P1n2/2P1B2P/PPQ2P2/1K2RB1R w - - 0 19
a2a3,r3r1k1/pp3ppp/2pb1q2/8/2BP1n2/2P1B2P/PPQ2P2/1K2R2R w - - 2 20
h3h4,r3r1k1/1p3ppp/2pb1q2/p7/2BP1n2/P1P1B2P/1PQ2P2/1K2R2R w - - 0 21
c4b3,r3r1k1/5ppp/2pb1q2/pp6/2BP1n1P/P1P1B3/1PQ2P2/1K2R2R w - - 0 22
c3b4,r3r1k1/5ppp/2pb1q2/p7/1p1P1n1P/PBP1B3/1PQ2P2/1K2R2R w - - 0 23
a3a4,r3r1k1/5ppp/2pb1q2/8/1p1P1n1P/PB2B3/1PQ2P2/1K2R2R w - - 0 24
e1e2,r3r1k1/5ppp/2pb1q2/8/Pp1P3P/1B2B3/1PQ2Pn1/1K2R2R w - - 1 25
e2e1,r3r1k1/5ppp/2pb1q2/8/Pp1P1n1P/1B2B3/1PQ1RP2/1K5R w - - 3 26
e1e2,r3r1k1/5ppp/2pb1q2/8/Pp1P3P/1B2B3/1PQ2Pn1/1K2R2R w - - 5 27
e2e1,r3r1k1/5ppp/2pb1q2/8/Pp1P1n1P/1B2B3/1PQ1RP2/1K5R w - - 7 28
c5d4,r2qkb1r/pb1n1ppp/1p2p3/2ppP3/3N1P2/P1NB4/1PP3PP/R1BQ1RK1 b kq - 0 10
g7g6,r2qkb1r/pb1n1ppp/1p2p3/3pP3/3p1P2/P2B4/1PP1N1PP/R1BQ1RK1 b kq - 1 11
f8c5,r2qkb1r/pb1n1p1p/1p2p1p1/3pP3/3N1P2/P2B4/1PP3PP/R1BQ1RK1 b kq - 0 12
e8g8,r2qk2r/pb1n1p1p/1p2p1p1/2bpP3/3N1P2/P2BB3/1PP3PP/R2Q1RK1 b kq - 2 13
c5e7,r2q1rk1/pb1n1p1p/1p2p1p1/2bpP3/1P1N1P2/P2BB3/2P3PP/R2Q1RK1 b - - 0 14
a8c8,r2q1rk1/pb1nbp1p/1p2p1p1/3pP3/1P1N1PQ1/P2BB3/2P3PP/R4RK1 b - - 2 15
g8h8,2rq1rk1/pb1nbp1p/1p2p1p1/3pP3/1P1N1P2/P2BB1Q1/2P3PP/R4RK1 b - - 4 16
e6f5,2rq1r1k/pb1nbp1p/1p2p1p1/3pPP2/1P1N4/P2BB1Q1/2P3PP/R4RK1 b - - 0 17
d7f6,2rq1r1k/pb1nbp1p/1p2P1p1/3p1p2/1P1N4/P2BB1Q1/2P3PP/R4RK1 b - - 0 18
f8f7,2rq1r1k/pb2bP1p/1p3np1/3p1p2/1P1N4/P2BB1Q1/2P3PP/R4RK1 b - - 0 19
f6e4,2rq3k/pb2br1p/1p3np1/3p1p2/1P1N1B2/P2B2Q1/2P3PP/R4RK1 b - - 1 20
h8g8,2rq3k/pb2br1p/1p4p1/3pBp2/1P1Nn3/P2B2Q1/2P3PP/R4RK1 b - - 3 21
d5e4,2rq2k1/pb2br1p/1p4p1/3pBp2/1P1NB3/P5Q1/2P3PP/R4RK1 b - - 0 22
d8f8,2rq2k1/pb2br1p/1p4p1/4Bp2/1P1Np3/P5Q1/2P3PP/3R1RK1 b - - 1 23
f8e8,2r2qk1/pb2br1p/1p2N1p1/4Bp2/1P2p3/P5Q1/2P3PP/3R1RK1 b - - 3 24
e8c6,2r1q1k1/pbN1br1p/1p4p1/4Bp2/1P2p3/P5Q1/2P3PP/3R1RK1 b - - 5 25
e7f8,2r3k1/pb2br1p/1pq3p1/3NBp2/1P2p3/P5Q1/2P3PP/3R1RK1 b - - 7 26
c8e8,2r2bk1/pb3r1p/1pq3p1/3NBp2/1P2p2P/P5Q1/2P3P1/3R1RK1 b - - 0 27
f8g7,4rbk1/pb3r1p/1pq3p1/3N1p2/1P2p2P/P5Q1/2P3P1/B2R1RK1 b - - 2 28
g8g7,4r1k1/pb3rBp/1pq3p1/3N1p2/1P2p2P/P5Q1/2P3P1/3R1RK1 b - - 0 29
f2f4,r2qk2r/ppp2ppp/2nb1n2/4p3/3pP3/3P2P1/PPPBNPBP/R2QK1NR w KQkq - 4 10
g1f3,r2qk2r/ppp2pp1/2nb1n2/4p2p/3pPP2/3P2P1/PPPBN1BP/R2QK1NR w KQkq - 0 11
f3h4,r3k2r/ppp1qpp1/2nb1n2/4p2p/3pPP2/3P1NP1/PPPBN1BP/R2QK2R w KQkq - 2 12
h4f5,2kr3r/ppp1qpp1/2nb1n2/4p2p/3pPP1N/3P2P1/PPPBN1BP/R2QK2R w KQ - 4 13
f5d6,2kr1q1r/ppp2pp1/2nb1n2/4pN1p/3pPP2/3P2P1/PPPBN1BP/R2QK2R w KQ - 6 14
c2c3,2kr1q1r/pp3pp1/2np1n2/4p2p/3pPP2/3P2P1/PPPBN1BP/R2QK2R w KQ - 0 15
f4f5,2kr1q1r/pp3pp1/2np1n2/4p3/3pPP1p/2PP2P1/PP1BN1BP/R2QK2R w KQ - 0 16
h2g3,2kr1q1r/pp3pp1/2np1n2/4pP2/3pP3/2PP2p1/PP1BN1BP/R2QK2R w KQ - 0 17
d2c3,2kr1q1r/pp3pp1/2np1n2/4pP2/4P3/2pP2P1/PP1BN1B1/R2QK2R w KQ - 0 18
g2h1,2kr1q2/pp3pp1/2np1n2/4pP2/4P3/2BP2P1/PP2N1B1/R2QK2r w Q - 0 19
d1a4,2kr1q2/pp3pp1/2n2n2/3ppP2/4P3/2BP2P1/PP2N3/R2QK2B w Q - 0 20
c3d2,2kr1q2/pp3pp1/2n2n2/4pP2/Q2pP3/2BP2P1/PP2N3/R3K2B w Q - 0 21
h1f3,1k1r1q2/pp3pp1/2n2n2/4pP2/Q2pP3/3P2P1/PP1BN3/R3K2B w Q - 2 22
e1c1,1k1r3q/pp3pp1/2n2n2/4pP2/Q2pP3/3P1BP1/PP1BN3/R3K3 w Q - 4 23
c1b1,1k1rq3/pp3pp1/2n2n2/4pP2/Q2pP3/3P1BP1/PP1BN3/2KR4 w - - 6 24
d1c1,1k1rq3/pp1n1pp1/2n5/4pP2/Q2pP3/3P1BP1/PP1BN3/1K1R4 w - - 8 25
a4b3,1k1rq3/pp3pp1/1nn5/4pP2/Q2pP3/3P1BP1/PP1BN3/1KR5 w - - 10 26
g3g4,1k1rq3/pp4p1/1nn2p2/4pP2/3pP3/1Q1P1BP1/PP1BN3/1KR5 w - - 0 27
a2a3,k2rq3/pp4p1/1nn2p2/4pP2/3pP1P1/1Q1P1B2/PP1BN3/1KR5 w - - 1 28
e2g3,k1r1q3/pp4p1/1nn2p2/4pP2/3pP1P1/PQ1P1B2/1P1BN3/1KR5 w - - 1 29
d4e5,r1bq1rk1/1ppnn1bp/p2p1pp1/4p3/3PP2B/2N2N2/PPPQ1PPP/2KR1B1R w - - 0 10
c3d5,r1bq1rk1/1ppnn1bp/p2p2p1/4p3/4P2B/2N2N2/PPPQ1PPP/2KR1B1R w - - 0 11
f1c4,r1bq1rk1/1pp1n1bp/p2p1np1/3Np3/4P2B/5N2/PPPQ1PPP/2KR1B1R w - - 2 12
c4d5,r1bq1rk1/1pp3bp/p2p1np1/3np3/2B1P2B/5N2/PPPQ1PPP/2KR3R w - - 0 13
d5b3,r1bq1r1k/1pp3bp/p2p1np1/3Bp3/4P2B/5N2/PPPQ1PPP/2KR3R w - - 1 14
d2e2,r1b1qr1k/1pp3bp/p2p1np1/4p3/4P2B/1B3N2/PPPQ1PPP/2KR3R w - - 3 15
h4g5,r1b1qr1k/1pp3bp/p2p2p1/4p2n/4P2B/1B3N2/PPP1QPPP/2KR3R w - - 5 16
d1d3,r3qr1k/1pp3bp/p2p2p1/4p1Bn/4P1b1/1B3N2/PPP1QPPP/2KR3R w - - 7 17
c2c3,r3qr1k/1pp3bp/3p2p1/p3p1Bn/4P1b1/1B1R1N2/PPP1QPPP/2K4R w - - 0 18
b3c2,r3qr1k/1pp3bp/3p2p1/4p1Bn/p3P1b1/1BPR1N2/PP2QPPP/2K4R w - - 0 19
b2b3,r3qr1k/1pp3bp/3p2p1/4p1Bn/4P1b1/p1PR1N2/PPB1QPPP/2K4R w - - 0 20
h1e1,r4r1k/1pp3bp/2qp2p1/4p1Bn/4P1b1/pPPR1N2/P1B1QPPP/2K4R w - - 1 21
g5f4,r4r1k/1pp3bp/2qp2p1/4p1B1/4Pnb1/pPPR1N2/P1B1QPPP/2K1R3 w - - 3 22
e2d2,r4r1k/1pp3bp/2qp2p1/8/4Ppb1/pPPR1N2/P1B1QPPP/2K1R3 w - - 0 23
h2h3,4rr1k/1pp3bp/2qp2p1/8/4Ppb1/pPPR1N2/P1BQ1PPP/2K1R3 w - - 2 24
d3f3,4rr1k/1pp3bp/2qp2p1/8/4Pp2/pPPR1b1P/P1BQ1PP1/2K1R3 w - - 0 25
c1b1,4rr1k/1pp3bp/3p2p1/2q5/4Pp2/pPP2R1P/P1BQ1PP1/2K1R3 w - - 1 26
b3b4,4rr1k/2p3bp/3p2p1/1pq5/4Pp2/pPP2R1P/P1BQ1PP1/1K2R3 w - - 0 27
c2b3,4rr1k/2p3bp/3p2p1/1p2q3/1P2Pp2/p1P2R1P/P1BQ1PP1/1K2R3 w - - 1 28
b4c5,4rr1k/6bp/3p2p1/1pp1q3/1P2Pp2/pBP2R1P/P2Q1PP1/1K2R3 w - - 0 29
f8g7,rnb1kb1r/pp3p1p/1qp3p1/5p2/1P6/P1N1P3/3P1PPP/2RQKBNR b Kkq - 0 10
e8g8,rnb1k2r/pp3pbp/1qp3p1/5p2/1PB5/P1N1P3/3P1PPP/2RQK1NR b Kkq - 2 11
a7a5,rnb2rk1/pp3pbp/1qp3p1/5p2/1PB5/P1N1P3/3PNPPP/2RQK2R b K - 4 12
c8d7,rnb2rk1/1p3pbp/1qp3p1/pP3p2/2B5/P1N1P3/3PNPPP/2RQK2R b K - 0 13
b8c6,rn3rk1/1p1b1pbp/1qP3p1/p4p2/2B5/P1N1P3/3PNPPP/2RQK2R b K - 0 14
a8c8,r4rk1/1p1b1pbp/1qn3p1/p4p2/2BP4/P1N1P3/4NPPP/2RQK2R b K - 0 15
c6d4,2r2rk1/1p1b1pbp/1qn3p1/p4p2/2BP4/P1N1P3/4NPPP/2RQ1RK1 b - - 2 16
f8f7,2r2rk1/1p1b1Bbp/1q4p1/p4p2/3n4/P1N1P3/4NPPP/2RQ1RK1 b - - 0 17
g7d4,2r3k1/1p1b1rbp/1q4p1/p4p2/3N4/P1N1P3/5PPP/2RQ1RK1 b - - 0 18
c8d8,2r3k1/1p1b1r1p/1q4p1/p4p2/3P4/P1N5/5PPP/2RQ1RK1 b - - 0 19
b6d6,3r2k1/1p1b1r1p/1q4p1/p2N1p2/3P4/P7/5PPP/2RQ1RK1 b - - 2 20
d7c6,3r2k1/1p1b1r1p/3q2p1/p4p2/3P4/P1N5/5PPP/2RQ1RK1 b - - 4 21
d6d4,3r2k1/1p3r1p/2bq2p1/p4p2/3P4/PQN5/5PPP/2R2RK1 b - - 6 22
d4f6,3r2k1/1p3r1p/2b3p1/p4p2/3q4/PQN5/5PPP/3R1RK1 b - - 1 23
g8g7,3r2k1/1p3r1p/2b2qp1/p4p2/8/PQN2P2/6PP/3R1RK1 b - - 0 24
f7d7,3r4/1p3rkp/2b2qp1/p4p2/2Q5/P1N2P2/6PP/3R1RK1 b - - 2 25
d8d7,3r4/1p1R2kp/2b2qp1/p4p2/2Q5/P1N2P2/6PP/5RK1 b - - 0 26
f6d4,8/1p1r2kp/2b2qp1/p4p2/2Q5/P1N2P2/6PP/5R1K b - - 1 27
a5a4,8/1p1r2kp/2b3p1/p4p2/3q4/PQN2P2/6PP/5R1K b - - 3 28
d4d3,8/1p1r2kp/2b3p1/5p2/p2q4/P1N2P2/2Q3PP/5R1K b - - 1 29
f3d4,r1bq1rk1/ppp1b1pp/2n2p2/3n4/3p4/5N2/PPP2PPP/RNBQRBK1 w - - 0 10
d1d4,r1bq1rk1/ppp1b1pp/5p2/3n4/3n4/8/PPP2PPP/RNBQRBK1 w - - 0 11
f1c4,r1bq1rk1/pp2b1pp/2p2p2/3n4/3Q4/8/PPP2PPP/RNB1RBK1 w - - 0 12
b1c3,r2q1rk1/pp2b1pp/2p2p2/3n1b2/2BQ4/8/PPP2PPP/RNB1R1K1 w - - 2 13
c3d5,r2q1r1k/pp2b1pp/2p2p2/3n1b2/2BQ4/2N5/PPP2PPP/R1B1R1K1 w - - 4 14
c4d3,r2q1r1k/pp2b1pp/5p2/3p1b2/2BQ4/8/PPP2PPP/R1B1R1K1 w - - 0 15
d4d3,r2q1r1k/pp2b1pp/5p2/3p4/3Q4/3b4/PPP2PPP/R1B1R1K1 w - - 0 16
c1e3,r2q1r1k/pp4pp/5p2/2bp4/8/3Q4/PPP2PPP/R1B1R1K1 w - - 1 17
e3c5,2rq1r1k/pp4pp/5p2/2bp4/8/3QB3/PPP2PPP/R3R1K1 w - - 3 18
c2c3,3q1r1k/pp4pp/5p2/2rp4/8/3Q4/PPP2PPP/R3R1K1 w - - 0 19
a1d1,5r1k/pp1q2pp/5p2/2rp4/8/2PQ4/PP3PPP/R3R1K1 w - - 1 20
h2h3,3r3k/pp1q2pp/5p2/2rp4/8/2PQ4/PP3PPP/3RR1K1 w - - 3 21
e1e2,3r3k/p2q2pp/1p3p2/2rp4/8/2PQ3P/PP3PP1/3RR1K1 w - - 0 22
e2d2,3r3k/p2q2p1/1p3p1p/2rp4/8/2PQ3P/PP2RPP1/3R2K1 w - - 0 23
d3f3,3r3k/p1rq2p1/1p3p1p/3p4/8/2PQ3P/PP1R1PP1/3R2K1 w - - 2 24
d2d4,3r3k/p2q2p1/1p3p1p/2rp4/8/2P2Q1P/PP1R1PP1/3R2K1 w - - 4 25
d1d2,3r3k/p5p1/1p3p1p/1qrp4/3R4/2P2Q1P/PP3PP1/3R2K1 w - - 6 26
a2a3,4r2k/p5p1/1p3p1p/1qrp4/3R4/2P2Q1P/PP1R1PP1/6K1 w - - 8 27
g1h2,4r2k/p5p1/1pq2p1p/2rp4/3R4/P1P2Q1P/1P1R1PP1/6K1 w - - 1 28
d2e2,7k/p5p1/1pq2p1p/2rpr3/3R4/P1P2Q1P/1P1R1PPK/8 w - - 3 29
c5d4,rn1q1rk1/pp1nppbp/3p2p1/2p5/2PPP3/2N1BB2/PP3PPP/2RQ1RK1 b - - 1 10
g7d4,rn1q1rk1/pp1nppbp/3p2p1/8/2PBP3/2N2B2/PP3PPP/2RQ1RK1 b - - 0 11
b8c6,rn1q1rk1/pp1npp1p/3p2p1/8/2PQP3/2N2B2/PP3PPP/2R2RK1 b - - 0 12
d7e5,r2q1rk1/pp1npp1p/2np2p1/8/2P1P3/2N2B2/PP1Q1PPP/2R2RK1 b - - 2 13
a8c8,r2q1rk1/pp2pp1p/2np2p1/4n3/2P1P3/2N5/PP1QBPPP/2R2RK1 b - - 4 14
d8b6,2rq1rk1/pp2pp1p/2np2p1/4n3/2P1P3/1PN5/P2QBPPP/2R2RK1 b - - 0 15
f8e8,2r2rk1/pp2pp1p/1qnp2p1/4n3/2P1P3/1PN5/P2QBPPP/2R2R1K b - - 2 16
b6a5,2r1r1k1/pp2pp1p/1qnp2p1/3Nn3/2P1P3/1P6/P2QBPPP/2R2R1K b - - 4 17
c6b4,2r1r1k1/pp2pp1p/2np2p1/q2Nn3/2P1P3/1P6/PQ2BPPP/2R2R1K b - - 6 18
b4d5,2r1r1k1/pp2pp1p/3p2p1/q2Nn3/1nP1P3/1P6/PQ2BPPP/R4R1K b - - 8 19
e7e6,2r1r1k1/pp2pp1p/3p2p1/q2Pn3/2P5/1P6/PQ2BPPP/R4R1K b - - 0 20
e5d7,2r1r1k1/pp3p1p/3pp1p1/q2Pn3/2P2P2/1P6/PQ2B1PP/R4R1K b - - 0 21
f7e6,2r1r1k1/pp1n1p1p/3pP1p1/q7/2P2P2/1P6/PQ2B1PP/R4R1K b - - 0 22
a5c7,2r1r1k1/pp1n3p/3pp1p1/q7/2P2P2/1P6/PQ2B1PP/3R1R1K b - - 1 23
b7b6,2r1r1k1/ppqn3p/3pp1p1/8/2PQ1P2/1P6/P3B1PP/3R1R1K b - - 3 24
c7d6,2r1r1k1/p1qn3p/1p1Qp1p1/8/2P2P2/1P6/P3B1PP/3R1R1K b - - 0 25
d7f8,2r1r1k1/p2n3p/1p1Rp1p1/8/2P2P2/1P6/P3B1PP/5R1K b - - 0 26
g8f7,2r1rnk1/p6p/1p1Rp1p1/8/2P2P2/1P3B2/P5PP/5R1K b - - 2 27
f7e7,2r1rn2/p4k1p/1p1Rp1p1/8/2P2P2/1P3B2/P5PP/3R3K b - - 4 28
c8c7,2r1rn2/p3k2p/1p1Rp1p1/8/2P2P2/1P3B2/P5PP/3R2K1 b - - 6 29
f4f5,r1bq1rk1/pp3ppp/2nb1n2/2p1p3/3pPP2/3P1NP1/PPP1N1BP/R1BQ1RK1 w - - 5 10
h2h3,r1bq1rk1/p4ppp/2nb1n2/1pp1pP2/3pP3/3P1NP1/PPP1N1BP/R1BQ1RK1 w - - 0 11
c1g5,r1bq1rk1/p4pp1/2nb1n2/1pp1pP1p/3pP3/3P1NPP/PPP1N1B1/R1BQ1RK1 w - - 0 12
g5f6,r1bq1rk1/p3bpp1/2n2n2/1pp1pPBp/3pP3/3P1NPP/PPP1N1B1/R2Q1RK1 w - - 2 13
g3g4,r1bq1rk1/p4pp1/2n2b2/1pp1pP1p/3pP3/3P1NPP/PPP1N1B1/R2Q1RK1 w - - 0 14
h3g4,r1bq1rk1/p4pp1/2n2b2/1pp1pP2/3pP1p1/3P1N1P/PPP1N1B1/R2Q1RK1 w - - 0 15
f3g5,r1bq1rk1/p4pp1/2n5/1pp1pPb1/3pP1P1/3P1N2/PPP1N1B1/R2Q1RK1 w - - 1 16
g2f3,r1b2rk1/p4pp1/2n5/1pp1pPq1/3pP1P1/3P4/PPP1N1B1/R2Q1RK1 w - - 0 17
g1g2,r4rk1/pb3pp1/2n5/1pp1pPq1/3pP1P1/3P1B2/PPP1N3/R2Q1RK1 w - - 2 18
f1h1,r4rk1/pb2npp1/8/1pp1pPq1/3pP1P1/3P1B2/PPP1N1K1/R2Q1R2 w - - 4 19
h1h5,r4rk1/pb2npp1/8/1p2pPq1/2ppP1P1/3P1B2/PPP1N1K1/R2Q3R w - - 0 20
g4g5,r4rk1/pb2npp1/5q2/1p2pP1R/2ppP1P1/3P1B2/PPP1N1K1/R2Q4 w - - 2 21
d1h1,r4rk1/pb2npp1/3q4/1p2pPPR/2ppP3/3P1B2/PPP1N1K1/R2Q4 w - - 1 22
g5g6,r4rk1/pb2n1p1/3q1p2/1p2pPPR/2ppP3/3P1B2/PPP1N1K1/R6Q w - - 0 23
f6e4,r2q1rk1/pbp1bppp/1pn1pn2/8/4N3/3P2P1/PPPN1PBP/R1B1QRK1 b - - 0 10
d8c8,r2q1rk1/pbp1bppp/1pn1p3/8/4N3/3P2P1/PPP2PBP/R1B1QRK1 b - - 0 11
f8d8,r1q2rk1/pbp1bppp/1pn1p3/8/4N3/3P2P1/PPP2PBP/R1BQ1RK1 b - - 2 12
c6d4,r1qr2k1/pbp1bppp/1pn1p3/8/4N3/3P2P1/PPP2PBP/R1BQR1K1 b - - 4 13
e7f8,r1qr2k1/pbp1bppp/1p2p3/8/3nN3/3P2P1/PPPB1PBP/R2QR1K1 b - - 6 14
d4f5,r1qr1bk1/pbp2ppp/1p2p3/8/3nN3/2BP2P1/PPP2PBP/R2QR1K1 b - - 8 15
b7g2,r1qr1bk1/pbp2ppp/1p2p3/5n2/8/2BP2P1/PPPN1PBP/R2QR1K1 b - - 10 16
c8b7,r1qr1bk1/p1p2ppp/1p2p3/5n2/8/2BP2P1/PPPN1PKP/R2QR3 b - - 0 17
b7f3,r2r1bk1/pqp2ppp/1p2p3/5n2/8/2BP1QP1/PPPN1PKP/R3R3 b - - 2 18
c7c5,r2r1bk1/p1p2ppp/1p2p3/5n2/8/2BP1NP1/PPP2PKP/R3R3 b - - 0 19
f8e7,r2r1bk1/p4ppp/1p2p3/2p2n2/8/P1BP1NP1/1PP2PKP/R3R3 b - - 0 20
e7f6,r2r2k1/p3bppp/1p2p3/2p1Nn2/8/P1BP2P1/1PP2PKP/R3R3 b - - 2 21
d8c8,r2r2k1/p4ppp/1pN1pb2/2p2n2/8/P1BP2P1/1PP2PKP/R3R3 b - - 4 22
f6e5,r1r3k1/p4ppp/1p2pb2/2p1Nn2/8/P1BP2P1/1PP2PKP/R3R3 b - - 6 23
f7f6,r1r3k1/p4ppp/1p2p3/2p1Bn2/8/P2P2P1/1PP2PKP/R3R3 b - - 0 24
e6e5,r1r3k1/p5pp/1p2pp2/2p2n2/8/P1BP2P1/1PP2PKP/R3R3 b - - 1 25
e5f4,r1r3k1/p5pp/1p3p2/2p1pn2/5P2/P1BP2P1/1PP3KP/R3R3 b - - 0 26
g8f7,r1r3k1/p5pp/1p3p2/2p2n2/5P2/P1BP4/1PP3KP/R3R3 b - - 0 27
c8e8,r1r5/p4kpp/1p3p2/2p2n2/5P2/P1BP1K2/1PP4P/R3R3 b - - 2 28
f5d6,r3r3/p4kpp/1p3p2/2p2n2/4RP2/P1BP1K2/1PP4P/R7 b - - 4 29
d3e4,r2qkb1r/ppp2ppp/2n1bn2/4p3/4p3/2NP1NPP/PPPB1PB1/R2QK2R w KQkq - 0 10
e1g1,r2qk2r/ppp2ppp/2n1bn2/2b1p3/4P3/2N2NPP/PPPB1PB1/R2QK2R w KQkq - 1 11
g1h2,r2q1rk1/ppp2ppp/2n1bn2/2b1p3/4P3/2N2NPP/PPPB1PB1/R2Q1RK1 w - - 3 12
d2g5,r2q1rk1/ppp2ppp/2n2n2/2b1p3/2b1P3/2N2NPP/PPPB1PBK/R2Q1R2 w - - 5 13
d1f1,r2q1rk1/ppp2ppp/2n2n2/2b1p1B1/4P3/2N2NPP/PPP2PBK/R2Q1b2 w - - 0 14
a1d1,r2q1rk1/ppp2pp1/2n2n1p/2b1p1B1/4P3/2N2NPP/PPP2PBK/R4Q2 w - - 0 15
g5e3,r2q1rk1/ppp2pp1/2nb1n1p/4p1B1/4P3/2N2NPP/PPP2PBK/3R1Q2 w - - 2 16
f3h4,r2qr1k1/ppp2pp1/2nb1n1p/4p3/4P3/2N1BNPP/PPP2PBK/3R1Q2 w - - 4 17
h4f5,r2qrbk1/ppp2pp1/2n2n1p/4p3/4P2N/2N1B1PP/PPP2PBK/3R1Q2 w - - 6 18
g3g4,r1q1rbk1/ppp2pp1/2n2n1p/4pN2/4P3/2N1B1PP/PPP2PBK/3R1Q2 w - - 8 19
h3h4,r1q1rbk1/ppp2ppn/2n4p/4pN2/4P1P1/2N1B2P/PPP2PBK/3R1Q2 w - - 1 20
g2f3,r1q1rbk1/ppp2p1n/2n3pp/4pN2/4P1PP/2N1B3/PPP2PBK/3R1Q2 w - - 0 21
g4f5,r1q1rbk1/ppp2p1n/2n4p/4pp2/4P1PP/2N1BB2/PPP2P1K/3R1Q2 w - - 0 22
f1g2,r1q1rb1k/ppp2p1n/2n4p/4pP2/4P2P/2N1BB2/PPP2P1K/3R1Q2 w - - 1 23
e3h6,r1q1r2k/ppp1bp1n/2n4p/4pP2/4P2P/2N1BB2/PPP2PQK/3R4 w - - 3 24
g2h3,r1q3rk/ppp1bp1n/2n4B/4pP2/4P2P/2N2B2/PPP2PQK/3R4 w - - 1 25
c3d5,r1q3rk/ppp1b2n/2n2p1B/4pP2/4P2P/2N2B1Q/PPP2P1K/3R4 w - - 0 26
h6e3,r1q3rk/ppp4n/2nb1p1B/3NpP2/4P2P/5B1Q/PPP2P1K/3R4 w - - 2 27
c2c4,r3q1rk/ppp4n/2nb1p2/3NpP2/4P2P/4BB1Q/PPP2P1K/3R4 w - - 4 28
f3g4,r3q1rk/ppp4n/3b1p2/3NpP2/2PnP2P/4BB1Q/PP3P1K/3R4 w - - 1 29
f3g5,r1bqk2r/bpp2p2/p1np1n1p/4p1p1/2B1P2B/2NP1N1P/PPP2PP1/R2Q1RK1 w kq - 0 10
h4g5,r1bqk2r/bpp2p2/p1np1n2/4p1p1/2B1P2B/2NP3P/PPP2PP1/R2Q1RK1 w kq - 0 11
g5h4,r1bqk1r1/bpp2p2/p1np1n2/4p1B1/2B1P3/2NP3P/PPP2PP1/R2Q1RK1 w q - 1 12
g2g3,r2qk1r1/bpp2p2/p1np1n2/4p3/2B1P2B/2NP3b/PPP2PP1/R2Q1RK1 w q - 0 13
d1f1,r2qk1r1/bpp2p2/p1np1n2/4p3/2B1P2B/2NP2P1/PPP2P2/R2Q1bK1 w q - 0 14
g1g2,r2qk1r1/bpp2p2/p2p1n2/4p3/2BnP2B/2NP2P1/PPP2P2/R4QK1 w q - 1 15
c3d5,r2qk3/bpp2p2/p2p1nr1/4p3/2BnP2B/2NP2P1/PPP2PK1/R4Q2 w q - 3 16
d5f6,r2qk3/bp3p2/p1pp1nr1/3Np3/2BnP2B/3P2P1/PPP2PK1/R4Q2 w q - 0 17
c2c3,r2qk3/bp3p2/p1pp1r2/4p3/2BnP2B/3P2P1/PPP2PK1/R4Q2 w q - 0 18
c4e6,r2qk3/bp3p2/p1ppnr2/4p3/2B1P2B/2PP2P1/PP3PK1/R4Q2 w q - 1 19
f1e2,r2qk3/bp6/p1pppr2/4p3/4P2B/2PP2P1/PP3PK1/R4Q2 w q - 0 20
a1h1,r2q4/bp1k4/p1pppr2/4p3/4P2B/2PP2P1/PP2QPK1/R7 w - - 2 21
h4f6,r4q2/bp1k4/p1pppr2/4p3/4P2B/2PP2P1/PP2QPK1/7R w - - 4 22
h1h7,r7/bp1k4/p1pppq2/4p3/4P3/2PP2P1/PP2QPK1/7R w - - 0 23
e2f3,r1k5/bp5R/p1pppq2/4p3/4P3/2PP2P1/PP2QPK1/8 w - - 2 24
g2f3,r1k5/bp5R/p1ppp3/4p3/4P3/2PP1qP1/PP3PK1/8 w - - 0 25
h7h8,r1k5/1p5R/pbppp3/4p3/4P3/2PP1KP1/PP3P2/8 w - - 1 26
f3g4,r1kb3R/1p6/p1ppp3/4p3/4P3/2PP1KP1/PP3P2/8 w - - 3 27
f2f4,r2b3R/1p1k4/p1ppp3/4p3/4P1K1/2PP2P1/PP3P2/8 w - - 5 28
g3f4,r2b3R/1p1k4/p1ppp3/8/4PpK1/2PP2P1/PP6/8 w - - 0 29
h7d3,rn1qkbnr/pp4pb/2p1p2p/3pP2P/8/3B2N1/PPP2PP1/RNBQK2R b KQkq - 1 10
d8e7,rn1qkbnr/pp4p1/2p1p2p/3pP2P/8/3Q2N1/PPP2PP1/RNB1K2R b KQkq - 0 11
b8d7,rn2kbnr/pp2q1p1/2p1p2p/3pP2P/2P5/3Q2N1/PP3PP1/RNB1K2R b KQkq - 0 12
c6d5,r3kbnr/pp1nq1p1/2p1p2p/3PP2P/8/3Q2N1/PP3PP1/RNB1K2R b KQkq - 0 13
e7f7,r3kbnr/pp1nq1p1/4p2p/3pP2P/5P2/3Q2N1/PP4P1/RNB1K2R b KQkq - 0 14
g8e7,r3kbnr/pp1n1qp1/4p2p/3pP2P/5P2/2NQ2N1/PP4P1/R1B1K2R b KQkq - 2 15
e7c6,r3kb1r/pp1nnqp1/4p2p/1N1pP2P/5P2/3Q2N1/PP4P1/R1B1K2R b KQkq - 4 16
e8d8,r3kb1r/ppNn1qp1/2n1p2p/3pP2P/5P2/3Q2N1/PP4P1/R1B1K2R b KQkq - 6 17
f8b4,N2k1b1r/pp1n1qp1/2n1p2p/3pP2P/5P2/3Q2N1/PP4P1/R1B1K2R b KQ - 0 18
b4c5,N2k3r/pp1n1qp1/2n1p2p/3pP2P/1b3P2/3Q2N1/PP1B2P1/R3K2R b KQ - 2 19
a7a6,N2k3r/pp1n1qp1/2n1p2p/2bpP2P/5P2/3Q2N1/PP1B2P1/2KR3R b - - 4 20
d8c8,N2k3r/1p1n1qp1/p1n1p2p/2bpP2P/5P2/3Q2N1/PP1B2P1/1K1R3R b - - 1 21
c8b8,N1k4r/1p1n1qp1/p1n1p2p/2bpP2P/5P2/3Q2N1/PP1B2P1/1KR4R b - - 3 22
c5e3,Nk5r/1p1n1qp1/p1n1p2p/2bpP2P/5P2/3QB1N1/PP4P1/1KR4R b - - 5 23
b8a8,Nk5r/1p1n1qp1/p1n1p2p/3pP2P/5P2/4Q1N1/PP4P1/1KR4R b - - 0 24
h8c8,k6r/1p1n1qp1/p1n1p2p/3pP2P/5P2/4Q3/PP2N1P1/1KR4R b - - 1 25
c8b8,k1r5/1p1n1qp1/p1n1p2p/3pP2P/5P2/4Q1P1/PP2N3/1KR4R b - - 0 26
c6e7,kr6/1p1n1qp1/p1n1p2p/3pP2P/3N1P2/4Q1P1/PP6/1KR4R b - - 2 27
e7f5,kr6/1p1nnqp1/p3p2p/3pP2P/5P2/1N2Q1P1/PP6/1KR4R b - - 4 28
f7e8,kr6/1p1n1qp1/p3p2p/3pPn1P/5P2/1NQ3P1/PP6/1KR4R b - - 6 29
e5d3,r1bq1rk1/1p2ppbp/p2p1np1/2pPn3/P1P1P3/2NBBP2/1P2N1PP/R2QK2R b KQ - 4 10
e7e5,r1bq1rk1/1p2ppbp/p2p1np1/2pP4/P1P1P3/2NQBP2/1P2N1PP/R3K2R b KQ - 0 11
f6h5,r1bq1rk1/1p3pbp/p2p1np1/2pPp3/P1P1P3/2NQBP2/1P2N1PP/R4RK1 b - - 1 12
h5f6,r1bq1rk1/1p3pbp/p2p2p1/2pPp2n/P1P1P1P1/2NQBP2/1P2N2P/R4RK1 b - - 0 13
a8b8,r1bq1rk1/1p3pbp/p2p1np1/2pPp3/P1P1P1P1/2NQBPN1/1P5P/R4RK1 b - - 2 14
c8d7,1rbq1rk1/1p3pbp/p2p1np1/2pPp3/P1P1P1P1/2NQBPNP/1P6/R4RK1 b - - 0 15
f6e8,1r1q1rk1/1p1b1pbp/p2p1np1/2pPp3/P1P1P1P1/2NQBPNP/1P4K1/R4R2 b - - 2 16
e5f4,1r1qnrk1/1p1b1pbp/p2p2p1/2pPp3/P1P1PPP1/2NQB1NP/1P4K1/R4R2 b - - 0 17
d8e7,1r1qnrk1/1p1b1pbp/p2p2p1/2pP4/P1P1PBP1/2NQ2NP/1P4K1/R4R2 b - - 0 18
g7e5,1r2nrk1/1p1bqpbp/p2p2p1/2pP4/P1P1PBP1/2NQ2NP/1P4K1/4RR2 b - - 2 19
b7b5,1r2nrk1/1p1bqp1p/p2p2p1/2pPb3/P1P1PBP1/1PNQ2NP/6K1/4RR2 b - - 0 20
a6b5,1r2nrk1/3bqp1p/p2p2p1/1PpPb3/2P1PBP1/1PNQ2NP/6K1/4RR2 b - - 0 21
d7b5,1r2nrk1/3bqp1p/3p2p1/1NpPb3/2P1PBP1/1P1Q2NP/6K1/4RR2 b - - 0 22
e8c7,1r2nrk1/4qp1p/3p2p1/1PpPb3/4PBP1/1P1Q2NP/6K1/4RR2 b - - 0 23
e7e5,1r3rk1/2n1qp1p/3p2p1/1PpPB3/4P1P1/1P1Q2NP/6K1/4RR2 b - - 0 24
c5b4,1r3rk1/2n2p1p/3p2p1/1PpPq3/1P2P1P1/3Q2NP/6K1/4RR2 b - - 0 25
b8b5,1r3rk1/2n2p1p/3p2p1/1P1Pq3/1p2P1P1/3Q2NP/6K1/1R3R2 b - - 1 26
b5b7,5rk1/2n2p1p/3p2p1/1r1Pq3/1p2P1P1/3Q2NP/6K1/1RR5 b - - 1 27
c7e8,5rk1/1rn2p1p/2Rp2p1/3Pq3/1p2P1P1/3Q2NP/6K1/1R6 b - - 3 28
e8f6,4nrk1/1r3p1p/2Rp2p1/3Pq3/1pQ1P1P1/6NP/6K1/1R6 b - - 5 29
g1h1,r1bqk2r/1p2bppp/p1n1p3/2npP3/5P2/2NB1N2/PPP3PP/R1BQ1RK1 w kq - 0 10
c2d3,r1bqk2r/1p2bppp/p1n1p3/3pP3/5P2/2Nn1N2/PPP3PP/R1BQ1R1K w kq - 0 11
c3e2,r1bqk2r/1p2bpp1/p1n1p2p/3pP3/5P2/2NP1N2/PP4PP/R1BQ1R1K w kq - 0 12
e2d4,r1bq1rk1/1p2bpp1/p1n1p2p/3pP3/5P2/3P1N2/PP2N1PP/R1BQ1R1K w - - 2 13
f3d4,r1bq1rk1/1p2bpp1/p3p2p/3pP3/3n1P2/3P1N2/PP4PP/R1BQ1R1K w - - 0 14
c1e3,r1bq1rk1/1p3pp1/p3p2p/2bpP3/3N1P2/3P4/PP4PP/R1BQ1R1K w - - 1 15
e3d4,r1bq1rk1/1p3pp1/p3p2p/3pP3/3b1P2/3PB3/PP4PP/R2Q1R1K w - - 0 16
d1g4,r2q1rk1/1p1b1pp1/p3p2p/3pP3/3B1P2/3P4/PP4PP/R2Q1R1K w - - 1 17
f1f3,r2q1rk1/1p3pp1/p3p2p/1b1pP3/3B1PQ1/3P4/PP4PP/R4R1K w - - 3 18
e5f6,r2q1rk1/1p4p1/p3p2p/1b1pPp2/3B1PQ1/3P1R2/PP4PP/R6K w - f6 0 19
f6g7,r2q2k1/1p3rp1/p3pP1p/1b1p4/3B1PQ1/3P1R2/PP4PP/R6K w - - 1 20
a1e1,r5k1/1p2qrP1/p3p2p/1b1p4/3B1PQ1/3P1R2/PP4PP/R6K w - - 1 21
h2h3,4r1k1/1p2qrP1/p3p2p/1b1p4/3B1PQ1/3P1R2/PP4PP/4R2K w - - 3 22
b2b3,4r1k1/1p2qrP1/4p2p/pb1p4/3B1PQ1/3P1R1P/PP4P1/4R2K w - - 0 23
f3e3,4r1k1/1p2qrP1/4p2p/1b1p4/p2B1PQ1/1P1P1R1P/P5P1/4R2K w - - 0 24
a2b3,4r1k1/1p2qrP1/4p2p/1b1p4/3B1PQ1/1p1PR2P/P5P1/4R2K w - - 0 25
b4a3,rn1qk2r/ppp2ppp/2b1p3/8/1bPP4/2P1B3/P1Q2PPP/2KR1BNR b kq - 0 10
b8d7,rn1qk2r/ppp2ppp/2b1p3/8/2PP4/b1P1B3/P1Q2PPP/1K1R1BNR b kq - 2 11
e6d5,r2qk2r/pppn1ppp/2b1p3/3P4/2P5/b1P1B3/P1Q2PPP/1K1R1BNR b kq - 0 12
e8g8,r2qk2r/pppn1ppp/2b5/3P4/8/b1P1B3/P1Q2PPP/1K1R1BNR b kq - 0 13
b7c6,r2q1rk1/pppn1ppp/2P5/8/8/b1P1B3/P1Q2PPP/1K1R1BNR b - - 0 14
a7a5,r2q1rk1/p1pn1ppp/2p5/8/2B5/b1P1B3/P1Q2PPP/1K1R2NR b - - 1 15
d8e7,r2q1rk1/2pn1ppp/2p5/p7/2B5/b1P1B3/P1Q2PPP/K2R2NR b - - 1 16
d7b6,r4rk1/2pnqppp/2p5/p7/2B5/b1P5/P1Q2PPP/K1BR2NR b - - 3 17
g7g6,r4rk1/2p1qppp/1np5/p7/8/b1PB4/P1Q2PPP/K1BR2NR b - - 5 18
a5a4,r4rk1/2p1qp1p/1np3p1/p7/8/b1PB1N2/P1Q2PPP/K1BR3R b - - 1 19
f8b8,r4rk1/2p1qp1p/1np3p1/8/p6P/b1PB1N2/P1Q2PP1/K1BR3R b - - 0 20
e7f6,rr4k1/2p1qp1p/1np3p1/7P/p7/b1PB1N2/P1Q2PP1/K1BR3R b - - 0 21
b6d5,rr4k1/2p2p1p/1np2qp1/7P/p7/B1PB1N2/P1Q2PP1/K2R3R b - - 0 22
a4a3,rr4k1/2p2p1p/2p2qp1/2Bn3P/p7/2PB1N2/P1Q2PP1/K2R3R b - - 2 23
e2d3,r2qk1nr/pp1nbppp/2p1p3/3pP3/3P4/2N2Q1P/PPP1BPP1/R1B2RK1 w kq - 1 10
c1e3,r2qk1nr/pp1nbppp/4p3/2ppP3/3P4/2NB1Q1P/PPP2PP1/R1B2RK1 w kq - 0 11
e3d4,r2qk1nr/pp1nbppp/4p3/3pP3/3p4/2NBBQ1P/PPP2PP1/R4RK1 w kq - 0 12
d4c5,r2qk1nr/pp1n1ppp/4p3/2bpP3/3B4/2NB1Q1P/PPP2PP1/R4RK1 w kq - 1 13
d3b5,r2qk1nr/pp3ppp/4p3/2npP3/8/2NB1Q1P/PPP2PP1/R4RK1 w kq - 0 14
c3d5,r2qk1nr/pp1n1ppp/4p3/1B1pP3/8/2N2Q1P/PPP2PP1/R4RK1 w kq - 2 15
f3d5,r2qk1nr/pp1n1ppp/8/1B1pP3/8/5Q1P/PPP2PP1/R4RK1 w kq - 0 16
d5b7,r2qk2r/pp1nnppp/8/1B1QP3/8/7P/PPP2PP1/R4RK1 w kq - 1 17
a1d1,2rqk2r/pQ1nnppp/8/1B2P3/8/7P/PPP2PP1/R4RK1 w k - 1 18
d1d7,3qk2r/pQrnnppp/8/1B2P3/8/7P/PPP2PP1/3R1RK1 w k - 3 19
d7b7,3qk2r/pr1Rnppp/8/1B2P3/8/7P/PPP2PP1/5RK1 w k - 0 20
b7d7,3q1k1r/pR2nppp/8/1B2P3/8/7P/PPP2PP1/5RK1 w - - 1 21
f1d1,2q2k1r/p2Rnppp/8/1B2P3/8/7P/PPP2PP1/5RK1 w - - 3 22
b5c6,2q2k1r/p2R1ppp/2n5/1B2P3/8/7P/PPP2PP1/3R2K1 w - - 5 23
d7d8,5k1r/p2R1ppp/2q5/4P3/8/7P/PPP2PP1/3R2K1 w - - 0 24
d8h8,3R3r/p3kppp/2q5/4P3/8/7P/PPP2PP1/3R2K1 w - - 2 25
h8d8,7R/p3kppp/8/4P3/8/7P/PPq2PP1/3R2K1 w - - 0 26
d8d2,3R4/p3kppp/8/4P3/8/7P/Pq3PP1/3R2K1 w - - 0 27
g1f1,8/p3kppp/8/4q3/8/7P/P2R1PP1/3R2K1 w - - 0 28
d2e2,5k2/p4ppp/8/4q3/8/7P/P2R1PP1/3R1K2 w - - 2 29
b8c6,rnbq1rk1/p4ppp/1p1p1n2/2p1p3/2PPP3/P1PB1P2/4N1PP/R1BQ1RK1 b - - 1 10
h7h6,r1bq1rk1/p4ppp/1pnp1n2/2p1p1B1/2PPP3/P1PB1P2/4N1PP/R2Q1RK1 b - - 3 11
g7g5,r1bq1rk1/p4pp1/1pnp1n1p/2p1p3/2PPP2B/P1PB1P2/4N1PP/R2Q1RK1 b - - 1 12
c6e7,r1bq1rk1/p4p2/1pnp1n1p/2p1p1p1/2PPP3/P1PB1P2/4NBPP/R2Q1RK1 b - - 1 13
e7g6,r1bq1rk1/p3np2/1p1p1n1p/2p1p1p1/2PPP3/P1PBBP2/4N1PP/R2Q1RK1 b - - 3 14
f6h5,r1bq1rk1/p4p2/1p1p1nnp/2p1p1p1/2PPP3/P1PBBP2/3QN1PP/R4RK1 b - - 5 15
c8h3,r1bq1rk1/p4p2/1p1p2np/2p1p1pn/2PPP3/P1PBBPP1/3QN2P/R4RK1 b - - 0 16
d8e7,r2q1rk1/p4p2/1p1p2np/2p1p1pn/2PPP3/P1PBBPPb/3QNR1P/R5K1 b - - 2 17
h5f4,r4rk1/p3qp2/1p1p2np/2p1p1pn/2PPP3/P1PBBPPb/3QNR1P/R6K b - - 4 18
g5f4,r4rk1/p3qp2/1p1p2np/2p1p1p1/2PPPP2/P1PBBP1b/3QNR1P/R6K b - - 0 19
e5f4,r4rk1/p3qp2/1p1p2np/2p1p3/2PPPN2/P1PBBP1b/3Q1R1P/R6K b - - 0 20
h6h5,r4rk1/p3qp2/1p1p2np/2p5/2PPPB2/P1PB1P1b/3Q1R1P/R6K b - - 0 21
g8h7,r4rk1/p3qp2/1p1p2n1/2p4p/2PPPB2/P1PB1P1b/3Q1R1P/6RK b - - 1 22
f8g8,r4r2/p3qp1k/1p1p2n1/2p1P2p/2PP1B2/P1PB1P1b/3Q1R1P/6RK b - - 0 23
e7f6,r5r1/p3qp1k/1p1P2n1/2p4p/2PP1B2/P1PB1P1b/3Q1R1P/6RK b - - 0 24
f6e6,r5r1/p4p1k/1p1P1qn1/2p1B2p/2PP4/P1PB1P1b/3Q1R1P/6RK b - - 2 25
f4g5,r1bqk2r/ppp2p2/3p1n1p/4p1p1/2BnPP1B/8/PPP3PP/RN1Q1RK1 w kq - 0 10
e4d5,r1bqk2r/ppp2p2/5n1p/3pp1P1/2BnP2B/8/PPP3PP/RN1Q1RK1 w kq - 0 11
d5d6,r1bqk2r/ppp2p2/7p/3Pp1P1/2Bn2nB/8/PPP3PP/RN1Q1RK1 w kq - 1 12
c4f7,r1bqk2r/ppp2p2/3P3p/4p1P1/2Bn3B/4n3/PPP3PP/RN1Q1RK1 w kq - 1 13
d1e1,r1bq3r/pppk1B2/3P3p/4p1P1/3n3B/4n3/PPP3PP/RN1Q1RK1 w - - 1 14
g5g6,r1bq3r/pppk1B2/3P3p/4p1P1/3n3B/8/PPP3PP/RN2QnK1 w - - 0 15
h4e7,r1b2q1r/pppk1B2/3P2Pp/4p3/3n3B/8/PPP3PP/RN2QnK1 w - - 1 16
e1f1,r1b4r/pppkBBq1/3P2Pp/4p3/3n4/8/PPP3PP/RN2QnK1 w - - 3 17
e7f8,r1b2r2/pppkBBq1/3P2Pp/4p3/3n4/8/PPP3PP/RN3QK1 w - - 1 18
b1c3,r1b2q2/pppk1B2/3P2Pp/4p3/3n4/8/PPP3PP/RN3QK1 w - - 0 19
c3d5,r1b2q2/pp1k1B2/3p2Pp/4p3/3n4/2N5/PPP3PP/R4QK1 w - - 0 20
c2c3,r1b5/pp1k1Bq1/3p2Pp/3Np3/3n4/8/PPP3PP/R4QK1 w - - 2 21
a1d1,r1b5/pp1k1Bq1/2np2Pp/3Np3/8/2P5/PP4PP/R4QK1 w - - 1 22
f1f6,r1bk4/pp3Bq1/2np2Pp/3Np3/8/2P5/PP4PP/3R1QK1 w - - 3 23
d5f6,r1bk4/pp3B2/2np1qPp/3Np3/8/2P5/PP4PP/3R2K1 w - - 0 24
g6g7,r1b5/pp2kB2/2np1NPp/4p3/8/2P5/PP4PP/3R2K1 w - - 1 25
f7e6,r7/pp2kBP1/2npbN1p/4p3/8/2P5/PP4PP/3R2K1 w - - 1 26
g7g8q,r7/pp4P1/2npkN1p/4p3/8/2P5/PP4PP/3R2K1 w - - 0 27
f6g8,6r1/pp6/2npkN1p/4p3/8/2P5/PP4PP/3R2K1 w - - 0 28
g8h6,6N1/pp6/2npk3/4p2p/8/2P5/PP4PP/3R2K1 w - - 0 29
h2h4,r1b1k2r/pppnqpp1/4pn1p/8/4p1P1/bPN5/P1PPQP1P/BK1R1BNR w kq - 0 10
f1g2,r1b1k2r/p1pnqpp1/1p2pn1p/8/4p1PP/bPN5/P1PPQP2/BK1R1BNR w kq - 0 11
g4g5,r3k2r/pbpnqpp1/1p2pn1p/8/4p1PP/bPN5/P1PPQPB1/BK1R2NR w kq - 2 12
h4g5,r3k2r/pbpnqpp1/1p2pn2/6p1/4p2P/bPN5/P1PPQPB1/BK1R2NR w kq - 0 13
g5f6,r3k3/pbpnqpp1/1p2pn2/6P1/4p3/bPN5/P1PPQPB1/BK1R2Nr w q - 0 14
f6e7,r3k3/pbpnqpp1/1p2pP2/8/4p3/bPN5/P1PPQPB1/BK1R2r1 w q - 0 15
c3d1,r3k3/pbpnPpp1/1p2p3/8/4p3/bPN5/P1PPQPB1/BK1r4 w q - 0 16
g2e4,r3k3/pbpnbpp1/1p2p3/8/4p3/1P6/P1PPQPB1/BK1N4 w q - 0 17
e2e4,r3k3/p1pnbpp1/1p2p3/8/4b3/1P6/P1PPQP2/BK1N4 w q - 0 18
a1g7,3rk3/p1pnbpp1/1p2p3/8/4Q3/1P6/P1PP1P2/BK1N4 w - - 1 19
e4e2,3rk3/p1p1bpB1/1p2p3/2n5/4Q3/1P6/P1PP1P2/1K1N4 w - - 1 20
g7c3,4k3/p1p1bpB1/1p2p3/2nr4/8/1P6/P1PPQP2/1K1N4 w - - 3 21
d1e3,4k3/p1p1bp2/1p2p3/2n2r2/8/1PB5/P1PPQP2/1K1N4 w - - 5 22
f2f4,4k3/p1p1bp2/1p2p3/2n3r1/8/1PB1N3/P1PPQP2/1K6 w - - 7 23
b1b2,4k3/p1p1bp2/1p2p3/2n5/5P2/1PB1N3/P1PPQ3/1K4r1 w - - 1 24
a2a4,4k3/2p1bp2/1p2p3/p1n5/5P2/1PB1N3/PKPPQ3/6r1 w - - 0 25
f4f5,3k4/2p1bp2/1p2p3/p1n5/P4P2/1PB1N3/1KPPQ3/6r1 w - - 1 26
f5e6,2k5/2p1bp2/1p2p3/p1n2P2/P7/1PB1N3/1KPPQ3/6r1 w - - 1 27
e3c4,2k5/2p1b3/1p2p3/p1n5/P7/1PB1N3/1KPPQ3/6r1 w - - 0 28
c3d4,2k5/2p5/1p2p3/p1n3b1/P1N5/1PB5/1KPPQ3/6r1 w - - 2 29
b5b4,r1bq1rk1/p4pbp/2np1np1/1pp1p3/4P3/3P1NPP/PPP2PB1/R1BQRNK1 b - - 0 10
a7a5,r1bq1rk1/p4pbp/2np1np1/2p1p3/1p2P3/3P1NPP/PPP2PBN/R1BQR1K1 b - - 1 11
h7h6,r1bq1rk1/5pbp/2np1np1/p1p1p1B1/1p2P3/3P1NPP/PPP2PBN/R2QR1K1 b - - 1 12
g8h7,r1bq1rk1/5pb1/2np1npp/p1p1p3/1p2P3/3PBNPP/PPP2PBN/R2QR1K1 b - - 1 13
c8a6,r1bq1r2/5pbk/2np1npp/p1p1p3/1p2P3/2PPBNPP/PP3PBN/R2QR1K1 b - - 0 14
c5d4,r2q1r2/5pbk/b1np1npp/p1p1p3/1p1PP3/2P1BNPP/PP3PBN/R2QR1K1 b - - 0 15
a8c8,r2q1r2/5pbk/b1np1npp/p3p3/1p1PP3/4BNPP/PP3PBN/R2QR1K1 b - - 0 16
d8e7,2rq1r2/5pbk/b1np1npp/p3p3/1p1PP3/4BNPP/PP1Q1PBN/R3R1K1 b - - 2 17
d6e5,2r2r2/4qpbk/b1np1npp/p3P3/1p2P3/4BNPP/PP1Q1PBN/R3R1K1 b - - 0 18
f8d8,2r2r2/4qpbk/b1n2npp/p3p3/1p2P2N/4B1PP/PP1Q1PBN/R3R1K1 b - - 1 19
c6d4,2rr4/4qpbk/b1n2npp/p3p3/1p2P2N/4B1PP/PP3PBN/R1Q1R1K1 b - - 3 20
d4e2,2rr4/4qpbk/b4npp/p3p3/1p1nP2N/4B1PP/PP3PBN/RQ2R1K1 b - - 5 21
a5a4,2rr4/4qpbk/b4npp/p3p3/1p2P2N/4B1PP/PP2nPBN/RQ2R2K b - - 7 22
a6d3,2rr4/4qpbk/b4npp/4p3/pp2P2N/4B1PP/PP2nP1N/RQ2RB1K b - - 1 23
d3b1,2rr4/4qpbk/5npp/4p3/pp2P2N/3bB1PP/PP2BP1N/RQ2R2K b - - 0 24
b4b3,2rr4/4qpbk/5npp/4p3/pp2P2N/4B1PP/PP2BP1N/1R2R2K b - - 0 25
a4b3,2rr4/4qpbk/5npp/4p3/p3P2N/1P2B1PP/1P2BP1N/1R2R2K b - - 0 26
c8c4,2rr4/4qpbk/5npp/4p3/4P2N/1p2BBPP/1P3P1N/1R2R2K b - - 1 27
f6e4,3r4/4qpbk/5npp/4p3/2r1P1NN/1p2BBPP/1P3P2/1R2R2K b - - 3 28
e4d2,3r4/4qpbk/6pp/4p3/2r1n1NN/1p2BBPP/1P3PK1/1R2R3 b - - 1 29
d7f6,r2qk2r/pppnbppp/2b1p3/8/3PN3/2PB4/PP3PPP/R1BQ1RK1 b kq - 2 10
f6e4,r2qk2r/ppp1bppp/2b1pn2/8/3PN3/2PB4/PP2QPPP/R1B2RK1 b kq - 4 11
c6e4,r2qk2r/ppp1bppp/2b1p3/8/3PB3/2P5/PP2QPPP/R1B2RK1 b kq - 0 12
d8d5,r2qk2r/ppp1bppp/4p3/8/3PQ3/2P5/PP3PPP/R1B2RK1 b kq - 0 13
e6d5,r3k2r/ppp1bppp/4p3/3Q4/3P4/2P5/PP3PPP/R1B2RK1 b kq - 0 14
e8d7,r3k2r/ppp1bppp/8/3p4/3P4/2P5/PP3PPP/R1B1R1K1 b kq - 1 15
a8e8,r6r/pppkbppp/8/3p4/3P1B2/2P5/PP3PPP/R3R1K1 b - - 3 16
e7d6,4r2r/pppkbppp/8/3p4/3P1B2/2P2P2/PP4PP/R3R1K1 b - - 0 17
d7d6,4r2r/pppk1ppp/3B4/3p4/3P4/2P2P2/PP4PP/R3R1K1 b - - 0 18
c7c6,4r2r/ppp2ppp/3k4/3p4/3P4/2P2P2/PP3KPP/R3R3 b - - 1 19
f7f6,4r2r/pp3ppp/2pk4/3p4/3P4/2P2PP1/PP3K1P/R3R3 b - - 0 20
h7h5,4r2r/pp4pp/2pk1p2/3p4/3P1P2/2P3P1/PP3K1P/R3R3 b - - 0 21
a7a5,4r2r/pp4p1/2pk1p2/3p3p/3P1P2/2P2KP1/PP5P/R3R3 b - - 1 22
e8e3,4r2r/1p4p1/2pk1p2/p2p3p/3P1P2/2P1RKP1/PP5P/R7 b - - 1 23
h8e8,7r/1p4p1/2pk1p2/p2p3p/3P1P2/2P1K1P1/PP5P/R7 b - - 0 24
e8e4,4r3/1p4p1/2pk1p2/p2p3p/3P1P2/2P3P1/PP3K1P/R7 b - - 2 25
e4e1,8/1p4p1/2pk1p2/p2p3p/3PrP2/2P3P1/PP3K1P/4R3 b - - 4 26
d6e6,8/1p4p1/2pk1p2/p2p3p/3P1P2/2P3P1/PP5P/4K3 b - - 0 27
e6f5,8/1p4p1/2p1kp2/p2p3p/3P1P2/2P3PP/PP6/4K3 b - - 0 28
f5e4,8/1p4p1/2p2p2/p2p1k1p/3P1P2/2P3PP/PP2K3/8 b - - 2 29
e7e5,r2q1rk1/pppnppbp/2np2p1/8/2PPP3/2N1BB1P/PP3PP1/R2Q1RK1 b - - 4 10
c6d4,r2q1rk1/pppn1pbp/2np2p1/3Pp3/2P1P3/2N1BB1P/PP3PP1/R2Q1RK1 b - - 0 11
e5d4,r2q1rk1/pppn1pbp/3p2p1/3Pp3/2PBP3/2N2B1P/PP3PP1/R2Q1RK1 b - - 0 12
a7a6,r2q1rk1/pppn1pbp/3p2p1/1N1P4/2PpP3/5B1P/PP3PP1/R2Q1RK1 b - - 1 13
d8f6,r2q1rk1/1ppn1pbp/p2p2p1/3P4/2PNP3/5B1P/PP3PP1/R2Q1RK1 b - - 0 14
f6b2,r4rk1/1ppn1pbp/p2p1qp1/3P4/2P1P3/5B1P/PPN2PP1/R2Q1RK1 b - - 2 15
d7c5,r4rk1/1ppn1pbp/p2p2p1/3P4/2P1P3/5B1P/PqN1QPP1/R4RK1 b - - 1 16
b2e5,r4rk1/1pp2pbp/p2p2p1/2nP4/2P1P3/5B1P/PqN1QPP1/RR4K1 b - - 3 17
f8e8,r4rk1/1pp2pbp/p2p2p1/2nPq3/2P1P3/5B1P/P1N1QPP1/R3R1K1 b - - 5 18
e8e7,r3r1k1/1pp2pbp/p2p2p1/2nPq3/2P1P3/5B1P/P1N1QPP1/1R2R1K1 b - - 7 19
e5c3,r5k1/1pp1rpbp/p2p2p1/2nPq3/1NP1P3/5B1P/P3QPP1/1R2R1K1 b - - 9 20
c3a3,r5k1/1pp1rpbp/p2p2p1/2nP4/1NP1P3/2q2B1P/P3QPP1/1RR3K1 b - - 11 21
a8e8,r5k1/1pp1rpbp/p2p2p1/2nP4/1NP1P3/q4B1P/P1Q2PP1/1RR3K1 b - - 13 22
a6a5,4r1k1/1pp1rpbp/p2p2p1/2nP4/1NP1P3/q4B1P/P2Q1PP1/1RR3K1 b - - 15 23
a3a2,4r1k1/1pp1rpbp/3p2p1/p1nP4/2P1P3/q4B1P/P1NQ1PP1/1RR3K1 b - - 1 24
b7b6,4r1k1/1pp1rpbp/3p2p1/p1nP4/2P1P3/5B1P/q1N2PP1/1RRQ2K1 b - - 1 25
g7d4,4r1k1/2p1rpbp/1p1p2p1/p1nP4/2PNP3/5B1P/q4PP1/1RRQ2K1 b - - 1 26
a2a4,4r1k1/2p1rp1p/1p1p2p1/p1nP4/2PQP3/5B1P/q4PP1/1RR3K1 b - - 0 27
a4d7,4r1k1/2p1rp1p/1p1p2p1/p1nP4/q1PQP3/5B1P/5PP1/1R2R1K1 b - - 2 28
f7f5,4r1k1/2pqrp1p/1p1p2p1/p1nP4/2PQP3/5B1P/5PP1/1R2RK2 b - - 4 29
f1b5,r3kb1r/pp1bpp1p/1qN2np1/8/Q7/2N5/PPP2PPP/R1B1KB1R w KQkq - 1 10
b5c4,r3kb1r/p2bpp1p/1qp2np1/1B6/Q7/2N5/PPP2PPP/R1B1K2R w KQkq - 0 11
e1g1,r3k2r/p2bppbp/1qp2np1/8/Q1B5/2N5/PPP2PPP/R1B1K2R w KQkq - 2 12
a4b3,r4rk1/p2bppbp/1qp2np1/8/Q1B5/2N5/PPP2PPP/R1B2RK1 w - - 4 13
h2h3,r4rk1/p3ppbp/1qp2np1/5b2/2B5/1QN5/PPP2PPP/R1B2RK1 w - - 6 14
c4b3,r4rk1/p3ppbp/2p2np1/5b2/2B5/1qN4P/PPP2PP1/R1B2RK1 w - - 0 15
c3e4,r4rk1/p3ppbp/2p3p1/5b2/4n3/1BN4P/PPP2PP1/R1B2RK1 w - - 1 16
f1e1,r4rk1/p3ppbp/2p3p1/8/4b3/1B5P/PPP2PP1/R1B2RK1 w - - 0 17
e1e7,r4rk1/p3ppbp/2p3p1/3b4/8/1B5P/PPP2PP1/R1B1R1K1 w - - 2 18
e7e8,r3r1k1/p3Rpbp/2p3p1/3b4/8/1B5P/PPP2PP1/R1B3K1 w - - 1 19
g1f1,4r1k1/p4pbp/2p3p1/3b4/8/1B5P/PPP2PP1/R1B3K1 w - - 0 20
c2c3,4r1k1/p4p1p/2p3p1/3b4/3b4/1B5P/PPP2PP1/R1B2K2 w - - 2 21
c1h6,4r1k1/p4p1p/1bp3p1/3b4/8/1BP4P/PP3PP1/R1B2K2 w - - 1 22
h6d2,4r1k1/p6p/1bp2ppB/3b4/8/1BP4P/PP3PP1/R4K2 w - - 0 23
a1e1,4r3/p4k1p/1bp2pp1/3b4/8/1BP4P/PP1B1PP1/R4K2 w - - 2 24
f1e1,8/p4k1p/1bp2pp1/3b4/8/1BP4P/PP1B1PP1/4rK2 w - - 0 25
a2b3,8/p4k1p/1bp2pp1/8/8/1bP4P/PP1B1PP1/4K3 w - - 0 26
e1e2,8/5k1p/pbp2pp1/8/8/1PP4P/1P1B1PP1/4K3 w - - 0 27
d2e3,8/7p/pbp1kpp1/8/8/1PP4P/1P1BKPP1/8 w - - 2 28
e2d3,8/2b4p/p1p1kpp1/8/8/1PP1B2P/1P2KPP1/8 w - - 4 29
c1e3,r2qk2r/pp2bpp1/2np1n1p/2p1p3/2B1PP2/2NP1Q1P/PPP3P1/R1B2RK1 w kq - 1 10
a2a4,r2q1rk1/pp2bpp1/2np1n1p/2p1p3/2B1PP2/2NPBQ1P/PPP3P1/R4RK1 w - - 3 11
c3d5,r2q1rk1/1p2bpp1/p1np1n1p/2p1p3/P1B1PP2/2NPBQ1P/1PP3P1/R4RK1 w - - 0 12
e3d4,r2q1rk1/1p2bpp1/p2p1n1p/2pNp3/P1BnPP2/3PBQ1P/1PP3P1/R4RK1 w - - 2 13
d5f6,r2q1rk1/1p2bpp1/p2p1n1p/3Np3/P1BpPP2/3P1Q1P/1PP3P1/R4RK1 w - - 0 14
f4e5,r2q1rk1/1p3pp1/p2p1b1p/4p3/P1BpPP2/3P1Q1P/1PP3P1/R4RK1 w - - 0 15
a4a5,r2q1rk1/1p3pp1/p4b1p/4p3/P1BpP3/3P1Q1P/1PP3P1/R4RK1 w - - 0 16
a5b6,r2q1rk1/5pp1/p4b1p/Pp2p3/2BpP3/3P1Q1P/1PP3P1/R4RK1 w - b6 0 17
a1a2,r4rk1/5pp1/pq3b1p/4p3/2BpP3/3P1Q1P/1PP3P1/R4RK1 w - - 0 18
g2g3,5rk1/r4pp1/pq3b1p/4p3/2BpP3/3P1Q1P/RPP3P1/5RK1 w - - 2 19
h3h4,3b1rk1/r4pp1/pq5p/4p3/2BpP3/3P1QPP/RPP5/5RK1 w - - 1 20
g1h2,3b1rk1/r4pp1/p5qp/4p3/2BpP2P/3P1QP1/RPP5/5RK1 w - - 1 21
h2h3,3b1rk1/r4pp1/6qp/p3p3/2BpP2P/3P1QP1/RPP4K/5R2 w - - 0 22
f3f5,3b1rk1/r4pp1/6q1/p3p2p/2BpP2P/3P1QPK/RPP5/5R2 w - - 0 23
f1f5,3b1rk1/r4pp1/8/p3pq1p/2BpP2P/3P2PK/RPP5/5R2 w - - 0 24
a2a1,5rk1/r4pp1/5b2/p3pR1p/2BpP2P/3P2PK/RPP5/8 w - - 1 25
b2b3,1r4k1/r4pp1/5b2/p3pR1p/2BpP2P/3P2PK/1PP5/R7 w - - 3 26
g3g4,6k1/r4pp1/5b2/p3pR1p/1rBpP2P/1P1P2PK/2P5/R7 w - - 1 27
h3g4,6k1/r4pp1/5b2/p3pR2/1rBpP1pP/1P1P3K/2P5/R7 w - - 0 28
h4h5,6k1/r4pp1/1r3b2/p3pR2/2BpP1KP/1P1P4/2P5/R7 w - - 1 29
g2g3,r1bqk1nr/1pp1n1bp/p2p2p1/3Pp3/4Pp2/2N2P2/PPPQ1BPP/2KR1BNR w kq - 0 10
h2g3,r1bqk1nr/1pp1n1bp/p2p2p1/3Pp3/4P3/2N2Pp1/PPPQ1B1P/2KR1BNR w kq - 0 11
f2e3,r1bqk1nr/2p1n1bp/p2p2p1/1p1Pp3/4P3/2N2PP1/PPPQ1B2/2KR1BNR w kq - 0 12
f3f4,r2qk1nr/2pbn1bp/p2p2p1/1p1Pp3/4P3/2N1BPP1/PPPQ4/2KR1BNR w kq - 2 13
c3e2,r2qk1nr/2pbn1bp/p2p2p1/3Pp3/1p2PP2/2N1B1P1/PPPQ4/2KR1BNR w kq - 0 14
f1g2,r2qk2r/2pbn1bp/p2p1np1/3Pp3/1p2PP2/4B1P1/PPPQN3/2KR1BNR w kq - 2 15
f4e5,r2q1rk1/2pbn1bp/p2p1np1/3Pp3/1p2PP2/4B1P1/PPPQN1B1/2KR2NR w - - 4 16
e5e6,r2q1rk1/2pbn1bp/p2p2p1/3PP3/1p2P1n1/4B1P1/PPPQN1B1/2KR2NR w - - 1 17
e3d4,r2q1rk1/2p1n1bp/p2pP1p1/1b1P4/1p2P1n1/4B1P1/PPPQN1B1/2KR2NR w - - 1 18
e2f4,r2q1rk1/2p1n1bp/p2pP1p1/1b1Pn3/1p1BP3/6P1/PPPQN1B1/2KR2NR w - - 3 19
d5c6,r2q1rk1/4n1bp/p2pP1p1/1bpPn3/1p1BPN2/6P1/PPPQ2B1/2KR2NR w - c6 0 20
d4f2,r2q1rk1/6bp/p1npP1p1/1b2n3/1p1BPN2/6P1/PPPQ2B1/2KR2NR w - - 0 21
d2d5,r2q1rk1/6bp/p1npP1p1/1b6/1pn1PN2/6P1/PPPQ1BB1/2KR2NR w - - 2 22
c1b1,r2q1rk1/7p/p1npP1p1/1b1Q4/1pn1PN2/6P1/PbP2BB1/2KR2NR w - - 0 23
e6e7,r2q1rk1/7p/p1npP1p1/1b1Qb3/1pn1PN2/6P1/P1P2BB1/1K1R2NR w - - 2 24
e7d8q,r2q1r1k/4P2p/p1np2p1/1b1Qb3/1pn1PN2/6P1/P1P2BB1/1K1R2NR w - - 1 25
f4g6,3r1r1k/7p/p1np2p1/1b1Qb3/1pn1PN2/6P1/P1P2BB1/1K1R2NR w - - 0 26
g6e5,3r1r2/6kp/p1np2N1/1b1Qb3/1pn1P3/6P1/P1P2BB1/1K1R2NR w - - 1 27
d5d8,3r1r2/6kp/p1n5/1b1Qp3/1pn1P3/6P1/P1P2BB1/1K1R2NR w - - 0 28
g1f3,3n1r2/6kp/p7/1b2p3/1pn1P3/6P1/P1P2BB1/1K1R2NR w - - 0 29
g4f5,1r1q1rk1/p1p1ppbp/Q4np1/3Pn3/6b1/2N1P3/PP1P1PBP/R1B1K1NR b KQ - 6 10
f6e4,1r1q1rk1/p1p1ppbp/Q4np1/3Pnb2/8/2N1P3/PP1P1P1P/R1B1KBNR b KQ - 8 11
e4c3,1r1q1rk1/p1p1ppbp/Q5p1/3Pnb2/4nP2/2N1P3/PP1P3P/R1B1KBNR b KQ - 0 12
d8d5,1r1q1rk1/p1p1ppbp/Q5p1/3Pnb2/5P2/2P1P3/P2P3P/R1B1KBNR b KQ - 0 13
d5h1,1r3rk1/p1p1ppbp/Q5p1/3qPb2/8/2P1P3/P2P3P/R1B1KBNR b KQ - 0 14
h1h2,1r3rk1/p1p1ppbp/Q5p1/4Pb2/8/2P1P3/P2PN2P/R1B1KB1q b Q - 1 15
h2h4,1r3rk1/p1p1ppbp/Q5p1/4Pb2/3P4/2P1P3/P3N2q/R1B1KB2 b Q - 0 16
h4f2,1r3rk1/p1p1ppbp/Q5p1/4Pb2/3P3q/2P1P3/P3N3/R1BK1B2 b - - 2 17
f5g4,1r3rk1/p1p1ppbp/Q5p1/4Pb2/3P1N2/2P1P3/P4q2/R1BK1B2 b - - 4 18
g4f5,1r3rk1/p1p1ppbp/Q5p1/4P3/3P1Nb1/2P1P3/P3Bq2/R1BK4 b - - 6 19
b8b6,1r3rk1/p1p1ppbp/Q5p1/4Pb2/3P1N2/2P1P3/P2BBq2/R2K4 b - - 8 20
g6g5,5rk1/p1p1ppbp/1r4p1/4Pb2/2QP1N2/2P1P3/P2BBq2/R2K4 b - - 10 21
f8b8,5rk1/p1p1ppbp/1r6/4PbpN/2QP4/2P1P3/P2BBq2/R2K4 b - - 1 22
b6b1,1r4k1/p1p1ppbp/1r6/4PbpN/2QP4/2P1P3/P2BBq2/2RK4 b - - 3 23
b1c1,1r4k1/p1Q1ppbp/8/4PbpN/3P4/2P1P3/P2BBq2/1rRK4 b - - 0 24
b8b1,1r4k1/p1Q1ppbp/8/4PbpN/3P4/2P1P3/P2BBq2/2K5 b - - 0 25
d8d7,r2q1rk1/pp2ppbp/2n2np1/2p5/2P3b1/3P1NP1/PB1NPPBP/R2Q1RK1 b - - 2 10
g4h3,r4rk1/pp1qppbp/2n2np1/2p5/2P3b1/3P1NP1/PB1NPPBP/R2QR1K1 b - - 4 11
b7b6,r4rk1/pp1qppbp/2n2np1/2p5/2P5/3P1NPb/PB1NPP1P/R2QR1KB b - - 6 12
a8d8,r4rk1/p2qppbp/1pn2np1/2p5/2P5/3P1NPb/PB1NPP1P/1R1QR1KB b - - 1 13
f8e8,3r1rk1/p2qppbp/1pn2np1/2p5/P1P5/3P1NPb/1B1NPP1P/1R1QR1KB b - - 0 14
d8b8,3rr1k1/p2qppbp/1pn2np1/2p5/P1P5/2BP1NPb/3NPP1P/1R1QR1KB b - - 2 15
b6a5,1r2r1k1/p2qppbp/1pn2np1/P1p5/2P5/2BP1NPb/3NPP1P/1R1QR1KB b - - 0 16
b8b5,1r2r1k1/p2qppbp/2n2np1/pRp5/2P5/2BP1NPb/3NPP1P/3QR1KB b - - 1 17
c6b4,4r1k1/p2qppbp/2n2np1/pPp5/8/2BP1NPb/3NPP1P/3QR1KB b - - 0 18
f6d5,4r1k1/p2qppbp/5np1/pPp5/Qn6/2BP1NPb/3NPP1P/4R1KB b - - 2 19
g8g7,4r1k1/p2qppBp/6p1/pPpn4/Qn6/3P1NPb/3NPP1P/4R1KB b - - 0 20
d7c7,4r3/p2qppkp/6p1/QPpn4/1n6/3P1NPb/3NPP1P/4R1KB b - - 0 21
f7f6,4r3/p1q1ppkp/6p1/1Ppn4/1n6/3P1NPb/3NPP1P/Q3R1KB b - - 2 22
e8b8,4r3/p1q1p1kp/5pp1/1Ppn4/1nN5/3P1NPb/4PP1P/Q3R1KB b - - 1 23
h3d7,1r6/p1q1p1kp/5pp1/1Ppn2N1/1nN5/3P2Pb/4PP1P/Q3R1KB b - - 3 24
b4c2,1r6/p1qbp1kp/5pp1/1Ppn4/1nN1N3/3P2P1/4PP1P/Q3R1KB b - - 5 25
c2e1,1r6/p1qbp1kp/5pp1/1Ppn4/2N1N3/3P2P1/1Qn1PP1P/4R1KB b - - 7 26
c8b7,rnbq1rk1/p3bppp/1p2p3/2p5/2BPP3/2P2N2/P3QPPP/R1B2RK1 b - - 1 10
c5d4,rn1q1rk1/pb2bppp/1p2p3/2p5/2BPP3/2P2N2/P3QPPP/R1BR2K1 b - - 3 11
b8d7,rn1q1rk1/pb2bppp/1p2p3/8/2BPP3/5N2/P3QPPP/R1BR2K1 b - - 0 12
a8c8,r2q1rk1/pb1nbppp/1p2p3/8/2BPP3/5N2/PB2QPPP/R2R2K1 b - - 2 13
d8c7,2rq1rk1/pb1nbppp/1p2p3/8/3PP3/1B3N2/PB2QPPP/R2R2K1 b - - 4 14
c7b8,2r2rk1/pbqnbppp/1p2p3/8/3PP3/1B3N2/PB2QPPP/2RR2K1 b - - 6 15
e6d5,1qr2rk1/pb1nbppp/1p2p3/3P4/4P3/1B3N2/PB2QPPP/2RR2K1 b - - 0 16
e7d6,1qr2rk1/pb1nbppp/1p6/3P4/8/1B3N2/PB2QPPP/2RR2K1 b - - 0 17
d7c5,1qr2rk1/pb1n1ppp/1p1b4/3P4/3N4/1B6/PB2QPPP/2RR2K1 b - - 2 18
d6h2,1qr2rk1/pb3ppp/1p1b4/2nP4/3N4/8/PBB1QPPP/2RR2K1 b - - 4 19
h2e5,1qr2rk1/pb3ppp/1p6/2nP4/3N4/8/PBB1QPPb/2RR3K b - - 1 20
e5b2,1qr2rk1/pb3ppp/1pN5/2nPb3/8/8/PBB1QPP1/2RR3K b - - 3 21
c8b8,1Nr2rk1/pb3ppp/1p6/2nP4/8/8/PbB1QPP1/2RR3K b - - 0 22
g8h7,1r3rk1/pb3ppB/1p6/2nP4/8/8/Pb2QPP1/2RR3K b - - 0 23
b8d8,1r3r2/pb3ppk/1p6/2nP4/8/8/PQ3PP1/2RR3K b - - 0 24
d8d7,3r1r2/pb3ppk/1p1P4/2n5/8/8/PQ3PP1/2RR3K b - - 0 25
f8d8,5r2/pb1r1ppk/1p1P4/1Qn5/8/8/P4PP1/2RR3K b - - 2 26
b6c5,3r4/pb1r1ppk/1p1P4/1QR5/8/8/P4PP1/3R3K b - - 0 27
g7g6,3r4/pb1r1ppk/3P4/2Q5/8/8/P4PP1/3R3K b - - 0 28
h7g8,3r4/pb1r1p1k/3P2p1/4Q3/8/8/P4PP1/3R3K b - - 1 29
c1e3,r3kb1r/ppp2p1p/2n1bp2/8/8/2NP4/PPP3PP/R1B1KB1R w KQkq - 2 10
e1c1,2kr1b1r/ppp2p1p/2n1bp2/8/8/2NPB3/PPP3PP/R3KB1R w KQ - 4 11
g2g3,2kr1br1/ppp2p1p/2n1bp2/8/8/2NPB3/PPP3PP/2KR1B1R w - - 6 12
a2a3,2kr2r1/ppp2p1p/2n1bp2/8/1b6/2NPB1P1/PPP4P/2KR1B1R w - - 1 13
b2c3,2kr2r1/ppp2p1p/2n1bp2/8/8/P1bPB1P1/1PP4P/2KR1B1R w - - 0 14
h1g1,2kr2r1/ppp2p1p/2n2p2/3b4/8/P1PPB1P1/2P4P/2KR1B1R w - - 1 15
d1e1,2kr2r1/ppp2p1p/2n2p2/8/8/P1PPBbP1/2P4P/2KR1BR1 w - - 3 16
f1h3,2kr2r1/ppp2p1p/5p2/4n3/8/P1PPBbP1/2P4P/2K1RBR1 w - - 5 17
h3g2,2kr2r1/ppp2p1p/5p2/4n3/6b1/P1PPB1PB/2P4P/2K1R1R1 w - - 7 18
g2f3,2kr2r1/ppp2p1p/5p2/8/6b1/P1PPBnP1/2P3BP/2K1R1R1 w - - 9 19
g1f1,2kr2r1/ppp2p1p/5p2/8/8/P1PPBbP1/2P4P/2K1R1R1 w - - 0 20
f1f6,2kr2r1/ppp2p1p/5p2/3b4/8/P1PPB1P1/2P4P/2K1RR2 w - - 2 21
f6f4,2kr4/ppp2p1p/5Rr1/3b4/8/P1PPB1P1/2P4P/2K1R3 w - - 1 22
c1d2,2kr4/ppp2p1p/4b1r1/8/5R2/P1PPB1P1/2P4P/2K1R3 w - - 3 23
e1f1,2kr4/ppp2p2/4b1r1/7p/5R2/P1PPB1P1/2PK3P/4R3 w - - 0 24
f4f6,2k4r/ppp2p2/4b1r1/7p/5R2/P1PPB1P1/2PK3P/5R2 w - - 2 25
g3h4,2k4r/ppp2p2/4bRr1/8/7p/P1PPB1P1/2PK3P/5R2 w - - 0 26
f6g6,2k5/ppp2p2/4bRr1/8/7r/P1PPB3/2PK3P/5R2 w - - 0 27
e3f4,2k5/ppp5/4b1p1/8/7r/P1PPB3/2PK3P/5R2 w - - 0 28
f4g3,2k5/ppp5/4b3/6p1/5B1r/P1PP4/2PK3P/5R2 w - - 0 29
f3e5,rnb1kb1r/pp2pp1p/2p1q1p1/8/3P4/4QN2/PPP2PPP/R1B1KB1R w KQkq - 0 10
a2a4,rnb1kb1r/p3pp1p/2p1q1p1/1p2N3/3P4/4Q3/PPP2PPP/R1B1KB1R w KQkq - 0 11
e5d3,rnb1kb1r/p3p2p/2p1qpp1/1p2N3/P2P4/4Q3/1PP2PPP/R1B1KB1R w KQkq - 0 12
c1e3,rnb1kb1r/p3p2p/2p2pp1/1p6/P2P4/3Nq3/1PP2PPP/R1B1KB1R w KQkq - 0 13
a4b5,r1b1kb1r/p2np2p/2p2pp1/1p6/P2P4/3NB3/1PP2PPP/R3KB1R w KQkq - 1 14
d3f4,r1b1kb1r/p2np2p/5pp1/1p6/3P4/3NB3/1PP2PPP/R3KB1R w KQkq - 0 15
f1b5,r1b1kb1r/p3p2p/1n3pp1/1p6/3P1N2/4B3/1PP2PPP/R3KB1R w KQkq - 2 16
b5d7,r3kb1r/p2bp2p/1n3pp1/1B6/3P1N2/4B3/1PP2PPP/R3K2R w KQkq - 1 17
b2b3,r4b1r/p2kp2p/1n3pp1/8/3P1N2/4B3/1PP2PPP/R3K2R w KQ - 0 18
e1e2,r4b1r/p2k3p/1n2ppp1/8/3P1N2/1P2B3/2P2PPP/R3K2R w KQ - 0 19
f4d3,r4b1r/p2k3p/1n2pp2/6p1/3P1N2/1P2B3/2P1KPPP/R6R w - - 0 20
c2c4,r4b1r/p2k3p/4pp2/3n2p1/3P4/1P1NB3/2P1KPPP/R6R w - - 2 21
f2e3,r4b1r/p2k3p/4pp2/6p1/2PP4/1P1Nn3/4KPPP/R6R w - - 0 22
b3b4,r6r/p2k3p/3bpp2/6p1/2PP4/1P1NP3/4K1PP/R6R w - - 1 23
c4c5,r6r/p3k2p/3bpp2/6p1/1PPP4/3NP3/4K1PP/R6R w - - 1 24
a1a6,r6r/p1b1k2p/4pp2/2P3p1/1P1P4/3NP3/4K1PP/R6R w - - 1 25
h2h3,rr6/p1b1k2p/R3pp2/2P3p1/1P1P4/3NP3/4K1PP/7R w - - 3 26
h1a1,r7/prb1k2p/R3pp2/2P3p1/1P1P4/3NP2P/4K1P1/7R w - - 1 27
c5d4,rn1q1rk1/pp2ppbp/6p1/2p1N3/3PP1b1/2P1B3/P2Q1PPP/R3KB1R b KQ - 3 10
g7e5,rn1q1rk1/pp2ppbp/6p1/4N3/3PP1b1/4B3/P2Q1PPP/R3KB1R b KQ - 0 11
d8d2,rn1q1rk1/pp2pp1p/6p1/4P3/4P1b1/4B3/P2Q1PPP/R3KB1R b KQ - 0 12
b8c6,rn3rk1/pp2pp1p/6p1/4P3/4P1b1/8/P2B1PPP/R3KB1R b KQ - 0 13
f8d8,r4rk1/pp2pp1p/2n3p1/4P3/4P1b1/2B5/P4PPP/R3KB1R b KQ - 2 14
g4e6,r2r2k1/pp2pp1p/2n3p1/4P3/4P1b1/2B2P2/P5PP/R3KB1R b KQ - 0 15
a8c8,r2r2k1/pp2pp1p/2n1b1p1/4P3/4P3/2B2P2/P4KPP/R4B1R b - - 2 16
c6b8,2rr2k1/pp2pp1p/2n1b1p1/4P3/4P3/2B1KP2/P5PP/R4B1R b - - 4 17
c8c2,1nrr2k1/pp2pp1p/4b1p1/4P3/3BP3/4KP2/P5PP/R4B1R b - - 6 18
b8c6,1n1r2k1/Bp2pp1p/4b1p1/4P3/4P3/4KP2/P1r3PP/R4B1R b - - 0 19
d8c8,3r2k1/1p2pp1p/1Bn1b1p1/4P3/4P3/4KP2/P1r3PP/R4B1R b - - 2 20
c2g2,2r3k1/1p2pp1p/1Bn1b1p1/4P3/4P3/3BKP2/P1r3PP/R6R b - - 4 21
c6b4,2r3k1/1p2pp1p/1Bn1b1p1/4P3/4PP2/3BK3/P5rP/R6R b - - 0 22
b4d3,2r3k1/1p2pp1p/1B2b1p1/4P3/1n2PP2/3BK3/P5rP/R1R5 b - - 2 23
e6c8,2R3k1/1p2pp1p/1B2b1p1/4P3/4PP2/3nK3/P5rP/R7 b - - 0 24
g2h2,2b3k1/1p2pp1p/1B4p1/4P3/4PP2/3K4/P5rP/R7 b - - 0 25
c8e6,2b3k1/1p2pp1p/1B4p1/4P3/4PP2/3K4/P6r/2R5 b - - 1 26
h2a2,6k1/1pR1pp1p/1B2b1p1/4P3/4PP2/3K4/P6r/8 b - - 3 27
h7h5,6k1/1p2Rp1p/1B2b1p1/4P3/4PP2/3K4/r7/8 b - - 0 28
a2a8,3B2k1/1p2Rp2/4b1p1/4P2p/4PP2/3K4/r7/8 b - - 1 29
d1d2,r2qk2r/ppp2pbp/3pnnp1/4p3/4P3/2NPBN1P/PPP2PP1/R2QK2R w KQkq - 2 10
e1c1,r3k2r/pppq1pbp/3pnnp1/4p3/4P3/2NPBN1P/PPPQ1PP1/R3K2R w KQkq - 4 11
e3h6,r3k2r/1ppq1pbp/p2pnnp1/4p3/4P3/2NPBN1P/PPPQ1PP1/2KR3R w kq - 0 12
d2h6,r3k2r/1ppq1p1p/p2pnnpb/4p3/4P3/2NP1N1P/PPPQ1PP1/2KR3R w kq - 0 13
f3g5,2kr3r/1ppq1p1p/p2pnnpQ/4p3/4P3/2NP1N1P/PPP2PP1/2KR3R w - - 1 14
g5e6,2kr3r/1ppq1p1p/p2pn1pQ/4p1Nn/4P3/2NP3P/PPP2PP1/2KR3R w - - 3 15
h6e3,2kr3r/1pp2p1p/p2pq1pQ/4p2n/4P3/2NP3P/PPP2PP1/2KR3R w - - 0 16
g2g3,2kr3r/1pp4p/p2pq1p1/4pp1n/4P3/2NPQ2P/PPP2PP1/2KR3R w - - 0 17
c1b1,1k1r3r/1pp4p/p2pq1p1/4pp1n/4P3/2NPQ1PP/PPP2P2/2KR3R w - - 1 18
e4f5,1k1r1r2/1pp4p/p2pq1p1/4pp1n/4P3/2NPQ1PP/PPP2P2/1K1R3R w - - 3 19
e3e2,1k1r1r2/1pp4p/p2pq3/4pp1n/8/2NPQ1PP/PPP2P2/1K1R3R w - - 0 20
d3d4,1k1r1r2/1pp4p/p2p2q1/4pp1n/8/2NP2PP/PPP1QP2/1K1R3R w - - 2 21
c3d5,1k1r1r2/1pp4p/p2p2q1/5p1n/3Pp3/2N3PP/PPP1QP2/1K1R3R w - - 0 22
e2e3,1k2rr2/1pp4p/p2p2q1/3N1p1n/3Pp3/6PP/PPP1QP2/1K1R3R w - - 2 23
d5f4,1k2rr2/1pp2q1p/p2p4/3N1p1n/3Pp3/4Q1PP/PPP2P2/1K1R3R w - - 4 24
d4d5,1k2rr2/1pp2q1p/p2p1n2/5p2/3PpN2/4Q1PP/PPP2P2/1K1R3R w - - 6 25
c2c4,1k3r2/1pp2q1p/p2p1n2/3Prp2/4pN2/4Q1PP/PPP2P2/1K1R3R w - - 1 26
b2b3,1kr5/1pp2q1p/p2p1n2/3Prp2/2P1pN2/4Q1PP/PP3P2/1K1R3R w - - 1 27
d5c6,1kr5/1p3q1p/p1pp1n2/3Prp2/2P1pN2/1P2Q1PP/P4P2/1K1R3R w - - 0 28
d1d2,1k6/1p3q1p/p1rp1n2/4rp2/2P1pN2/1P2Q1PP/P4P2/1K1R3R w - - 0 29
a8c8,r3kbnr/1b1n1ppp/pq1pp3/1p6/3QP3/1PN2P2/PBP1N1PP/1K1R1B1R b kq - 5 10
d7b6,2r1kbnr/1b1n1ppp/pQ1pp3/1p6/4P3/1PN2P2/PBP1N1PP/1K1R1B1R b k - 0 11
g8f6,2r1kbnr/1b3ppp/pn1pp3/1p6/3NP3/1PN2P2/PBP3PP/1K1R1B1R b k - 1 12
f8e7,2r1kb1r/1b3ppp/pn1ppn2/1p6/3NP3/1PNB1P2/PBP3PP/1K1R3R b k - 3 13
e8g8,2r1k2r/1b2bppp/pn1ppn2/1p6/3NP3/1PNB1P2/PBP3PP/1K1RR3 b k - 5 14
b6c4,2r2rk1/1b2bppp/pn1ppn2/1p6/3NP3/1P1B1P2/PBP1N1PP/1K1RR3 b - - 7 15
b5c4,2r2rk1/1b2bppp/p2ppn2/1p6/2BNP3/1P3P2/PBP1N1PP/1K1RR3 b - - 0 16
f8d8,2r2rk1/1b2bppp/p2ppn2/8/2pNP3/BP3P2/P1P1N1PP/1K1RR3 b - - 1 17
g8f8,2rr2k1/1b2bppp/p2ppn2/8/1BpNP3/1P3P2/P1P1N1PP/1K1RR3 b - - 3 18
d8d7,2rr1k2/1b2bppp/p2ppn2/B7/2pNP3/1P3P2/P1P1N1PP/1K1RR3 b - - 5 19
d6d5,2r2k2/1b1rbppp/p2ppn2/B7/2pNP3/1PN2P2/P1P3PP/1K1RR3 b - - 7 20
f6e8,2r2k2/1b1rbppp/p3pn2/B2pP3/2pN4/1PN2P2/P1P3PP/1K1RR3 b - - 0 21
c4b3,2r1nk2/1b1rbppp/p3p3/B2pP3/N1pN4/1P3P2/P1P3PP/1K1RR3 b - - 2 22
e7d8,2r1nk2/1b1rbppp/p3p3/B2pP3/N2N4/1P3P2/2P3PP/1K1RR3 b - - 0 23
d8b6,2rbnk2/1b1r1ppp/pN2p3/B2pP3/3N4/1P3P2/2P3PP/1K1RR3 b - - 2 24
e8c7,2r1nk2/1b1r1ppp/pB2p3/3pP3/3N4/1P3P2/2P3PP/1K1RR3 b - - 0 25
c7a8,2r2k2/1bnr1ppp/pB2p3/3pP3/3N4/1P3P2/1KP3PP/3RR3 b - - 2 26
g7g6,n1r2k2/1b1r1ppp/p3p3/B2pP3/3N4/1P3P2/1KP3PP/3RR3 b - - 4 27
f8g7,n1r2k2/1b1r1p1p/p3p1p1/B2pP3/3N4/1P2RP2/1KP3PP/3R4 b - - 1 28
a8c7,n1r5/1b1r1pkp/p3p1p1/B2pP3/3N4/1P1RRP2/1KP3PP/8 b - - 3 29
h2h4,r1bq1rk1/1ppnbppp/4pn2/p7/4p1P1/PPN5/1BPPQPBP/2KR2NR w - - 1 10
c3e4,r1bq1rk1/1p1nbppp/2p1pn2/p7/4p1PP/PPN5/1BPPQPB1/2KR2NR w - - 0 11
g4g5,r1b2rk1/1pqnbppp/2p1pn2/p7/4N1PP/PP6/1BPPQPB1/2KR2NR w - - 1 12
g2e4,r1b2rk1/1pqnbppp/2p1p3/p5P1/4n2P/PP6/1BPPQPB1/2KR2NR w - - 0 13
e4g2,r1b2rk1/1pq1bppp/2p1p3/p1n3P1/4B2P/PP6/1BPPQP2/2KR2NR w - - 1 14
g1f3,r1b2rk1/2q1bppp/2p1p3/ppn3P1/7P/PP6/1BPPQPB1/2KR2NR w - - 0 15
a3a4,r1b2rk1/2q1bppp/2p1p3/p1n3P1/1p5P/PP3N2/1BPPQPB1/2KR3R w - - 0 16
e2e3,r4rk1/2q1bppp/b1p1p3/p1n3P1/Pp5P/1P3N2/1BPPQPB1/2KR3R w - - 1 17
h4h5,r4rk1/2qnbppp/b1p1p3/p5P1/Pp5P/1P2QN2/1BPP1PB1/2KR3R w - - 3 18
g5g6,r4rk1/2qnbppp/b3p3/p1p3PP/Pp6/1P2QN2/1BPP1PB1/2KR3R w - - 0 19
g6h7,r4rk1/2qnbppp/b3p1P1/p6P/Ppp5/1P2QN2/1BPP1PB1/2KR3R w - - 0 20
f3g5,r4r2/2qnbppk/b3p3/p6P/Ppp5/1P2QN2/1BPP1PB1/2KR3R w - - 0 21
e3g5,r4r2/2qn1ppk/b3p3/p5bP/Ppp5/1P2Q3/1BPP1PB1/2KR3R w - - 0 22
g5g7,r4r2/2qn1ppk/b3p3/p5QP/Pp6/1p6/1BPP1PB1/2KR3R w - - 0 23
b5c6,r2qk2r/ppp2ppp/2n1bn2/1B1pb3/2P5/3P4/PP2QPPP/RNB2RK1 w kq - 0 10
e2e5,r2qk2r/p1p2ppp/2p1bn2/3pb3/2P5/3P4/PP2QPPP/RNB2RK1 w kq - 0 11
b2b3,r2q1rk1/p1p2ppp/2p1bn2/3pQ3/2P5/3P4/PP3PPP/RNB2RK1 w - - 1 12
c1f4,r4rk1/p1p2ppp/2pqbn2/3pQ3/2P5/1P1P4/P4PPP/RNB2RK1 w - - 1 13
f4e5,r4rk1/p1p2ppp/2p1bn2/3pq3/2P2B2/1P1P4/P4PPP/RN3RK1 w - - 0 14
e5f6,2r2rk1/p1p2ppp/2p1bn2/3pB3/2P5/1P1P4/P4PPP/RN3RK1 w - - 1 15
b1c3,2r2rk1/p1p2p1p/2p1bp2/3p4/2P5/1P1P4/P4PPP/RN3RK1 w - - 0 16
f2f3,2r2r2/p1p2pkp/2p1bp2/3p4/2P5/1PNP4/P4PPP/R4RK1 w - - 2 17
a1d1,2rr4/p1p2pkp/2p1bp2/3p4/2P5/1PNP1P2/P5PP/R4RK1 w - - 1 18
f3f4,2rr4/p1p2pkp/2p1b3/3p1p2/2P5/1PNP1P2/P5PP/3R1RK1 w - - 0 19
c4c5,2r5/p1p2pkp/2prb3/3p1p2/2P2P2/1PNP4/P5PP/3R1RK1 w - - 1 20
d3d4,2rr4/p1p2pkp/2p1b3/2Pp1p2/5P2/1PNP4/P5PP/3R1RK1 w - - 1 21
f1e1,1r1r4/p1p2pkp/2p1b3/2Pp1p2/3P1P2/1PN5/P5PP/3R1RK1 w - - 1 22
g1f2,1r2r3/p1p2pkp/2p1b3/2Pp1p2/3P1P2/1PN5/P5PP/3RR1K1 w - - 3 23
e1e8,1r2r3/p1pb1pkp/2p5/2Pp1p2/3P1P2/1PN5/P4KPP/3RR3 w - - 5 24
d1e1,4r3/p1pb1pkp/2p5/2Pp1p2/3P1P2/1PN5/P4KPP/3R4 w - - 0 25
f2e1,8/p1pb1pkp/2p5/2Pp1p2/3P1P2/1PN5/P4KPP/4r3 w - - 0 26
c3d1,8/p1pb1p1p/2p2k2/2Pp1p2/3P1P2/1PN5/P5PP/4K3 w - - 1 27
e1d2,2b5/p1p2p1p/2p2k2/2Pp1p2/3P1P2/1P6/P5PP/3NK3 w - - 3 28
d2c3,8/p1p2p1p/b1p2k2/2Pp1p2/3P1P2/1P6/P2K2PP/3N4 w - - 5 29
e3h6,r1bq1rk1/1pn1ppbp/p2p1np1/2pP4/2P1P3/2N1BP2/PP1Q2PP/2KR1BNR w - - 0 10
h2h4,r1bq1rk1/2n1ppbp/p2p1npB/1ppP4/2P1P3/2N2P2/PP1Q2PP/2KR1BNR w - - 0 11
c3e2,r1bq1rk1/2n1ppbp/p2p1npB/2pP4/1pP1P2P/2N2P2/PP1Q2P1/2KR1BNR w - - 0 12
h4h5,r1bqnrk1/4ppbp/p2p1npB/2pP4/1pP1P2P/5P2/PP1QN1P1/2KR1BNR w - - 2 13
g2g4,r1bqnrk1/4ppbp/p2p2pB/2pP3n/1pP1P3/5P2/PP1QN1P1/2KR1BNR w - - 0 14
h6g7,r1bqnrk1/4ppbp/p2p1npB/2pP4/1pP1P1P1/5P2/PP1QN3/2KR1BNR w - - 1 15
d2h6,r1bq1rk1/4ppnp/p2p1np1/2pP4/1pP1P1P1/5P2/PP1QN3/2KR1BNR w - - 0 16
c1b1,r1b2rk1/4ppnp/p2p1npQ/q1pP4/1pP1P1P1/5P2/PP2N3/2KR1BNR w - - 2 17
d1c1,r1b2rk1/4ppnp/p2p1npQ/2pP4/qpP1P1P1/5P2/PP2N3/1K1R1BNR w - - 4 18
e2g3,1rb2rk1/4ppnp/p2p1npQ/2pP4/qpP1P1P1/5P2/PP2N3/1KR2BNR w - - 6 19
a2a3,1rb2rk1/4ppnp/p2p1npQ/2pP4/q1P1P1P1/1p3PN1/PP6/1KR2BNR w - - 0 20
g1e2,1rb2rk1/5pnp/p2p1npQ/2pPp3/q1P1P1P1/Pp3PN1/1P6/1KR2BNR w - e6 0 21
e2c3,1rb2rk1/5pnp/3p1npQ/p1pPp3/q1P1P1P1/Pp3PN1/1P2N3/1KR2B1R w - - 0 22
c3b5,1rb2rk1/3q1pnp/3p1npQ/p1pPp3/2P1P1P1/PpN2PN1/1P6/1KR2B1R w - - 2 23
a3a4,1r3rk1/3q1pnp/b2p1npQ/pNpPp3/2P1P1P1/Pp3PN1/1P6/1KR2B1R w - - 4 24
f1d3,1r2nrk1/3q1p1p/b2p1npQ/pNpPp3/P1P1P1P1/1p3PN1/1P6/1KR2B1R w - - 1 25
c1c3,1r3rk1/3q1pnp/b2p1npQ/pNpPp3/P1P1P1P1/1p1B1PN1/1P6/1KR4R w - - 3 26
c3b3,1rr3k1/3q1pnp/b2p1npQ/pNpPp3/P1P1P1P1/1pRB1PN1/1P6/1K5R w - - 5 27
b3b5,1rr3k1/3q1pnp/3p1npQ/pbpPp3/P1P1P1P1/1R1B1PN1/1P6/1K5R w - - 0 28
a4b5,2r3k1/3q1pnp/3p1npQ/prpPp3/P1P1P1P1/3B1PN1/1P6/1K5R w - - 0 29
c8g4,r1bq1rk1/pp2ppbp/1n3np1/3P4/2B5/1QNP1N2/PP3PPP/R1B2RK1 b - - 0 10
g4f5,r2q1rk1/pp2ppbp/1n3np1/3PN3/2B3b1/1QNP4/PP3PPP/R1B2RK1 b - - 2 11
a8c8,r2q1rk1/pp2ppbp/1n3np1/3PNb2/2B5/1QNP4/PP3PPP/R1B1R1K1 b - - 4 12
f6d7,2rq1rk1/pp2ppbp/1n3np1/3PNb2/2B5/1QNPB3/PP3PPP/R3R1K1 b - - 6 13
d8d7,2rq1rk1/pp1Nppbp/1n4p1/3P1b2/2B5/1QNPB3/PP3PPP/R3R1K1 b - - 0 14
a7b6,2r2rk1/pp1qppbp/1B4p1/3P1b2/2B5/1QNP4/PP3PPP/R3R1K1 b - - 0 15
g7f6,2r2rk1/1p1qppbp/1Q4p1/3P1b2/2B5/2NP4/PP3PPP/R3R1K1 b - - 0 16
g8g7,2r2rk1/1p1qpp1p/1Q3bp1/3P1b2/2B5/2NP4/PP3PPP/3RR1K1 b - - 2 17
f8d8,2r2r2/1p1qppkp/1Q3bp1/3P1b2/8/1BNP4/PP3PPP/3RR1K1 b - - 4 18
f6e5,2rr4/1p1qppkp/1Q3bp1/3P1b2/4N3/1B1P4/PP3PPP/3RR1K1 b - - 6 19
e5b2,2rr4/1p1qppkp/1Q4p1/3PbbN1/8/1B1P4/PP3PPP/3RR1K1 b - - 8 20
e7e5,2rr4/1p1qppkp/1Q1P2p1/5bN1/8/1B1P4/Pb3PPP/3RR1K1 b - - 0 21
b2d4,2rr4/1p1q1Nkp/1Q1P2p1/4pb2/8/1B1P4/Pb3PPP/3RR1K1 b - - 0 22
d8e8,2rr4/1p1q1Nkp/3P2p1/4pb2/1Q1b4/1B1P4/P4PPP/3RR1K1 b - - 2 23
c8c5,2r1r3/1p1q1Nkp/3P2p1/Q3pb2/3b4/1B1P4/P4PPP/3RR1K1 b - - 4 24
c5b5,4r3/1p1q1Nkp/3P2p1/2r1pb2/1Q1b4/1B1P4/P4PPP/3RR1K1 b - - 6 25
b5b3,4r3/1p1q1Nkp/3P2p1/1r2pb2/2Qb4/1B1P4/P4PPP/3RR1K1 b - - 8 26
d7f7,4r3/1p1q1Nkp/3P2p1/4pb2/3b4/1Q1P4/P4PPP/3RR1K1 b - - 0 27
e8d8,4r3/1p3qkp/3P2p1/4pb2/1Q1b4/3P4/P4PPP/3RR1K1 b - - 1 28
b7b6,3r4/1p3qkp/3P2p1/4pb2/1Q1b4/3P4/P4PPP/1R2R1K1 b - - 3 29
h2h4,r1bq1rk1/ppp1n1bp/3p1npB/3Ppp2/4P3/2N2P2/PPPQ2PP/2KR1BNR w - - 3 10
h6g7,r1bq1rk1/ppp1n1bp/3p1npB/3Pp3/4Pp1P/2N2P2/PPPQ2P1/2KR1BNR w - - 0 11
g1e2,r1bq1r2/ppp1n1kp/3p1np1/3Pp3/4Pp1P/2N2P2/PPPQ2P1/2KR1BNR w - - 0 12
g2g3,r1bq1r2/ppp1n1k1/3p1npp/3Pp3/4Pp1P/2N2P2/PPPQN1P1/2KR1B1R w - - 0 13
e2g3,r1bq1r2/ppp1n1k1/3p1npp/3Pp3/4P2P/2N2Pp1/PPPQN3/2KR1B1R w - - 0 14
f1e2,r1bq1r2/1pp1n1k1/p2p1npp/3Pp3/4P2P/2N2PN1/PPPQ4/2KR1B1R w - - 0 15
g3h5,r1bq1r2/1pp1n1k1/p2p2pp/3Pp2n/4P2P/2N2PN1/PPPQB3/2KR3R w - - 2 16
d1g1,r1bq1r2/1pp1n1k1/p2p3p/3Pp2p/4P2P/2N2P2/PPPQB3/2KR3R w - - 0 17
c3d1,r1bq1r2/1pp1n2k/p2p3p/3Pp2p/4P2P/2N2P2/PPPQB3/2K3RR w - - 2 18
d1e3,r1b1qr2/1pp1n2k/p2p3p/3Pp2p/4P2P/5P2/PPPQB3/2KN2RR w - - 4 19
d2c3,r1b2r2/1pp1nq1k/p2p3p/3Pp2p/4P2P/4NP2/PPPQB3/2K3RR w - - 6 20
g1g3,r1b2r2/1pp2q1k/p2p2np/3Pp2p/4P2P/2Q1NP2/PPP1B3/2K3RR w - - 8 21
e2d1,r1b2r2/1pp2q1k/p2p3p/3Pp2p/4Pn1P/2Q1NPR1/PPP1B3/2K4R w - - 10 22
h1g1,r1b2r2/2p2q1k/p2p3p/1p1Pp2p/4Pn1P/2Q1NPR1/PPP5/2KB3R w - - 0 23
a2a4,2b2r2/r1p2q1k/p2p3p/1p1Pp2p/4Pn1P/2Q1NPR1/PPP5/2KB2R1 w - - 2 24
e3c4,2b2r2/r1p2q1k/p2p3p/3Pp2p/p3Pn1P/2Q1NPR1/1PP5/2KB2R1 w - - 0 25
c3e3,5r2/r1pb1q1k/p2p3p/3Pp2p/p1N1Pn1P/2Q2PR1/1PP5/2KB2R1 w - - 2 26
c4a5,5r2/1rpb1q1k/p2p3p/3Pp2p/p1N1Pn1P/4QPR1/1PP5/2KB2R1 w - - 4 27
a5c4,5r2/2pb1q1k/p2p3p/Nr1Pp2p/p3Pn1P/4QPR1/1PP5/2KB2R1 w - - 6 28
c4a3,5r2/2pb1q1k/p2p3p/3Pp2p/prN1Pn1P/4QPR1/1PP5/2KB2R1 w - - 8 29
f8e7,r1b1kb1r/ppp2ppp/8/3n4/8/2P2N2/PP3PPP/RNB2RK1 b kq - 1 10
f7f6,r1b1k2r/ppp1bppp/8/3n4/8/2P2N2/PP3PPP/RNB1R1K1 b kq - 3 11
e8f7,r1b1k2r/ppp1b1pp/5p2/3n4/8/2P2N2/PP1N1PPP/R1B1R1K1 b kq - 1 12
c7c6,r1b4r/ppp1bkpp/5p2/3n4/2N5/2P2N2/PP3PPP/R1B1R1K1 b - - 3 13
d5e3,r1b4r/pp2bkpp/2p2p2/3n4/8/2P1NN2/PP3PPP/R1B1R1K1 b - - 1 14
c8e6,r1b4r/pp2bkpp/2p2p2/8/8/2P1BN2/PP3PPP/R3R1K1 b - - 0 15
e6d5,r6r/pp2bkpp/2p1bp2/8/3N4/2P1B3/PP3PPP/R3R1K1 b - - 2 16
h8e8,r6r/pp2bkpp/2p2p2/3b4/3N4/1PP1B3/P4PPP/R3R1K1 b - - 0 17
d5e4,r3r3/pp2bkpp/2p2p2/3b4/2PN4/1P2B3/P4PPP/R3R1K1 b - - 0 18
e7b4,r3r3/pp2bkpp/2p2p2/8/2PNb3/1P2B3/P4PPP/3RR1K1 b - - 2 19
b4d2,r3r3/pp3kpp/2p2p2/8/1bPNb3/1P6/P2B1PPP/3RR1K1 b - - 4 20
e4g6,r3r3/pp3kpp/2p2p2/8/2PNb3/1P6/P2R1PPP/4R1K1 b - - 0 21
a8e8,r3R3/pp3kpp/2p2pb1/8/2PN4/1P6/P2R1PPP/6K1 b - - 0 22
e8e1,4r3/pp3kpp/2p2pb1/8/2PN4/1P3P2/P2R2PP/6K1 b - - 0 23
e1a1,8/pp3kpp/2p2pb1/8/2PN4/1P3P2/P2R1KPP/4r3 b - - 2 24
a7a5,8/pp3kpp/2p2pb1/8/2P5/1P3P2/P2RNKPP/r7 b - - 4 25
g6f5,8/1p3kpp/2p2pb1/p7/2P5/1P2KP2/P2RN1PP/r7 b - - 1 26
f5b1,8/1p3kpp/2p2p2/p4b2/2PN4/1P2KP2/P2R2PP/r7 b - - 3 27
g7g5,8/1p3kpp/2p2p2/p7/P1PN4/1P2KP2/3R2PP/rb6 b - - 0 28
h7h5,8/1p3k1p/2p2p2/p5p1/P1PN4/1P2KPP1/3R3P/rb6 b - - 0 29
a1d1,r2qk2r/pp3ppp/2nbbn2/3pp1B1/Q7/2N2NP1/PP2PPBP/R4RK1 w kq - 5 10
c3e4,r2qk2r/pp3ppp/2nbbn2/4p1B1/Q2p4/2N2NP1/PP2PPBP/3R1RK1 w kq - 0 11
g5f6,r2qk2r/ppb2ppp/2n1bn2/4p1B1/Q2pN3/5NP1/PP2PPBP/3R1RK1 w kq - 2 12
e4c5,r2qk2r/ppb2p1p/2n1bp2/4p3/Q2pN3/5NP1/PP2PPBP/3R1RK1 w kq - 0 13
e2e3,r1bqk2r/ppb2p1p/2n2p2/2N1p3/Q2p4/5NP1/PP2PPBP/3R1RK1 w kq - 2 14
e3d4,r1bq1rk1/ppb2p1p/2n2p2/2N1p3/Q2p4/4PNP1/PP3PBP/3R1RK1 w - - 1 15
f3d4,r1bq1rk1/ppb2p1p/5p2/2N1p3/Q2n4/5NP1/PP3PBP/3R1RK1 w - - 0 16
d1d4,r1bq1rk1/ppb2p1p/5p2/2N5/Q2p4/6P1/PP3PBP/3R1RK1 w - - 0 17
c5b7,r1b2rk1/ppb1qp1p/5p2/2N5/Q2R4/6P1/PP3PBP/5RK1 w - - 1 18
d4e4,r1b2rk1/pN2qp1p/1b3p2/8/Q2R4/6P1/PP3PBP/5RK1 w - - 1 19
e4c4,r1b2rk1/pNq2p1p/1b3p2/8/Q3R3/6P1/PP3PBP/5RK1 w - - 3 20
b7a5,r1b2rk1/pN2qp1p/1b3p2/8/Q1R5/6P1/PP3PBP/5RK1 w - - 5 21
a5c6,r4rk1/p2bqp1p/1b3p2/N7/Q1R5/6P1/PP3PBP/5RK1 w - - 7 22
a4c2,r4rk1/p2b1p1p/1bN1qp2/8/Q1R5/6P1/PP3PBP/5RK1 w - - 9 23
b2b4,2r2rk1/p2b1p1p/1bN1qp2/8/2R5/6P1/PPQ2PBP/5RK1 w - - 11 24
b4b5,5rk1/p1rb1p1p/1bN1qp2/8/1PR5/6P1/P1Q2PBP/5RK1 w - - 1 25
a2a4,5rk1/2rb1p1p/pbN1qp2/1P6/2R5/6P1/P1Q2PBP/5RK1 w - - 0 26
a4b5,5rk1/2rb1p1p/1bN1qp2/1p6/P1R5/6P1/2Q2PBP/5RK1 w - - 0 27
c4h4,5r1k/2rb1p1p/1bN1qp2/1P6/2R5/6P1/2Q2PBP/5RK1 w - - 1 28
c2c3,5r1k/2rb1p1p/1bN1q3/1P3p2/7R/6P1/2Q2PBP/5RK1 w - - 0 29
a7b6,r1b2rk1/p2pppbp/1P3np1/q7/1n2P3/2NBBN1P/PPP2PP1/R2Q1RK1 b - - 0 10
b4d3,r1b2rk1/3pppbp/1p3np1/q7/1n2P3/P1NBBN1P/1PP2PP1/R2Q1RK1 b - - 0 11
c8b7,r1b2rk1/3pppbp/1p3np1/q7/4P3/P1NPBN1P/1P3PP1/R2Q1RK1 b - - 0 12
d7d5,r4rk1/1b1pppbp/1p3np1/q7/4P3/P1NPBN1P/1P3PP1/R2QR1K1 b - - 2 13
f6d7,r4rk1/1b2ppbp/1p3np1/q2pP3/8/P1NPBN1P/1P3PP1/R2QR1K1 b - - 0 14
e7e6,r4rk1/1b1nppbp/1p4p1/q2pP3/3P4/P1N1BN1P/1P3PP1/R2QR1K1 b - - 0 15
f8c8,r4rk1/1b1n1pbp/1p2p1p1/q2pP3/3P4/P1N2N1P/1P1B1PP1/R2QR1K1 b - - 1 16
a5a4,r1r3k1/1b1n1pbp/1p2p1p1/q2pP3/3P4/P4N1P/1P1BNPP1/R2QR1K1 b - - 3 17
a8a4,r1r3k1/1b1n1pbp/1p2p1p1/3pP3/Q2P4/P4N1P/1P1BNPP1/R3R1K1 b - - 0 18
b7a6,2r3k1/1b1n1pbp/1p2p1p1/3pP3/r2P4/P1B2N1P/1P2NPP1/R3R1K1 b - - 1 19
g7f8,2r3k1/3n1pbp/bp2p1p1/3pP3/r2P4/P1B2NNP/1P3PP1/R3R1K1 b - - 3 20
a6c4,2r2bk1/3n1p1p/bp2p1p1/3pP3/r2P4/P1B2NNP/1P3PP1/R1R3K1 b - - 5 21
a4a8,2r2bk1/3n1p1p/1p2p1p1/3pP3/r1bP4/P4NNP/1P1B1PP1/R1R3K1 b - - 7 22
c4b3,r1r2bk1/3n1p1p/1p2p1p1/3pP3/2bP4/P4NNP/1PRB1PP1/R5K1 b - - 9 23
a8c8,r1R2bk1/3n1p1p/1p2p1p1/3pP3/3P4/Pb3NNP/1P1B1PP1/R5K1 b - - 0 24
c8a8,2r2bk1/3n1p1p/1p2p1p1/3pP3/3P4/Pb3NNP/1P1B1PP1/2R3K1 b - - 1 25
b3a4,r4bk1/2Rn1p1p/1p2p1p1/3pP3/3P4/Pb3NNP/1P1B1PP1/6K1 b - - 3 26
h7h6,r4bk1/2Rn1p1p/1p2p1p1/3pP3/b2P4/P1B2NNP/1P3PP1/6K1 b - - 5 27
d7b8,r4bk1/2Rn1p2/1p2p1pp/3pP3/b2P4/P1B3NP/1P1N1PP1/6K1 b - - 1 28
b8a6,rn3bk1/2R2p2/1p2p1pp/3pP3/b2P4/P1B4P/1P1NNPP1/6K1 b - - 3 29
d1e2,r1bqk2r/ppp3bp/2n2np1/4p1B1/8/2NB1N2/PPP2PP1/R2QK2R w KQkq - 3 10
e1c1,r1bq1rk1/ppp3bp/2n2np1/4p1B1/8/2NB1N2/PPP1QPP1/R3K2R w KQ - 5 11
c3d5,r1b2rk1/ppp1q1bp/2n2np1/4p1B1/8/2NB1N2/PPP1QPP1/2KR3R w - - 7 12
d5f6,r1b2rk1/ppp2qbp/2n2np1/3Np1B1/8/3B1N2/PPP1QPP1/2KR3R w - - 9 13
d3c4,r1b2rk1/ppp2q1p/2n2bp1/4p1B1/8/3B1N2/PPP1QPP1/2KR3R w - - 0 14
c4e6,r4rk1/ppp2q1p/2n1bbp1/4p1B1/2B5/5N2/PPP1QPP1/2KR3R w - - 2 15
g5f6,r4rk1/ppp4p/2n1qbp1/4p1B1/8/5N2/PPP1QPP1/2KR3R w - - 0 16
e2e4,r5k1/ppp4p/2n1qrp1/4p3/8/5N2/PPP1QPP1/2KR3R w - - 0 17
e4d5,r5k1/ppp4p/2n1q1p1/4p3/4Qr2/5N2/PPP2PP1/2KR3R w - - 2 18
d1d5,r5k1/ppp4p/2n3p1/3qp3/5r2/5N2/PPP2PP1/2KR3R w - - 0 19
f3g5,r5k1/ppp4p/2n3p1/3R4/4pr2/5N2/PPP2PP1/2K4R w - - 0 20
d5d7,r5k1/ppp5/2n3p1/3R2Np/4pr2/8/PPP2PP1/2K4R w - - 0 21
d7c7,3r2k1/pppR4/2n3p1/6Np/4pr2/8/PPP2PP1/2K4R w - - 2 22
g5e4,3r2k1/ppR5/2n3p1/6Np/4p3/8/PPP2rP1/2K4R w - - 0 23
e4f6,3r2k1/ppR5/2n3p1/7p/4N3/8/PPP3r1/2K4R w - - 0 24
h1f1,3r1k2/ppR5/2n2Np1/7p/8/8/PPP3r1/2K4R w - - 2 25
f6h5,3r1k2/ppR5/5Np1/4n2p/8/8/PPP3r1/2K2R2 w - - 4 26
h5f6,3r2k1/ppR5/6p1/4n2N/8/8/PPP3r1/2K2R2 w - - 1 27
f6d5,3r1k2/ppR5/5Np1/4n3/8/8/PPP3r1/2K2R2 w - - 3 28
d5f6,3r2k1/ppR5/6p1/3Nn3/8/8/PPP3r1/2K2R2 w - - 5 29
b7b5,rnb4r/ppk1n1pp/2pb1p2/4pP2/2B1P3/2P1BN2/PP4PP/RN2K2R b KQ - 2 10
b8d7,rnb4r/p1k1n1pp/2pb1p2/1p2pP2/4P3/1BP1BN2/PP4PP/RN2K2R b KQ - 1 11
d6c5,r1b4r/p1knn1pp/2pb1p2/1p2pP2/4P3/1BP1BN2/PP1N2PP/R3K2R b KQ - 3 12
c5e3,r1b4r/p1knn1pp/2p2p2/1pb1pP2/4P3/1BP1BN2/PP1NK1PP/R6R b - - 5 13
d7c5,r1b4r/p1knn1pp/2p2p2/1p2pP2/4P3/1BP1KN2/PP1N2PP/R6R b - - 0 14
h8d8,r1b4r/p1k1n1pp/2p2p2/1pn1pP2/4P3/1BP1KN2/PP1N2PP/R2R4 b - - 2 15
a7a5,r1br4/p1k1n1pp/2p2p2/1pn1pP2/4P1P1/1BP1KN2/PP1N3P/R2R4 b - - 0 16
c8b7,r1br4/2k1n1pp/2p2p2/ppn1pP2/4P1P1/1BP1KN2/PP5P/R2R1N2 b - - 1 17
a5a4,r2r4/1bk1n1pp/2p2p2/ppn1pP2/4P1P1/1BP1KNN1/PP5P/R2R4 b - - 3 18
g7g6,r2r4/1bk1n1pp/2p2p2/1pn1pP2/p3P1P1/2P1KNN1/PPB4P/R2R4 b - - 1 19
g6g5,r2r4/1bk1n2p/2p2pp1/1pn1pP2/p3P1PN/2P1K1N1/PPB4P/R2R4 b - - 1 20
d8d1,r2r4/1bk1n2p/2p2p2/1pn1pPp1/p3P1P1/2P1KNN1/PPB4P/R2R4 b - - 1 21
a8f8,r7/1bk1n2p/2p2p2/1pn1pPp1/p3P1P1/2P1KNN1/PPB4P/3R4 b - - 0 22
b7c8,5r2/1bk1n2p/2p2p2/1pn1pPpN/p3P1P1/2P1KN2/PPB4P/3R4 b - - 2 23
c8d7,2b2r2/2k1n2p/2p2p2/1pn1pPpN/p3P1P1/2P1KN1P/PPB5/3R4 b - - 0 24
a4b3,5r2/2kbn2p/2p2p2/1pn1pPpN/p3P1P1/1PP1KN1P/P1B5/3R4 b - - 0 25
d7e8,5r2/2kbn2p/2p2p2/1pn1pPpN/4P1P1/1PP1KN1P/2B5/3R4 b - - 0 26
e8h5,4br2/2k1n2p/2p2p2/1pn1pPpN/1P2P1P1/2P1KN1P/2B5/3R4 b - - 0 27
h5f7,5r2/2k1n2p/2p2p2/1pP1pPpb/4P1P1/2P1KN1P/2B5/3R4 b - - 0 28
e7g8,5r2/2k1nb1p/2pR1p2/1pP1pPp1/4P1P1/2P1KN1P/2B5/8 b - - 2 29
e3g1,r2qk2r/1bpnppbp/p2p2p1/1p2P3/3P1Pn1/P1N1BN2/1PPQ2PP/R3KB1R w KQkq - 1 10
h2h3,r2q1rk1/1bpnppbp/p2p2p1/1p2P3/3P1Pn1/P1N2N2/1PPQ2PP/R3KBBR w KQ - 3 11
f1d3,r2q1rk1/1bpnppbp/p2p2pn/1p2P3/3P1P2/P1N2N1P/1PPQ2P1/R3KBBR w KQ - 1 12
d4c5,r2q1rk1/1b1nppbp/p2p2pn/1pp1P3/3P1P2/P1NB1N1P/1PPQ2P1/R3K1BR w KQ - 0 13
g1c5,r2q1rk1/1b2ppbp/p2p2pn/1pn1P3/5P2/P1NB1N1P/1PPQ2P1/R3K1BR w KQ - 0 14
d3e4,r2q1rk1/1b2ppbp/p5pn/1pp1P3/5P2/P1NB1N1P/1PPQ2P1/R3K2R w KQ - 0 15
c3e4,r2q1rk1/4ppbp/p5pn/1pp1P3/4bP2/P1N2N1P/1PPQ2P1/R3K2R w KQ - 0 16
e1g1,r4rk1/2q1ppbp/p5pn/1pp1P3/4NP2/P4N1P/1PPQ2P1/R3K2R w KQ - 1 17
d2e2,3r1rk1/2q1ppbp/p5pn/1pp1P3/4NP2/P4N1P/1PPQ2P1/R4RK1 w - - 3 18
g2g4,3r1rk1/4ppbp/p1q3pn/1pp1P3/4NP2/P4N1P/1PP1Q1P1/R4RK1 w - - 5 19
e5f6,3r1rk1/4p1bp/p1q3pn/1pp1Pp2/4NPP1/P4N1P/1PP1Q3/R4RK1 w - f6 0 20
a1e1,3r1rk1/6bp/p1q2ppn/1pp5/4NPP1/P4N1P/1PP1Q3/R4RK1 w - - 0 21
e2f2,3r1rk1/5nbp/p1q2pp1/1pp5/4NPP1/P4N1P/1PP1Q3/4RRK1 w - - 2 22
f2c5,3rr1k1/5nbp/p1q2pp1/1pp5/4NPP1/P4N1P/1PP2Q2/4RRK1 w - - 4 23
e4c3,3rr1k1/1q3nbp/p4pp1/1pQ5/4NPP1/P4N1P/1PP5/4RRK1 w - - 1 24
f3e1,3r2k1/1q3nbp/p4pp1/1pQ5/5PP1/P1N2N1P/1PP5/4rRK1 w - - 0 25
f1f2,6k1/1q3nbp/p4pp1/1pQ5/5PP1/P1N4P/1PPr4/4NRK1 w - - 1 26
c5f2,6k1/1q3nbp/p4pp1/1pQ5/5PP1/P1N4P/1PP2r2/4N1K1 w - - 0 27
f2f3,6k1/1q4bp/p2n1pp1/1p6/5PP1/P1N4P/1PP2Q2/4N1K1 w - - 1 28
e1d3,6k1/4q1bp/p2n1pp1/1p6/5PP1/P1N2Q1P/1PP5/4N1K1 w - - 3 29
g8e7,rn1qk1nr/pp3pb1/2p1p1p1/3pP2p/3P1PP1/2N2Q1P/PPP1B3/R1B1K2R b KQkq - 1 10
b8d7,rn1qk2r/pp2npb1/2p1p1p1/3pP2p/3P1PP1/2N1BQ1P/PPP1B3/R3K2R b KQkq - 3 11
b7b5,r2qk2r/pp1nnpb1/2p1p1p1/3pP2p/3P1PP1/2N1BQ1P/PPP1B3/2KR3R b kq - 5 12
d8a5,r2qk2r/p2nnpb1/2p1p1p1/1p1pP2p/3P1PP1/2N1BQ1P/PPP1B3/2K2R1R b kq - 1 13
d7b6,r3k2r/p2nnpb1/2p1p1p1/qp1pP2p/3P1PP1/2N1BQ1P/PPP1B3/1K3R1R b kq - 3 14
g6f5,r3k2r/p3npb1/1np1p1p1/qp1pPP1p/3P2P1/2N1BQ1P/PPP1B3/1K3R1R b kq - 0 15
e7f5,r3k2r/p3npb1/1np1p3/qp1pPP1p/3P4/2N1BQ1P/PPP1B3/1K3R1R b kq - 0 16
b6c4,r3k2r/p4pb1/1np1p3/qp1pPn1p/3P4/2N2Q1P/PPP1BB2/1K3R1R b kq - 1 17
c4d2,r3k2r/p4pb1/2p1p3/qp1pPn1p/2nP4/2NB1Q1P/PPP2B2/1K3R1R b kq - 3 18
f1d3,r2qk2r/pppnppbp/3p1np1/3P4/5B1P/2N2P2/PPPQ1PP1/2KR1B1R w kq - 1 10
d5c6,r2qk2r/pp1nppbp/2pp1np1/3P4/5B1P/2NB1P2/PPPQ1PP1/2KR3R w kq - 0 11
d1e1,r2qk2r/p2nppbp/2pp1np1/8/5B1P/2NB1P2/PPPQ1PP1/2KR3R w kq - 0 12
f4e5,r2qk2r/p3ppbp/2pp1np1/4n3/5B1P/2NB1P2/PPPQ1PP1/2K1R2R w kq - 2 13
e1e5,r2qk2r/p3ppbp/2p2np1/4p3/7P/2NB1P2/PPPQ1PP1/2K1R2R w kq - 0 14
h1e1,r3k2r/p3ppbp/1qp2np1/4R3/7P/2NB1P2/PPPQ1PP1/2K4R w kq - 1 15
e5e7,r4rk1/p3ppbp/1qp2np1/4R3/7P/2NB1P2/PPPQ1PP1/2K1R3 w - - 3 16
c3d5,r4rk1/p3Rpbp/1qp3p1/3n4/7P/2NB1P2/PPPQ1PP1/2K1R3 w - - 1 17
c1d1,r4rk1/p3Rpbp/2p3p1/3N4/7P/3B1P2/PqPQ1PP1/2K1R3 w - - 0 18
d2c1,r4rk1/p3Rpbp/6p1/3p4/7P/3B1P2/PqPQ1PP1/3KR3 w - - 0 19
h4h5,r4rk1/p3Rpbp/6p1/3p4/1q5P/3B1P2/P1P2PP1/2QKR3 w - - 2 20
e1e2,r4rk1/p3Rp1p/6p1/3p3P/1q6/2bB1P2/P1P2PP1/2QKR3 w - - 1 21
c1g5,r4rk1/p3Rp1p/6p1/3p3P/1q6/3B1P2/PbP1RPP1/2QK4 w - - 3 22
h5g6,r4rk1/p3Rp1p/6p1/3p2QP/1q6/2bB1P2/P1P1RPP1/3K4 w - - 5 23
d3g6,r4rk1/p3Rp2/6p1/3p2Q1/1q6/2bB1P2/P1P1RPP1/3K4 w - - 0 24
g5c1,r4rk1/p3Rp2/6B1/3p2Q1/8/2b2P2/P1P1RPP1/1q1K4 w - - 1 25
d1c1,r4rk1/p3Rp2/6B1/3p4/8/2b2P2/P1P1RPP1/2qK4 w - - 0 26
e7d7,r4rk1/p3R3/6p1/3p4/8/2b2P2/P1P1RPP1/2K5 w - - 0 27
d7a7,3r1rk1/p2R4/6p1/3p4/8/2b2P2/P1P1RPP1/2K5 w - - 2 28
c1d1,3rr1k1/R7/6p1/3p4/8/2b2P2/P1P1RPP1/2K5 w - - 1 29
a7a6,r1b1k1nr/pp1p1pbp/4p1p1/8/2BqP3/2NP4/PP3PPP/R1BQ1RK1 b kq - 1 10
d4d6,r1b1k1nr/1p1p1pbp/p3p1p1/8/2BqP3/2NPB3/PP3PPP/R2Q1RK1 b kq - 1 11
g8e7,r1b1k1nr/1p1p1pbp/p2qp1p1/8/2BPP3/2N1B3/PP3PPP/R2Q1RK1 b kq - 0 12
d6c7,r1b1k2r/1p1pnpbp/p2qp1p1/4P3/2BP4/2N1B3/PP3PPP/R2Q1RK1 b kq - 0 13
d7d5,r1b1k2r/1pqpnpbp/p3p1p1/4P3/3P4/1BN1B3/PP3PPP/R2Q1RK1 b kq - 2 14
c7d6,r1b1k2r/1pq1npbp/p2Pp1p1/8/3P4/1BN1B3/PP3PPP/R2Q1RK1 b kq - 0 15
e6d5,r1b1k2r/1p2npbp/p2qp1p1/3P4/8/1BN1B3/PP3PPP/R2Q1RK1 b kq - 0 16
e7d5,r1b1k2r/1p2npbp/p2q2p1/3N4/8/1B2B3/PP3PPP/R2Q1RK1 b kq - 0 17
g7b2,r1b1k2r/1p3pbp/p2q2p1/3B4/8/4B3/PP3PPP/R2Q1RK1 b kq - 0 18
e8e7,r1b1k2r/1p3B1p/p2q2p1/8/8/4B3/Pb3PPP/R2Q1RK1 b kq - 0 19
e7d7,r1b4r/1p2kB1p/p2q2p1/6B1/8/8/Pb3PPP/R2Q1RK1 b - - 2 20
b2a1,r1b4r/1p1k1B1p/p2q2p1/6B1/8/8/Pb3PPP/RQ3RK1 b - - 4 21
h8f8,r1b4r/1p1k1B1p/p2q2p1/6B1/8/8/P4PPP/Q4RK1 b - - 0 22
f8f7,r1b2r2/1p1k1B1p/p2q2p1/6B1/8/8/P4PPP/Q2R2K1 b - - 2 23
d7d6,r1b5/1p1k1r1p/p2R2p1/6B1/8/8/P4PPP/Q5K1 b - - 0 24
d6e6,r1b5/1p3r1p/p2k2p1/6B1/3Q4/8/P4PPP/6K1 b - - 1 25
e6f5,r1b5/1p3r1p/p3k1p1/6B1/2Q5/8/P4PPP/6K1 b - - 3 26
f5g5,r1b5/1p3Q1p/p5p1/5kB1/8/8/P4PPP/6K1 b - - 0 27
b7b5,r1b2Q2/1p5p/p5p1/6k1/8/8/P4PPP/6K1 b - - 1 28
h7h5,r1b2Q2/7p/p5p1/1p4k1/8/7P/P4PP1/6K1 b - - 0 29
e4e5,r2qk2r/1b1nppbp/p2p1np1/1pp5/3PPP2/2NBBN2/PPPQ2PP/R4RK1 w kq - 2 10
d4d5,r2qk2r/1b1nppbp/p2p2p1/1pp1P3/3P1Pn1/2NBBN2/PPPQ2PP/R4RK1 w kq - 1 11
d2e3,r2qk2r/1b1nppbp/p2p2p1/1ppPP3/5P2/2NBnN2/PPPQ2PP/R4RK1 w kq - 0 12
f4e5,r2qk2r/1b1nppbp/p5p1/1ppPp3/5P2/2NBQN2/PPP3PP/R4RK1 w kq - 0 13
e5e6,r2qk2r/1b1nppbp/p5p1/2pPP3/1p6/2NBQN2/PPP3PP/R4RK1 w kq - 0 14
e6f7,r2qk2r/1b1nppbp/p3P1p1/2pP4/8/2pBQN2/PPP3PP/R4RK1 w kq - 0 15
f3g5,r2q1k1r/1b1npPbp/p5p1/2pP4/8/2pBQN2/PPP3PP/R4RK1 w - - 1 16
b2c3,r2q1k1r/3npPbp/p5p1/2pb2N1/8/2pBQ3/PPP3PP/R4RK1 w - - 0 17
g1h1,r2q1k1r/4pPbp/p4np1/2pb2N1/8/2PBQ3/P1P3PP/R4RK1 w - - 1 18
a1e1,r2q1k1r/4pbbp/p4np1/2p3N1/8/2PBQ3/P1P3PP/R4R1K w - - 0 19
d3a6,2rq1k1r/4pbbp/p4np1/2p3N1/8/2PBQ3/P1P3PP/4RR1K w - - 2 20
a6b5,3q1k1r/4pbbp/B1r2np1/2p3N1/8/2P1Q3/P1P3PP/4RR1K w - - 1 21
a2a4,3q1k1r/4pbbp/3r1np1/1Bp3N1/8/2P1Q3/P1P3PP/4RR1K w - - 3 22
g5e4,3q1k1r/4pbb1/3r1npp/1Bp3N1/P7/2P1Q3/2P3PP/4RR1K w - - 0 23
e3e4,3q1k1r/4pbb1/3r2pp/1Bp5/P3n3/2P1Q3/2P3PP/4RR1K w - - 0 24
a4a5,3q1k1r/4pbb1/5rpp/1Bp5/P3Q3/2P5/2P3PP/4RR1K w - - 1 25
e1f1,3q1k1r/4pbb1/6pp/PBp5/4Q3/2P5/2P3PP/4Rr1K w - - 0 26
a5a6,3q1k1r/4pb2/5bpp/PBp5/4Q3/2P5/2P3PP/5R1K w - - 1 27
a6a7,3q3r/4pbk1/P4bpp/1Bp5/4Q3/2P5/2P3PP/5R1K w - - 1 28
e4a4,3q3r/P3p1k1/5bpp/1Bpb4/4Q3/2P5/2P3PP/5R1K w - - 1 29
g7g5,rnb1k2r/ppp1qpp1/1b1p1n1p/3Pp3/2B1P3/2P2N1P/PP1N1PP1/R1BQR1K1 b kq - 2 10
a7a6,rnb1k2r/ppp1qp2/1b1p1n1p/3Pp1p1/4P3/2P2N1P/PP1NBPP1/R1BQR1K1 b kq - 1 11
b8d7,rnb1k2r/1pp1qp2/pb1p1n1p/3Pp1p1/4P3/2P4P/PP1NBPPN/R1BQR1K1 b kq - 1 12
d7f8,r1b1k2r/1ppnqp2/pb1p1n1p/3Pp1p1/4P1N1/2P4P/PP1NBPP1/R1BQR1K1 b kq - 3 13
f8g6,r1b1kn1r/1pp1qp2/pb1p1n1p/3Pp1p1/4P1N1/2P4P/PP2BPP1/R1BQRNK1 b kq - 5 14
e7f6,r1b1k2r/1pp1qp2/pb1p1Nnp/3Pp1p1/4P3/2P4P/PP2BPP1/R1BQRNK1 b kq - 0 15
g6h4,r1b1k2r/1pp2p2/pb1p1qnp/3Pp1p1/4P3/2P2B1P/PP3PP1/R1BQRNK1 b kq - 1 16
h6h5,r1b1k2r/1pp2p2/pb1p1q1p/3Pp1p1/4P2n/2P2B1P/PP3PPN/R1BQR1K1 b kq - 3 17
g5g4,r1b1k2r/1pp2p2/pb1p1q2/3Pp1pp/4P2n/2P2B1P/PP1Q1PPN/R1B1R1K1 b kq - 1 18
h4f3,r1b1k2r/1pp2p2/pb1p1q2/3Pp2p/4P1Pn/2P2B2/PP1Q1PPN/R1B1R1K1 b kq - 0 19
h5g4,r1b1k2r/1pp2p2/pb1p1q2/3Pp2p/4P1P1/2P2P2/PP1Q1P1N/R1B1R1K1 b kq - 0 20
c8g4,r1b1k2r/1pp2p2/pb1p1q2/3Pp3/4P1N1/2P2P2/PP1Q1P2/R1B1R1K1 b kq - 0 21
f6f3,r3k2r/1pp2p2/pb1p1q2/3Pp3/4P1P1/2P5/PP1Q1P2/R1B1R1K1 b kq - 0 22
e4f5,1rbqk1nr/p3ppb1/2np4/1pp2p1p/4P2P/2NPB3/PPPQ2P1/2KR1BNR w k - 0 10
g1f3,1r1qk1nr/p3ppb1/2np4/1pp2b1p/7P/2NPB3/PPPQ2P1/2KR1BNR w k - 0 11
c3e4,1r1qk1nr/p3ppb1/2np4/2p2b1p/1p5P/2NPBN2/PPPQ2P1/2KR1B1R w k - 0 12
c1b1,1r2k1nr/p3ppb1/2np4/q1p2b1p/1p2N2P/3PBN2/PPPQ2P1/2KR1B1R w k - 2 13
e4f6,1r2k2r/p3ppb1/2np1n2/q1p2b1p/1p2N2P/3PBN2/PPPQ2P1/1K1R1B1R w k - 4 14
d3d4,1r2k2r/p3pp2/2np1b2/q1p2b1p/1p5P/3PBN2/PPPQ2P1/1K1R1B1R w k - 0 15
f3d4,1r2k2r/p3pp2/2np1b2/q4b1p/1p1p3P/4BN2/PPPQ2P1/1K1R1B1R w k - 0 16
e3d4,1r2k2r/p3pp2/3p1b2/q4b1p/1p1n3P/4B3/PPPQ2P1/1K1R1B1R w k - 0 17
b2b3,1r2k2r/p3pp2/3pbb2/q6p/1p1B3P/8/PPPQ2P1/1K1R1B1R w k - 1 18
d2d4,1r2k2r/p3pp2/3pb3/q6p/1p1b3P/1P6/P1PQ2P1/1K1R1B1R w k - 0 19
d4h8,1r2k2r/p3pp2/3pb3/2q4p/1p1Q3P/1P6/P1P3P1/1K1R1B1R w k - 1 20
e8g8,r2qk2r/1bpnbppp/p4n2/1p1P4/8/1BN2N2/PP1P1PPP/R1BQ1RK1 b kq - 5 10
d7b6,r2q1rk1/1bpnbppp/p4n2/1p1P4/3P4/1BN2N2/PP3PPP/R1BQ1RK1 b - - 0 11
b6d5,r2q1rk1/1bp1bppp/pn3n2/1p1PN3/3P4/1BN5/PP3PPP/R1BQ1RK1 b - - 2 12
d5c3,r2q1rk1/1bp1bppp/p4n2/1p1nN1B1/3P4/1BN5/PP3PPP/R2Q1RK1 b - - 1 13
f6d5,r2q1rk1/1bp1bppp/p4n2/1p2N1B1/3P4/1BP5/P4PPP/R2Q1RK1 b - - 0 14
d8e7,r2q1rk1/1bp1Bppp/p7/1p1nN3/3P4/1BP5/P4PPP/R2Q1RK1 b - - 0 15
a8d8,r4rk1/1bp1qppp/p7/1p1nN3/3P4/1BPQ4/P4PPP/R4RK1 b - - 1 16
e7f6,3r1rk1/1bp1qppp/p7/1p1nN3/3P4/1BPQ4/P4PPP/R3R1K1 b - - 3 17
d5f4,3r1rk1/1bp2ppp/p4q2/1p1nN3/3P4/1BP4Q/P4PPP/R3R1K1 b - - 5 18
b7g2,3r1rk1/1bp2ppp/p4q2/1p2N3/3P1n2/1BP3Q1/P4PPP/R3R1K1 b - - 7 19
f6g5,3r1rk1/2p2ppp/p4q2/1p6/3P1nN1/1BP3Q1/P4PbP/R3R1K1 b - - 1 20
g5g6,3r1rk1/2p2ppp/p7/1p4q1/3P1nNP/1BP3Q1/P4Pb1/R3R1K1 b - - 0 21
g2h3,3r1rk1/2p2ppp/p5q1/1p6/3P1QNP/1BP5/P4Pb1/R3R1K1 b - - 0 22
h7h5,3r1rk1/2p2ppp/p5q1/1p6/3P1QNP/1BP2P1b/P7/R3R1K1 b - - 0 23
h5g4,3r1rk1/2p2pp1/p5q1/1p5p/3P1QNP/1BP2P1b/P6K/R3R3 b - - 1 24
c7c5,3r1rk1/2p2pp1/p5q1/1p6/3P1QpP/1BP2P1b/P6K/R5R1 b - - 1 25
c5c4,3r1rk1/5pp1/p5q1/1pp5/3P1QPP/1BP4b/P6K/R5R1 b - - 0 26
g6d3,3r1rk1/5pp1/p5q1/1p6/2pP1QPP/2P4b/P6K/R2B2R1 b - - 1 27
d3c3,3r1rk1/5pp1/p7/1p6/2pP1QPP/2Pq1B1b/P6K/R5R1 b - - 3 28
d8d4,3r1rk1/5pp1/p7/1p6/2pP1QPP/2q2B1K/P7/R5R1 b - - 0 29
e7e5,r2q1rk1/pb2ppbp/1pnp1np1/2p5/4P3/1PPP1NP1/P1QN1PBP/R1B2RK1 b - - 0 10
a8c8,r2q1rk1/pb3pbp/1pnp1np1/2p1p3/4P3/1PPP1NP1/PBQN1PBP/R4RK1 b - - 1 11
f8e8,2rq1rk1/pb3pbp/1pnp1np1/2p1p3/4P3/1PPP1NP1/PBQN1PBP/R3R1K1 b - - 3 12
d6d5,2rqr1k1/pb3pbp/1pnp1np1/2p1p3/4P3/1PPP1NP1/PBQ2PBP/R3RNK1 b - - 5 13
d5d4,2rqr1k1/pb3pbp/1pn2np1/2ppp1N1/4P3/1PPP2P1/PBQ2PBP/R3RNK1 b - - 1 14
h7h6,2rqr1k1/pb3pbp/1pn2np1/2p1p1N1/3pP2P/1PPP2P1/PBQ2PB1/R3RNK1 b - - 0 15
d4c3,2rqr1k1/pb3pb1/1pn2npp/2p1p3/3pP2P/1PPP2PN/PBQ2PB1/R3RNK1 b - - 1 16
c6d4,2rqr1k1/pb3pb1/1pn2npp/2p1p3/4P2P/1PBP2PN/P1Q2PB1/R3RNK1 b - - 0 17
d8d7,2rqr1k1/pb3pb1/1p3npp/2p1p3/3nP2P/1PBP2PN/PQ3PB1/R3RNK1 b - - 2 18
b7c6,2r1r1k1/pb1q1pb1/1p3npp/2p1p3/3nP2P/1PBPN1PN/PQ3PB1/R3R1K1 b - - 4 19
c8d8,2r1r1k1/p2q1pb1/1pb2npp/2p1p3/3nP2P/1PBPN1PN/PQ3PB1/3RR1K1 b - - 6 20
c6b5,3rr1k1/p2q1pb1/1pb2npp/2p1p3/2NnP2P/1PBP2PN/PQ3PB1/3RR1K1 b - - 8 21
f6g4,3rr1k1/p2q1pb1/1p3npp/1bp1p3/2NnPP1P/1PBP2PN/PQ4B1/3RR1K1 b - - 0 22
g4e5,3rr1k1/p2q1pb1/1p4pp/1bp1P3/2NnP1nP/1PBP2PN/PQ4B1/3RR1K1 b - - 0 23
b5c6,3rr1k1/p2q1pb1/1p4pp/1bp1n3/2NnPN1P/1PBP2P1/PQ4B1/3RR1K1 b - - 1 24
d7g4,3rr1k1/p2q1pb1/1pb3pp/2p1n3/2NnPN1P/1PBP2P1/PQ4B1/3R1RK1 b - - 3 25
e5f3,3rr1k1/p4pb1/1pb3pp/2p1n3/2NnPNqP/1PBP2P1/PQ4BK/3R1R2 b - - 5 26
d4f3,3rr1k1/p4pb1/1pb3pp/2p5/2NnPNqP/1PBP1BP1/PQ5K/3R1R2 b - - 0 27
g4f3,3rr1k1/p4pb1/1pb3pp/2p5/2N1PNqP/1PBP1RP1/PQ5K/3R4 b - - 0 28
f3d1,3rr1k1/p4pB1/1pb3pp/2p5/2N1PN1P/1P1P1qP1/PQ5K/3R4 b - - 0 29
e1c1,rnbq1r1k/ppp3pp/3bpn2/5p2/2B5/1PN2NP1/PBPPQ2P/R3K2R w KQ - 5 10
c4e6,r1bq1r1k/ppp3pp/2nbpn2/5p2/2B5/1PN2NP1/PBPPQ2P/2KR3R w - - 7 11
f3g5,r1bqr2k/ppp3pp/2nbBn2/5p2/8/1PN2NP1/PBPPQ2P/2KR3R w - - 1 12
g5f7,r1b1r2k/ppp1q1pp/2nbBn2/5pN1/8/1PN3P1/PBPPQ2P/2KR3R w - - 3 13
e6f7,r1b1r2k/ppp2qpp/2nbBn2/5p2/8/1PN3P1/PBPPQ2P/2KR3R w - - 0 14
c3e2,r1b4k/ppp2Bpp/2nb1n2/5p2/8/1PN3P1/PBPPr2P/2KR3R w - - 0 15
e2f4,r1b4k/ppp2Bpp/2n2n2/4bp2/8/1P4P1/PBPPN2P/2KR3R w - - 1 16
c1b2,r1b4k/ppp2Bpp/2n2n2/5p2/5N2/1P4P1/PbPP3P/2KR3R w - - 0 17
f7c4,r1b4k/ppp2Bpp/5n2/4np2/5N2/1P4P1/PKPP3P/3R3R w - - 1 18
b3c4,r1b4k/ppp3pp/5n2/5p2/2n2N2/1P4P1/PKPP3P/3R3R w - - 0 19
h1e1,r1b4k/ppp3pp/8/5p2/2P2Nn1/6P1/PKPP3P/3R3R w - - 1 20
e1e8,r1b4k/pp4pp/2p5/5p2/2P2Nn1/6P1/PKPP3P/3RR3 w - - 0 21
a3c2,r1bqkb1r/3n1p1p/p1n1p1p1/1pppP3/5PQ1/NPP2N2/PB1P2PP/R3KB1R w KQkq - 0 10
g4g3,r1bqkb1r/3n1p2/p1n1p1p1/1pppP2p/5PQ1/1PP2N2/PBNP2PP/R3KB1R w KQkq - 0 11
d2d4,r1bqk2r/3nbp2/p1n1p1p1/1pppP2p/5P2/1PP2NQ1/PBNP2PP/R3KB1R w KQkq - 2 12
c3d4,r1bqk2r/3nbp2/p1n1p1p1/1p1pP2p/3p1P2/1PP2NQ1/PBN3PP/R3KB1R w KQkq - 0 13
f1d3,r2qk2r/1b1nbp2/p1n1p1p1/1p1pP2p/3P1P2/1P3NQ1/PBN3PP/R3KB1R w KQkq - 1 14
c2b4,r2qk2r/1b1nbp2/p3p1p1/1p1pP2p/1n1P1P2/1P1B1NQ1/PBN3PP/R3K2R w KQkq - 3 15
e1e2,r2qk2r/1b1n1p2/p3p1p1/1p1pP2p/1b1P1P2/1P1B1NQ1/PB4PP/R3K2R w KQkq - 0 16
h1c1,2rqk2r/1b1n1p2/p3p1p1/1p1pP2p/1b1P1P2/1P1B1NQ1/PB2K1PP/R6R w k - 2 17
d3g6,2rq1rk1/1b1n1p2/p3p1p1/1p1pP2p/1b1P1P2/1P1B1NQ1/PB2K1PP/R1R5 w - - 4 18
g3g6,2rq1rk1/1b1n4/p3p1p1/1p1pP2p/1b1P1P2/1P3NQ1/PB2K1PP/R1R5 w - - 0 19
g6h6,2rq1r1k/1b1n4/p3p1Q1/1p1pP2p/1b1P1P2/1P3N2/PB2K1PP/R1R5 w - - 1 20
h6e6,2rq1rk1/1b1n4/p3p2Q/1p1pP2p/1b1P1P2/1P3N2/PB2K1PP/R1R5 w - - 3 21
f3g5,2rq2k1/1b1n1r2/p3Q3/1p1pP2p/1b1P1P2/1P3N2/PB2K1PP/R1R5 w - - 1 22
e6f7,2r3k1/1b1nqr2/p3Q3/1p1pP1Np/1b1P1P2/1P6/PB2K1PP/R1R5 w - - 3 23
g5f7,2r3k1/1b1n1q2/p7/1p1pP1Np/1b1P1P2/1P6/PB2K1PP/R1R5 w - - 0 24
c1c8,2r5/1b1n1k2/p7/1p1pP2p/1b1P1P2/1P6/PB2K1PP/R1R5 w - - 0 25
f4f5,2b5/3n1k2/p7/1p1pP2p/1b1P1P2/1P6/PB2K1PP/R7 w - - 0 26
a1f1,2b2n2/5k2/p7/1p1pPP1p/1b1P4/1P6/PB2K1PP/R7 w - - 1 27
g2g3,2b2n2/4bk2/p7/1p1pPP1p/3P4/1P6/PB2K1PP/5R2 w - - 3 28
h2h3,2b2n2/5k2/p7/1p1pPPbp/3P4/1P4P1/PB2K2P/5R2 w - - 1 29
d8d1,r1bqkb1r/pp3ppp/1nn1p3/4P3/8/1BN2N2/PP3PPP/R1BQK2R b KQkq - 0 10
b6c4,r1b1kb1r/pp3ppp/1nn1p3/4P3/8/2N2N2/PP3PPP/R1BBK2R b KQkq - 0 11
f8b4,r1b1kb1r/pp3ppp/2n1p3/1N2P3/2n5/5N2/PP3PPP/R1BBK2R b KQkq - 2 12
c4d2,r1b1k2r/pp3ppp/2n1p3/1N2P3/1bn5/5N2/PP1B1PPP/R2BK2R b KQkq - 4 13
e8e7,r1b1k2r/pp3ppp/2n1p3/1N2P3/1b6/8/PP1N1PPP/R2BK2R b KQkq - 0 14
h8d8,r1b4r/pp2kppp/2n1p3/1N2P3/1b3P2/8/PP1N2PP/R2BK2R b KQ - 0 15
c8d7,r1br4/pp2kppp/2n1p3/4P3/1b3P2/2N5/PP1N2PP/R2BK2R b KQ - 2 16
c6d4,r2r4/pp1bkppp/2n1p3/4P3/1b2NP2/2N5/PP4PP/R2BK2R b KQ - 4 17
b4c3,r2r4/pp1bkppp/4p3/4P3/1b1nNP2/P1N5/1P4PP/R2BK2R b KQ - 0 18
d7c6,r2r4/pp1bkppp/4p3/4P3/3n1P2/P1N5/1P4PP/R2BK2R b KQ - 0 19
d4b5,r2r4/pp2kppp/2b1p3/4P3/3n1P2/P1N5/1P4PP/R2B1RK1 b - - 2 20
c6b5,r2r4/pp2kppp/2b1p3/1N2P3/5P2/P7/1P4PP/R2B1RK1 b - - 0 21
a8c8,r2r4/pp2kppp/4p3/1b2P3/5P2/P7/1P3RPP/R2B2K1 b - - 1 22
b5e2,2rr4/pp2kppp/4p3/1b2P3/5P2/P7/1P2BRPP/R5K1 b - - 3 23
d8d4,2rr4/pp2kppp/4p3/4P3/5P2/P7/1P2R1PP/R5K1 b - - 0 24
h7h6,2r5/pp2kppp/4p3/4P3/3r1P2/P5P1/1P2R2P/R5K1 b - - 0 25
g7g5,2r5/pp2kpp1/4p2p/4P3/3r1P2/P5P1/1P2RK1P/R7 b - - 1 26
g5f4,2r5/pp2kp2/4p2p/4P1p1/3r1P2/P4KP1/1P2R2P/R7 b - - 1 27
c8c4,2r5/pp2kp2/4p2p/4P3/3r1P2/P4K2/1P2R2P/R7 b - - 0 28
d4f4,8/pp2kp2/4p2p/4P3/2rr1P2/P7/1P2R1KP/R7 b - - 2 29
b1c3,r2qk2r/pbpnnpbp/1p4p1/3pP3/3P1P2/3B1N2/PP4PP/RNBQ1RK1 w kq - 1 10
f4f5,r2qkn1r/pbp1npbp/1p4p1/3pP3/3P1P2/2NB1N2/PP4PP/R1BQ1RK1 w kq - 3 11
f3h4,r2qkn1r/pbp1npbp/1p6/3pPp2/3P4/2NB1N2/PP4PP/R1BQ1RK1 w kq - 0 12
h4f5,r2qk2r/pbp1npbp/1p2n3/3pPp2/3P3N/2NB4/PP4PP/R1BQ1RK1 w kq - 2 13
d3f5,r2qk2r/pbp2pbp/1p2n3/3pPn2/3P4/2NB4/PP4PP/R1BQ1RK1 w kq - 0 14
c1e3,r3k2r/pbp2pbp/1p2n3/3pPB2/3P3q/2N5/PP4PP/R1BQ1RK1 w kq - 1 15
e3f2,r3k2r/pbp2p1p/1p2n2b/3pPB2/3P3q/2N1B3/PP4PP/R2Q1RK1 w kq - 3 16
d1h5,r3k2r/pbp1qp1p/1p2n2b/3pPB2/3P4/2N5/PP3BPP/R2Q1RK1 w kq - 5 17
h5g5,r3k2r/pbp2p1p/1p2n2b/3pPBqQ/3P4/2N5/PP3BPP/R4RK1 w kq - 7 18
g2g3,r3k2r/pbp2p1p/1p2n3/3pPBb1/3P4/2N5/PP3BPP/R4RK1 w kq - 0 19
h2h4,r3k2r/pb3p1p/1pp1n3/3pPBb1/3P4/2N3P1/PP3B1P/R4RK1 w kq - 0 20
g1h2,r3k2r/pb2bp1p/1pp1n3/3pPB2/3P3P/2N3P1/PP3B2/R4RK1 w kq - 1 21
f5h3,r3k2r/pb2bpnp/1pp5/3pPB2/3P3P/2N3P1/PP3B1K/R4R2 w kq - 3 22
f2e3,r1b1k2r/p3bpnp/1pp5/3pP3/3P3P/2N3PB/PP3B1K/R4R2 w kq - 5 23
f1f2,r1b1k2r/p3bpn1/1pp5/3pP2p/3P3P/2N1B1PB/PP5K/R4R2 w kq - 0 24
c3e2,r3k2r/p3bpn1/1pp1b3/3pP2p/3P3P/2N1B1PB/PP3R1K/R7 w kq - 2 25
h2h3,r3k2r/p3bpn1/1pp5/3pP2p/3P3P/4B1Pb/PP2NR1K/R7 w kq - 0 26
a1f1,r3k2r/p3bp2/1pp1n3/3pP2p/3P3P/4B1PK/PP2NR2/R7 w kq - 1 27
e2f4,r3k3/p3bp1r/1pp1n3/3pP2p/3P3P/4B1PK/PP2NR2/5R2 w q - 3 28
f4d3,r7/p2kbp1r/1pp1n3/3pP2p/3P1N1P/4B1PK/PP3R2/5R2 w - - 5 29
