g5f6,r1bqk2r/ppp2pp1/2np1n1p/6B1/3PP3/1B6/PPP2RPP/RN1Q2K1 w kq - 0 10
c2c3,r1bqk2r/ppp2p2/2np1p1p/8/3PP3/1B6/PPP2RPP/RN1Q2K1 w kq - 0 11
b3e6,r2qk2r/ppp2p2/2npbp1p/8/3PP3/1BP5/PP3RPP/RN1Q2K1 w kq - 1 12
d1h5,r2qk2r/ppp5/2nppp1p/8/3PP3/2P5/PP3RPP/RN1Q2K1 w kq - 0 13
b1d2,r2q3r/pppk4/2nppp1p/7Q/3PP3/2P5/PP3RPP/RN4K1 w - - 2 14
d4d5,r6r/pppkq3/2nppp1p/7Q/3PP3/2P5/PP1N1RPP/R5K1 w - - 4 15
d2f3,r6r/pppkq3/3ppp1p/3Pn2Q/4P3/2P5/PP1N1RPP/R5K1 w - - 1 16
h5f3,r6r/pppkq3/3ppp1p/3P3Q/4P3/2P2n2/PP3RPP/R5K1 w - - 0 17
f3f5,r6r/pppkq3/3p1p1p/3Pp3/4P3/2P2Q2/PP3RPP/R5K1 w - - 0 18
a1f1,r2k3r/ppp1q3/3p1p1p/3PpQ2/4P3/2P5/PP3RPP/R5K1 w - - 2 19
f5g6,r2k1r2/ppp1q3/3p1p1p/3PpQ2/4P3/2P5/PP3RPP/5RK1 w - - 4 20
f2f6,r2k1r2/pp2q3/2pp1pQp/3Pp3/4P3/2P5/PP3RPP/5RK1 w - - 0 21
f1f6,r2k4/pp2q3/2pp1rQp/3Pp3/4P3/2P5/PP4PP/5RK1 w - - 0 22
f6f7,r7/pp1kq3/2pp1RQp/3Pp3/4P3/2P5/PP4PP/6K1 w - - 1 23
b7c6,r2qk2r/1p2bppp/p1Bpbn2/4p3/4P3/1NN1BP2/PPP3PP/R2QK2R b KQkq - 0 10
e8g8,r2qk2r/4bppp/p1ppbn2/4p3/4P3/1NN1BP2/PPPQ2PP/R3K2R b KQkq - 1 11
d6d5,r2q1rk1/4bppp/p1ppbn2/4p3/4P3/1NN1BP2/PPPQ2PP/2KR3R b - - 3 12
c6d5,r2q1rk1/4bppp/p1p1bn2/3Pp3/8/1NN1BP2/PPPQ2PP/2KR3R b - - 0 13
d5d4,r2q1rk1/4bppp/p3bn2/3pp3/8/1NN2P2/PPPQ1BPP/2KR3R b - - 1 14
f6e4,r2q1rk1/4bppp/p3bn2/4p3/3pN3/1N3P2/PPPQ1BPP/2KR3R b - - 1 15
e6b3,r2q1rk1/4bppp/p3b3/4p3/3pP3/1N6/PPPQ1BPP/2KR3R b - - 0 16
e7g5,r2q1rk1/4bppp/p7/4p3/3pP3/1P6/1PPQ1BPP/2KR3R b - - 0 17
f3e5,r1q1kb1r/ppp3pp/3ppn2/4n3/8/1Q3N2/PPP2PPP/RNB1K2R w KQkq - 0 10
e1g1,r1q1kb1r/ppp3pp/4pn2/4p3/8/1Q6/PPP2PPP/RNB1K2R w KQkq - 0 11
b1c3,r1q1k2r/ppp3pp/3bpn2/4p3/8/1Q6/PPP2PPP/RNB2RK1 w kq - 2 12
c1g5,r1q2rk1/ppp3pp/3bpn2/4p3/8/1QN5/PPP2PPP/R1B2RK1 w - - 4 13
c3e4,r1q2rk1/ppp3pp/3bpn2/6B1/4p3/1QN5/PPP2PPP/R4RK1 w - - 0 14
g5e3,r1q2rk1/ppp3pp/3bp3/6B1/4n3/1Q6/PPP2PPP/R4RK1 w - - 0 15
f1e1,r1q2rk1/ppp3pp/3bpn2/8/8/1Q2B3/PPP2PPP/R4RK1 w - - 2 16
h2h3,r1q2rk1/ppp3pp/3bp3/8/6n1/1Q2B3/PPP2PPP/R3R1K1 w - - 4 17
e1e3,r1q2rk1/ppp3pp/3bp3/8/8/1Q2n2P/PPP2PP1/R3R1K1 w - - 0 18
a1e1,r1q2r2/ppp2kpp/3bp3/8/8/1Q2R2P/PPP2PP1/R5K1 w - - 1 19
e3e6,r4r2/pppq1kpp/3bp3/8/8/1Q2R2P/PPP2PP1/4R1K1 w - - 3 20
e6e7,r4rk1/pppq2pp/3bR3/8/8/1Q5P/PPP2PP1/4R1K1 w - - 1 21
d8d7,r2qk2r/1p1Bbppp/p2pbn2/4p3/4P3/1NN1BP2/PPP3PP/R2QK2R b KQkq - 0 10
e8g8,r3k2r/1p1qbppp/p2pbn2/4p3/4P3/1NN1BP2/PPPQ2PP/R3K2R b KQkq - 1 11
f6d5,r4rk1/1p1qbppp/p2pbn2/3Np3/4P3/1N2BP2/PPPQ2PP/R3K2R b KQ - 3 12
e6f5,r4rk1/1p1qbppp/p2pb3/3Pp3/8/1N2BP2/PPPQ2PP/R3K2R b KQ - 0 13
b7b5,r4rk1/1p1qbppp/p2p4/3Ppb2/2P5/1N2BP2/PP1Q2PP/R3K2R b KQ - 0 14
d7b5,r4rk1/3qbppp/p2p4/1P1Ppb2/8/1N2BP2/PP1Q2PP/R3K2R b KQ - 0 15
a8c8,r4rk1/4bppp/p2p4/1q1Ppb2/8/1N2BP2/PP1Q1KPP/R6R b - - 1 16
b5a4,2r2rk1/4bppp/p2p4/1q1Ppb2/8/1N2BP2/PP1Q1KPP/2R4R b - - 3 17
e7h4,2r2rk1/4bppp/p2p4/3Ppb2/q5P1/1N2BP2/PP1Q1K1P/2R4R b - - 0 18
f5g6,2r2rk1/5ppp/p2p4/3Ppb2/q5Pb/1N2BP2/PP1Q2KP/2R4R b - - 2 19
h4g5,2r2rk1/5ppp/p2p2b1/3Pp1B1/q5Pb/1N3P2/PP1Q2KP/2R4R b - - 4 20
a4a2,2r2rk1/5ppp/p2p2b1/3Pp1Q1/q5P1/1N3P2/PP4KP/2R4R b - - 0 21
a2b2,2r2rk1/5ppp/p2p2b1/3Pp1Q1/6P1/5P2/qP1N2KP/2R4R b - - 1 22
f8c8,2R2rk1/5ppp/p2p2b1/3Pp1Q1/6P1/5P2/1q1N2KP/7R b - - 0 23
h7h6,2r3k1/5ppp/p2p2b1/3Pp1Q1/6PP/5P2/1q1N2K1/7R b - - 0 24
c8c2,2r3k1/5pp1/p2p2bp/3Pp3/6PP/4QP2/1q1N2K1/7R b - - 1 25
d1b3,r2qk2r/ppp2pp1/2npb2p/2bNp3/2B1P3/2PP1N2/PP3PPP/R2QK2R w KQkq - 1 10
b3b7,r3k2r/pppq1pp1/2npb2p/2bNp3/2B1P3/1QPP1N2/PP3PPP/R3K2R w KQkq - 3 11
b7a6,1r2k2r/pQpq1pp1/2npb2p/2bNp3/2B1P3/2PP1N2/PP3PPP/R3K2R w KQk - 1 12
a6a4,4k2r/p1pq1pp1/Qrnpb2p/2bNp3/2B1P3/2PP1N2/PP3PPP/R3K2R w KQk - 3 13
d5c7,4k2r/p1pqnpp1/1r1pb2p/2bNp3/Q1B1P3/2PP1N2/PP3PPP/R3K2R w KQk - 5 14
c7e6,3k3r/p1Nqnpp1/1r1pb2p/2b1p3/Q1B1P3/2PP1N2/PP3PPP/R3K2R w KQ - 1 15
a4d7,3k3r/p2qn1p1/1r1pp2p/2b1p3/Q1B1P3/2PP1N2/PP3PPP/R3K2R w KQ - 0 16
b2b4,7r/p2kn1p1/1r1pp2p/2b1p3/2B1P3/2PP1N2/PP3PPP/R3K2R w KQ - 0 17
e8g8,r2qk2r/pp2bppp/2npb1n1/4p3/4P3/1BN1BN2/PPPQ1PPP/R3K2R b KQkq - 7 10
a7a5,r2q1rk1/pp2bppp/2npb1n1/4p3/4P3/1BN1BN2/PPPQ1PPP/2KR3R b - - 9 11
f7e6,r2q1rk1/1p2bppp/2npB1n1/p3p3/4P3/2N1BN2/PPPQ1PPP/2KR3R b - - 0 12
g6f4,r2q1rk1/1p2b1pp/2npp1n1/p3p3/4P3/2N1BN2/PPPQ1PPP/1K1R3R b - - 1 13
f8f4,r2q1rk1/1p2b1pp/2npp3/p3p3/4PB2/2N2N2/PPPQ1PPP/1K1R3R b - - 0 14
f4f3,r2q2k1/1p2b1pp/2npp3/p3p3/4Pr2/2N2NP1/PPPQ1P1P/1K1R3R b - - 0 15
e1g1,r2qk2r/pbp1bppp/3p1n2/2p5/2P1P3/2NQ1N2/PP3PPP/R1B1K2R w KQkq - 4 10
c1g5,r2q1rk1/pbp1bppp/3p1n2/2p5/2P1P3/2NQ1N2/PP3PPP/R1B2RK1 w - - 6 11
g5h4,r2q1rk1/pbp1bpp1/3p1n1p/2p3B1/2P1P3/2NQ1N2/PP3PPP/R4RK1 w - - 0 12
h4e7,r2q1rk1/pbp1bpp1/3p3p/2p5/2P1n2B/2NQ1N2/PP3PPP/R4RK1 w - - 0 13
d3c3,r2q1rk1/pbp1Bpp1/3p3p/2p5/2P5/2nQ1N2/PP3PPP/R4RK1 w - - 0 14
c6d4,r1bq1rk1/pp2bppp/2nppn2/8/2BNP3/2N1B3/PP1Q1PPP/R4RK1 b - - 7 10
e6e5,r1bq1rk1/pp2bppp/3ppn2/8/2BBP3/2N5/PP1Q1PPP/R4RK1 b - - 0 11
c8e6,r1bq1rk1/pp2bppp/3p1n2/4p3/2B1P3/2N1B3/PP1Q1PPP/R4RK1 b - - 1 12
b7b5,r2q1rk1/pp2bppp/3pbn2/4p3/4P3/1BN1B3/PP1Q1PPP/R4RK1 b - - 3 13
f6e4,r2q1rk1/p3bppp/3pbn2/1N2p3/4P3/1B2B3/PP1Q1PPP/R4RK1 b - - 0 14
e6b3,r2q1rk1/p3bppp/3pb3/1N2p3/4n3/1B2B3/PP2QPPP/R4RK1 b - - 1 15
e4f6,r2q1rk1/p3bppp/3p4/1N2p3/4n3/1P2B3/1P2QPPP/R4RK1 b - - 0 16
d6d5,r2q1rk1/p3bppp/3p1n2/4p3/8/1PN1B3/1P2QPPP/R4RK1 b - - 2 17
d5d4,r2q1rk1/p3bppp/5n2/3pp3/8/1PN1B3/1P2QPPP/3R1RK1 b - - 1 18
d8b6,r2q1rk1/p3bppp/5n2/4p1B1/3p4/1PN5/1P2QPPP/3R1RK1 b - - 1 19
f8e8,r4rk1/p3bppp/1q3n2/4Q1B1/3p4/1PN5/1P3PPP/3R1RK1 b - - 0 20
b6b3,r3r1k1/p3bppp/1q3n2/6B1/3Q4/1PN5/1P3PPP/3R1RK1 b - - 0 21
f6d5,r3r1k1/p3bppp/5n2/3N2B1/3Q4/1q6/1P3PPP/3R1RK1 b - - 1 22
b3d5,r3r1k1/p3bppp/8/3Q2B1/8/1q6/1P3PPP/3R1RK1 b - - 0 23
e7g5,r3r1k1/p3bppp/8/3R2B1/8/8/1P3PPP/5RK1 b - - 0 24
a8b8,r3r1k1/p4ppp/8/6R1/8/8/1P3PPP/5RK1 b - - 0 25
e8e7,1r2r1k1/p4ppp/8/R7/8/8/1P3PPP/5RK1 b - - 2 26
b8b2,1r4k1/p3rppp/8/R7/8/8/1P3PPP/R5K1 b - - 4 27
e7a7,6k1/R3rppp/8/8/8/8/1r3PPP/R5K1 b - - 0 28
b2b1,6k1/R4ppp/8/8/8/8/1r3PPP/6K1 b - - 0 29
d5c5,r1bqk2r/pppp3p/2n3p1/2bQ4/3pP3/8/PPP2PPP/RNB1K2R w KQ - 2 10
c1g5,r1b1k2r/ppppq2p/2n3p1/2Q5/3pP3/8/PPP2PPP/RNB1K2R w KQ - 1 11
g5e7,r1b1k2r/ppp1q2p/2np2p1/2Q3B1/3pP3/8/PPP2PPP/RN2K2R w KQ - 0 12
e7c5,r1b1k2r/ppp1B2p/2n3p1/2p5/3pP3/8/PPP2PPP/RN2K2R w KQ - 0 13
c5a3,r1b1k2r/p1p4p/1pn3p1/2B5/3pP3/8/PPP2PPP/RN2K2R w KQ - 0 14
f2f3,r3k2r/pbp4p/1pn3p1/8/3pP3/B7/PPP2PPP/RN2K2R w KQ - 2 15
b1d2,r6r/pbpk3p/1pn3p1/8/3pP3/B4P2/PPP3PP/RN2K2R w KQ - 1 16
e1e2,r3r3/pbpk3p/1pn3p1/8/3pP3/B4P2/PPPN2PP/R3K2R w KQ - 3 17
b2b3,r3r3/pbpk3p/1p4p1/4n3/3pP3/B4P2/PPPNK1PP/R6R w - - 5 18
a1d1,r3r3/pb1k3p/1p4p1/2p1n3/3pP3/BP3P2/P1PNK1PP/R6R w - - 0 19
c2c3,r3r3/p2k3p/1pb3p1/2p1n3/3pP3/BP3P2/P1PNK1PP/3R3R w - - 2 20
d2c4,r3r3/p2k3p/1pb3p1/2p1n3/4P3/BPp2P2/P2NK1PP/3R3R w - - 0 21
d1d6,r3r3/p6p/1pb1k1p1/2p1n3/2N1P3/BPp2P2/P3K1PP/3R3R w - - 2 22
h1d1,r3r3/p3k2p/1pbR2p1/2p1n3/2N1P3/BPp2P2/P3K1PP/7R w - - 4 23
b3c4,r3r3/p3k2p/1pbR2p1/2p5/2n1P3/BPp2P2/P3K1PP/3R4 w - - 0 24
d1d3,r3r3/p3k2p/1p1R2p1/2p5/b1P1P3/B1p2P2/P3K1PP/3R4 w - - 1 25
a3b2,r3r3/p3k2p/1p1R2p1/2p5/b1P1P3/B2R1P2/P1p1K1PP/8 w - - 0 26
b2f6,r2r4/p3k2p/1p1R2p1/2p5/b1P1P3/3R1P2/PBp1K1PP/8 w - - 2 27
e2d2,r2r4/p4k1p/1p1R1Bp1/2p5/b1P1P3/3R1P2/P1p1K1PP/8 w - - 4 28
d3d6,r7/p4k1p/1p1r1Bp1/2p5/b1P1P3/3R1P2/P1pK2PP/8 w - - 0 29
d8e7,r1bqk2r/pp1p1ppp/2n5/3Qp3/2B5/2b2N2/P1P2PPP/R1B2RK1 b kq - 1 10
d7d6,r1b1k2r/pp1pqppp/2n5/3Qp3/2B5/2b2N2/P1P2PPP/1RB2RK1 b kq - 3 11
c8e6,r1b1k2r/pp2qppp/2np4/3Qp3/2B5/2b1BN2/P1P2PPP/1R3RK1 b kq - 1 12
e6c4,r3k2r/pp2qppp/2npb3/1Q2p3/2B5/2b1BN2/P1P2PPP/1R3RK1 b kq - 3 13
c3a5,r3k2r/pp2qppp/2np4/4p3/2Q5/2b1BN2/P1P2PPP/1R3RK1 b kq - 0 14
e8g8,r3k2r/pp2qppp/2np4/b3p3/2Q5/4BN2/P1P2PPP/1R1R2K1 b kq - 2 15
a5b6,r4rk1/pp2qppp/2np4/b3p3/2Q5/5N2/P1PB1PPP/1R1R2K1 b - - 4 16
e5e4,r4rk1/pp2qppp/1bnp4/4p3/2Q5/4BN2/P1P2PPP/1R1R2K1 b - - 6 17
c6e5,r4rk1/pp2qppp/1bnp4/8/2QNp3/4B3/P1P2PPP/1R1R2K1 b - - 1 18
b6d4,r4rk1/pp2qppp/1b1p4/3Qn3/3Np3/4B3/P1P2PPP/1R1R2K1 b - - 3 19
f7f5,r4rk1/pp2qppp/3p4/4n3/3Qp3/4B3/P1P2PPP/1R1R2K1 b - - 0 20
g7g5,r4rk1/pp2q1pp/3p4/4np2/3QpB2/8/P1P2PPP/1R1R2K1 b - - 1 21
f5f4,r4rk1/pp2q2p/3p4/4npp1/3Qp3/4B3/P1P2PPP/1R1R2K1 b - - 1 22
b8d7,rn1qk2r/pbp2ppp/1p2p3/8/2BPn3/2B1PN2/PPQ2PPP/R3K2R b KQkq - 4 10
e8g8,r2qk2r/pbpn1ppp/1p2p3/8/2BPn3/2B1PN2/PPQ2PPP/R4RK1 b kq - 6 11
f7f5,r2q1rk1/pbpn1ppp/1p2p3/8/3Pn3/2BBPN2/PPQ2PPP/R4RK1 b - - 8 12
d8e7,r2q1rk1/pbpn2pp/1p2p3/5p2/3Pn3/2BBPN2/PPQ2PPP/3R1RK1 b - - 1 13
c7c5,r4rk1/pbpnq1pp/1p2p3/5p2/3Pn3/P1BBPN2/1PQ2PPP/3R1RK1 b - - 0 14
b7e4,r4rk1/pb1nq1pp/1p2p3/2p2p2/3PB3/P1B1PN2/1PQ2PPP/3R1RK1 b - - 0 15
c5d4,r4rk1/p2nq1pp/1p2p3/2p2p2/3Pb3/P1B1PN2/1P2QPPP/3R1RK1 b - - 1 16
e6e5,r4rk1/p2nq1pp/1p2p3/5p2/3Nb3/P1B1P3/1P2QPPP/3R1RK1 b - - 0 17
a8d8,r4rk1/p2nq1pp/1p6/4pp2/4b3/P1B1PN2/1P2QPPP/3R1RK1 b - - 1 18
d7c5,3r1rk1/p2nq1pp/1p6/4pp2/1B2b3/P3PN2/1P2QPPP/3R1RK1 b - - 3 19
e7c5,3r1rk1/p3q1pp/1p6/2B1pp2/4b3/P3PN2/1P2QPPP/3R1RK1 b - - 0 20
f8d8,3R1rk1/p5pp/1p6/2q1pp2/4b3/P3PN2/1P2QPPP/5RK1 b - - 0 21
c5c2,3r2k1/p5pp/1p6/2q1pp2/4b3/P3P3/1P1NQPPP/5RK1 b - - 1 22
e4d3,3r2k1/p5pp/1p6/4pp2/4b3/P3P3/1PqNQPPP/3R2K1 b - - 3 23
d3a6,3r2k1/p5pp/1p6/4pp2/8/P2bP3/1PqN1PPP/3RQ1K1 b - - 5 24
c2b2,3r2k1/p5pp/bp6/4pp2/8/P3PP2/1PqN2PP/3RQ1K1 b - - 0 25
d8d1,3r2k1/p5pp/bp6/4pp2/8/P3PP2/1q4PP/3RQNK1 b - - 1 26
b2a3,6k1/p5pp/bp6/4pp2/8/P3PP2/1q4PP/3Q1NK1 b - - 0 27
g8f7,3Q2k1/p5pp/bp6/4pp2/8/q3PP2/6PP/5NK1 b - - 1 28
a3e7,8/p2Q1kpp/bp6/4pp2/8/q3PP2/6PP/5NK1 b - - 3 29
f5e6,r2qk2r/ppp1bppp/3pbn2/4nP2/4P3/2N1B3/PPPQN1PP/R3KB1R w KQkq - 1 10
d5c4,rnbq1rk1/ppp3pp/4p3/3p1p2/2PP4/2PBPN2/P4PPP/R2Q1RK1 b - - 0 10
b8c6,rnbq1rk1/ppp3pp/4p3/5p2/2BP4/2P1PN2/P4PPP/R2Q1RK1 b - - 0 11
c6e5,r1bq1rk1/ppp3pp/2n1p3/4Np2/2BP4/2P1P3/P4PPP/R2Q1RK1 b - - 2 12
d8h4,r1bq1rk1/ppp3pp/4p3/4Pp2/2B5/2P1P3/P4PPP/R2Q1RK1 b - - 0 13
h4c4,r1b2rk1/ppp3pp/4p3/4Pp2/2B4q/2P1PQ2/P4PPP/R4RK1 b - - 2 14
d7b6,r2q1rk1/pp1n1ppp/2pbbp2/8/3P4/3BBN2/PPPQ1PPP/2KR3R b - - 9 10
b6d5,r2q1rk1/pp3ppp/1npbbp2/8/3P4/2PBBN2/PP1Q1PPP/2KR3R b - - 0 11
d5e3,r2q1rk1/pp3ppp/2pbbp2/3n4/3P4/2PBBN2/PP1Q1PPP/2KRR3 b - - 2 12
e6a2,r2q1rk1/pp3ppp/2pbbp2/8/3P4/2PBPN2/PP1Q2PP/2KRR3 b - - 0 13
d8a5,r2q1rk1/pp3ppp/2pb1p2/8/3P4/2P1PN2/bPBQ2PP/2KRR3 b - - 1 14
g7g6,r4rk1/pp3ppp/2pb1p2/q7/3P4/2PQPN2/bPB3PP/2KRR3 b - - 3 15
b7b5,r4rk1/pp3p1p/2pb1pp1/q7/3PP3/2PQ1N2/bPB3PP/2KRR3 b - - 0 16
a2c4,r4rk1/p4p1p/2pb1pp1/qp2P3/3P4/2PQ1N2/bPB3PP/2KRR3 b - - 0 17
d6e7,r4rk1/p4p1p/2pb1pp1/qp2P3/2bP4/2P1QN2/1PB3PP/2KRR3 b - - 2 18
e7f6,r4rk1/p3bp1p/2p2Pp1/qp6/2bP4/2P1QN2/1PB3PP/2KRR3 b - - 0 19
f6e5,r4rk1/p4p1p/2p2bp1/qp2N3/2bP4/2P1Q3/1PB3PP/2KRR3 b - - 1 20
a8e8,r4rk1/p4p1p/2p3p1/qp2P3/2b5/2P1Q3/1PB3PP/2KRR3 b - - 0 21
a5a1,4rrk1/p4p1p/2p3p1/qp2P3/2b4P/2P1Q3/1PB3P1/2KRR3 b - - 0 22
c4a2,4rrk1/p4p1p/2p3p1/1p2P3/2b4P/2P1Q3/1P4P1/qBKRR3 b - - 2 23
e8d8,4rrk1/p4p1p/2p3p1/1p2P3/7P/2PQ4/bP4P1/qBKRR3 b - - 4 24
a1b1,3Q1rk1/p4p1p/2p3p1/1p2P3/7P/2P5/bP4P1/qBKRR3 b - - 0 25
f8d8,3Q1rk1/p4p1p/2p3p1/1p2P3/7P/2P5/bP1K2P1/1q1RR3 b - - 1 26
b2c3,r1bqk2r/pppp1ppp/8/8/4P1Q1/2b5/PPP2PPP/2KR1B1R w kq - 0 10
f1d3,r1bq1rk1/pppp1ppp/8/8/4P1Q1/2P5/P1P2PPP/2KR1B1R w - - 1 11
g4f4,r1bq1rk1/ppp2ppp/3p4/8/4P1Q1/2PB4/P1P2PPP/2KR3R w - - 0 12
h2h4,r2q1rk1/ppp2ppp/3pb3/8/4PQ2/2PB4/P1P2PPP/2KR3R w - - 2 13
h4h5,r2q1rk1/ppp2ppp/3p4/8/4PQ1P/2PB4/b1P2PP1/2KR3R w - - 0 14
e4e5,r2q1rk1/ppp2pp1/3p3p/7P/4PQ2/2PB4/b1P2PP1/2KR3R w - - 0 15
f4f5,r2q1rk1/ppp2pp1/7p/4p2P/5Q2/2PB4/b1P2PP1/2KR3R w - - 0 16
h5g6,r2q1rk1/ppp2p2/6pp/4pQ1P/8/2PB4/b1P2PP1/2KR3R w - - 0 17
g6g7,r2q1rk1/ppp5/5pPp/4pQ2/8/2PB4/b1P2PP1/2KR3R w - - 0 18
f5h7,r2qr1k1/ppp3P1/5p1p/4pQ2/8/2PB4/b1P2PP1/2KR3R w - - 1 19
g7g8q,r2qr3/ppp2kPQ/5p1p/4p3/8/2PB4/b1P2PP1/2KR3R w - - 3 20
b8d7,rnbq1rk1/1p3pbp/p2p1np1/2pP4/P3P3/2N1BP2/1P2N1PP/R2QKB1R b KQ - 0 10
d7e5,r1bq1rk1/1p1n1pbp/p2p1np1/2pP4/P3P3/2N1BP2/1P1QN1PP/R3KB1R b KQ - 2 11
e5f3,r1bq1rk1/1p3pbp/p2p1np1/2pPn3/P3P3/2N1BPP1/1P1QN2P/R3KB1R b KQ - 0 12
h5g6,r2qk2r/pp1b1pbp/2n1p1p1/2ppPn1P/3P1P2/2PB4/PP1N2P1/R1BQK1NR w KQkq - 1 10
h1h8,r2qk2r/pp1b1pb1/2n1p1p1/2ppPn2/3P1P2/2PB4/PP1N2P1/R1BQK1NR w KQkq - 0 11
d3f5,r2qk2b/pp1b1p2/2n1p1p1/2ppPn2/3P1P2/2PB4/PP1N2P1/R1BQK1N1 w Qq - 0 12
d1h5,r2qk2b/pp1b1p2/2n1p3/2ppPp2/3P1P2/2P5/PP1N2P1/R1BQK1N1 w Qq - 0 13
h5h7,r2qk3/pp1b1pb1/2n1p3/2ppPp1Q/3P1P2/2P5/PP1N2P1/R1B1K1N1 w Qq - 2 14
d2f3,r2q1k2/pp1b1pbQ/2n1p3/2ppPp2/3P1P2/2P5/PP1N2P1/R1B1K1N1 w Q - 4 15
f3g5,r4k2/pp1bqpbQ/2n1p3/2ppPp2/3P1P2/2P2N2/PP4P1/R1B1K1N1 w Q - 6 16
c1d2,r4k2/pp1bqpbQ/2n1p3/3pPpN1/3p1P2/2P5/PP4P1/R1B1K1N1 w Q - 0 17
d2c3,r4k2/pp1bqpbQ/2n1p3/3pPpN1/5P2/2p5/PP1B2P1/R3K1N1 w Q - 0 18
c3d2,r4k2/pp1bqpbQ/2n1p3/4PpN1/3p1P2/2B5/PP4P1/R3K1N1 w Q - 0 19
g1f3,2r2k2/pp1bqpbQ/2n1p3/4PpN1/3p1P2/8/PP1B2P1/R3K1N1 w Q - 2 20
e1e2,2r2k2/1p1bqpbQ/2n1p3/p3PpN1/3p1P2/5N2/PP1B2P1/R3K3 w Q - 0 21
a1c1,2r2k2/3bqpbQ/2n1p3/pp2PpN1/3p1P2/5N2/PP1BK1P1/R7 w - - 0 22
d2b4,2r2k2/3bqpbQ/4p3/pp2PpN1/1n1p1P2/5N2/PP1BK1P1/2R5 w - - 2 23
c1c8,2r2k2/3b1pbQ/4p3/pp2PpN1/1q1p1P2/5N2/PP2K1P1/2R5 w - - 0 24
f3d2,2b2k2/5pbQ/4p3/pp2PpN1/1q1p1P2/5N2/PP2K1P1/8 w - - 0 25
e2d3,2b2k2/5pbQ/4p3/pp2PpN1/1q3P2/3p4/PP1NK1P1/8 w - - 0 26
d2f3,2b2k2/5pbQ/4p3/pp2PpN1/5q2/3K4/PP1N2P1/8 w - - 0 27
h7h3,2b2k2/5pbQ/4p3/pp2PpN1/6q1/3K1N2/PP4P1/8 w - - 2 28
h3h5,2b2k2/5pb1/4p3/pp2PpN1/q7/3K1N1Q/PP4P1/8 w - - 4 29
d5c3,r1bq1rk1/pp1nbppp/2p1p3/3n4/3P4/1BN1PN2/PP1B1PPP/R2Q1RK1 b - - 6 10
d7f6,r1bq1rk1/pp1nbppp/2p1p3/8/3P4/1BP1PN2/P2B1PPP/R2Q1RK1 b - - 0 11
a7a5,r1bq1rk1/pp2bppp/2p1pn2/8/3P4/1BP1PN2/P1QB1PPP/R4RK1 b - - 2 12
a5a4,r1bq1rk1/1p2bppp/2p1pn2/p7/3PP3/1BP2N2/P1QB1PPP/R4RK1 b - - 0 13
b7b5,r1bq1rk1/1p2bppp/2p1pn2/8/B2PP3/2P2N2/P1QB1PPP/R4RK1 b - - 0 14
c8b7,r1bq1rk1/4bppp/2p1pn2/1p6/3PP3/1BP2N2/P1QB1PPP/R4RK1 b - - 1 15
b5a4,r2q1rk1/1b2bppp/2p1pn2/1p6/P2PP3/1BP2N2/2QB1PPP/R4RK1 b - - 0 16
a8a4,r2q1rk1/1b2bppp/2p1pn2/8/R2PP3/1BP2N2/2QB1PPP/5RK1 b - - 0 17
c6c5,3q1rk1/1b2bppp/2p1pn2/8/B2PP3/2P2N2/2QB1PPP/5RK1 b - - 0 18
e7c5,3q1rk1/1b2bppp/4pn2/2P5/B3P3/2P2N2/2QB1PPP/5RK1 b - - 0 19
d8a5,3q1rk1/1b3ppp/4pn2/2b5/B3PB2/2P2N2/2Q2PPP/5RK1 b - - 1 20
b7e4,5rk1/1b3ppp/4pn2/q1b5/4PB2/1BP2N2/2Q2PPP/5RK1 b - - 3 21
a5c3,5rk1/5ppp/4pn2/q1b5/4bB2/1BP2N2/4QPPP/5RK1 b - - 1 22
e4d3,5rk1/5ppp/4pn2/2b5/4bB2/2q2N2/4QPPP/3B1RK1 b - - 1 23
c4b3,r2q1rk1/ppp1bppp/3pbn2/8/2BBP3/2N2P2/PPP3PP/R2QK2R w KQ - 1 10
d1d2,r4rk1/pppqbppp/3pbn2/8/3BP3/1BN2P2/PPP3PP/R2QK2R w KQ - 3 11
e1c1,r4rk1/pppqbpp1/3pbn1p/8/3BP3/1BN2P2/PPPQ2PP/R3K2R w KQ - 0 12
a2b3,r4rk1/pppqbpp1/3p1n1p/8/3BP3/1bN2P2/PPPQ2PP/2KR3R w - - 0 13
g2g4,r4rk1/pp1qbpp1/2pp1n1p/8/3BP3/1PN2P2/1PPQ2PP/2KR3R w - - 0 14
h2h4,r4rk1/pp1qbppn/2pp3p/8/3BP1P1/1PN2P2/1PPQ3P/2KR3R w - - 1 15
d4f6,r4rk1/pp1q1ppn/2pp1b1p/8/3BP1PP/1PN2P2/1PPQ4/2KR3R w - - 1 16
d2d6,r4rk1/pp1q1pp1/2pp1n1p/8/4P1PP/1PN2P2/1PPQ4/2KR3R w - - 0 17
e4e5,r1q2rk1/pp3pp1/2pQ1n1p/8/4P1PP/1PN2P2/1PP5/2KR3R w - - 1 18
g4g5,r1q2rk1/pp3ppn/2pQ3p/4P3/6PP/1PN2P2/1PP5/2KR3R w - - 1 19
h4g5,r1q2rk1/pp3ppn/2pQ4/4P1p1/7P/1PN2P2/1PP5/2KR3R w - - 0 20
h1h5,r1q2rk1/pp3pp1/2pQ4/4P1n1/8/1PN2P2/1PP5/2KR3R w - - 0 21
d1h1,r1q2rk1/pp3pp1/2pQn3/4P2R/8/1PN2P2/1PP5/2KR4 w - - 2 22
h5h8,r1q2rk1/pp3p2/2pQn1p1/4P2R/8/1PN2P2/1PP5/2K4R w - - 0 23
h1h7,r1q2r1R/pp3pk1/2pQn1p1/4P3/8/1PN2P2/1PP5/2K4R w - - 2 24
c8e6,r1bq1rk1/p3bppp/2pp1n2/4p3/2B1P3/2N1BP2/PPPQ2PP/R3K2R b KQ - 2 10
d6d5,r2q1rk1/p3bppp/2ppbn2/4p3/4P3/1BN1BP2/PPPQ2PP/R3K2R b KQ - 4 11
c6d5,r2q1rk1/p3bppp/2p1bn2/3Pp3/8/1BN1BP2/PPPQ2PP/R3K2R b KQ - 0 12
d5d4,r2q1rk1/p3bppp/4bn2/3pp3/8/1BN2P2/PPPQ1BPP/R3K2R b KQ - 1 13
f6e4,r2q1rk1/p3bppp/4bn2/4p3/3pN3/1B3P2/PPPQ1BPP/R3K2R b KQ - 1 14
e6b3,r2q1rk1/p3bppp/4b3/4p3/3pP3/1B6/PPPQ1BPP/R3K2R b KQ - 0 15
d8c7,r2q1rk1/p3bppp/8/4p3/3pP3/1P6/1PPQ1BPP/R3K2R b KQ - 0 16
a8c8,r4rk1/p1q1bppp/8/4p3/R2pP3/1P6/1PPQ1BPP/4K2R b K - 2 17
c7b7,2r2rk1/p1q1bppp/8/4p3/2RpP3/1P6/1PPQ1BPP/4K2R b K - 4 18
b7e4,2R2rk1/pq2bppp/8/4p3/3pP3/1P6/1PPQ1BPP/4K2R b K - 0 19
e4e2,2R2rk1/p3bppp/8/4p3/3pq3/1P6/1PP1QBPP/4K2R b K - 1 20
f8c8,2R2rk1/p3bppp/8/4p3/3p4/1P6/1PP1KBPP/7R b - - 0 21
f7f6,2r3k1/p3bppp/8/4p3/3p4/1P1K4/1PP2BPP/7R b - - 1 22
c8c7,2r3k1/p3b1pp/5p2/4p3/3p4/1P1K4/1PP2BPP/R7 b - - 1 23
d4c3,6k1/p1r1b1pp/5p2/4p3/3p4/1PPK4/1P3BPP/R7 b - - 0 24
c7b7,6k1/p1r1b1pp/5p2/4p3/8/1PPK4/5BPP/R7 b - - 0 25
g8f7,6k1/pr2b1pp/5p2/4p3/1P6/2PK4/5BPP/R7 b - - 0 26
b7a7,8/Rr2bkpp/5p2/4p3/1P6/2PK4/5BPP/8 b - - 0 27
f7e6,8/B3bkpp/5p2/4p3/1P6/2PK4/6PP/8 b - - 0 28
e6d5,8/B3b1pp/4kp2/1P2p3/8/2PK4/6PP/8 b - - 0 29
c7a8,r1b3kr/ppNnb1pp/3p1nq1/4p3/3PP3/8/PPP2PPP/RNBQ1RK1 w - - 1 10
b1c3,N1b3kr/pp1nb1pp/3p2q1/4p3/3Pn3/8/PPP2PPP/RNBQ1RK1 w - - 0 11
b2c3,N1b3kr/pp1nb1pp/3p2q1/4p3/3P4/2n5/PPP2PPP/R1BQ1RK1 w - - 0 12
d4e5,N1b3kr/pp2b1pp/3p1nq1/4p3/3P4/2P5/P1P2PPP/R1BQ1RK1 w - - 1 13
d1f3,N5kr/pp2b1pp/3p1nq1/4P3/8/2P4b/P1P2PPP/R1BQ1RK1 w - - 1 14
f3g3,N5kr/pp2b1pp/3p1nq1/4P3/6b1/2P2Q2/P1P2PPP/R1B2RK1 w - - 3 15
c1e3,N5kr/pp2b1pp/5nq1/4p3/6b1/2P3Q1/P1P2PPP/R1B2RK1 w - - 0 16
h2h3,N5kr/pp2b1p1/5nq1/4p2p/6b1/2P1B1Q1/P1P2PPP/R4RK1 w - - 0 17
g3g6,N5kr/pp2b1p1/5nq1/4pb1p/8/2P1B1QP/P1P2PP1/R4RK1 w - - 1 18
a8c7,N5kr/pp2b1p1/5nb1/4p2p/8/2P1B2P/P1P2PP1/R4RK1 w - - 0 19
c7b5,7r/ppN1bkp1/5nb1/4p2p/8/2P1B2P/P1P2PP1/R4RK1 w - - 2 20
d1d3,r2qkbnr/pp1nppp1/2p4p/7P/3P4/3b1NN1/PPP2PP1/R1BQK2R w KQkq - 0 10
c2c3,r2qkb1r/pp1nppp1/2p2n1p/7P/3P4/3Q1NN1/PPP2PP1/R1B1K2R w KQkq - 1 11
c1e3,r2qkb1r/pp1n1pp1/2p1pn1p/7P/3P4/2PQ1NN1/PP3PP1/R1B1K2R w KQkq - 0 12
g3e4,r2qk2r/pp1nbpp1/2p1pn1p/7P/3P4/2PQBNN1/PP3PP1/R3K2R w KQkq - 2 13
d3e4,r2qk2r/pp1nbpp1/2p1p2p/7P/3Pn3/2PQBN2/PP3PP1/R3K2R w KQkq - 0 14
e4c2,r2qk2r/pp2bpp1/2p1pn1p/7P/3PQ3/2P1BN2/PP3PP1/R3K2R w KQkq - 1 15
c3c4,r3k2r/pp2bpp1/2p1pn1p/3q3P/3P4/2P1BN2/PPQ2PP1/R3K2R w KQkq - 3 16
c2e4,r3k2r/pp2bpp1/2p1pn1p/7P/2PPq3/4BN2/PPQ2PP1/R3K2R w KQkq - 1 17
e1e2,r3k2r/pp2bpp1/2p1p2p/7P/2PPn3/4BN2/PP3PP1/R3K2R w KQkq - 0 18
f3d2,r4rk1/pp2bpp1/2p1p2p/7P/2PPn3/4BN2/PP2KPP1/R6R w - - 2 19
e3d2,r4rk1/pp2bpp1/2p1p2p/7P/2PP4/4B3/PP1nKPP1/R6R w - - 0 20
d2c3,r4rk1/pp3pp1/2p1pb1p/7P/2PP4/8/PP1BKPP1/R6R w - - 1 21
a1d1,3r1rk1/pp3pp1/2p1pb1p/7P/2PP4/2B5/PP2KPP1/R6R w - - 3 22
d1d3,5rk1/pp1r1pp1/2p1pb1p/7P/2PP4/2B5/PP2KPP1/3R3R w - - 5 23
h1d1,3r2k1/pp1r1pp1/2p1pb1p/7P/2PP4/2BR4/PP2KPP1/7R w - - 7 24
b2b3,3r2k1/p2r1pp1/1pp1pb1p/7P/2PP4/2BR4/PP2KPP1/3R4 w - - 0 25
f2f4,3r1k2/p2r1pp1/1pp1pb1p/7P/2PP4/1PBR4/P3KPP1/3R4 w - - 1 26
g2g4,3rk3/p2r1pp1/1pp1pb1p/7P/2PP1P2/1PBR4/P3K1P1/3R4 w - - 1 27
d4c5,3rk3/p2r1pp1/1p2pb1p/2p4P/2PP1PP1/1PBR4/P3K3/3R4 w - - 0 28
d5c3,rnb2rk1/pp3ppp/2pqp3/3n4/2BPP3/2N2N2/PPQ2PPP/R3K2R b KQ - 0 10
c6c5,rnb2rk1/pp3ppp/2pqp3/8/2BPP3/2P2N2/P1Q2PPP/R3K2R b KQ - 0 11
c5d4,rnb2rk1/pp3ppp/3qp3/2p5/2BPP3/2P2N2/P1Q2PPP/R4RK1 b - - 1 12
b8c6,rnb2rk1/pp3ppp/3qp3/8/2BPP3/5N2/P1Q2PPP/R4RK1 b - - 0 13
b7b6,r1b2rk1/pp3ppp/2nqp3/8/2BPP3/5N2/P1Q2PPP/3R1RK1 b - - 2 14
c8b7,r1b2rk1/p4ppp/1pnqp3/8/2BPP3/5N2/P1Q2PPP/3RR1K1 b - - 1 15
c6a5,r4rk1/pb3ppp/1pnqp3/8/P1BPP3/5N2/2Q2PPP/3RR1K1 b - - 0 16
a8c8,r4rk1/pb3ppp/1p1qp3/n7/P2PP3/3B1N2/2Q2PPP/3RR1K1 b - - 2 17
a5b3,2r2rk1/pb3ppp/1p1qp3/n7/P2PP3/3B1N2/4QPPP/3RR1K1 b - - 4 18
e6d5,2r2rk1/pb3ppp/1p1qp3/3P4/P3P3/1n1B1N2/4QPPP/3RR1K1 b - - 0 19
b7d5,2r2rk1/pb3ppp/1p1q4/3P4/P7/1n1B1N2/4QPPP/3RR1K1 b - - 0 20
d6c6,2r2rk1/p4ppp/1p1q4/3b4/P7/1n3N2/4QPPP/1B1RR1K1 b - - 1 21
g7g6,2r2rk1/p4ppp/1pq5/3b4/P7/1n1Q1N2/5PPP/1B1RR1K1 b - - 3 22
f8d8,2r2rk1/p4p1p/1pq3p1/3Q4/P7/1n3N2/5PPP/1B1RR1K1 b - - 0 23
d8d1,2rr2k1/p4p1p/1pQ3p1/8/P7/1n3N2/5PPP/1B1RR1K1 b - - 0 24
c8c6,2r3k1/p4p1p/1pQ3p1/8/P7/1n3N2/5PPP/1B1R2K1 b - - 0 25
c6c2,6k1/p4p1p/1pr3p1/8/P7/1n3N2/2B2PPP/3R2K1 b - - 1 26
c2a2,6k1/p4p1p/1p4p1/8/P7/1n3N2/2r2PPP/4R1K1 b - - 1 27
b3d4,6k1/p3Rp1p/1p4p1/8/P7/1n3N2/r4PPP/6K1 b - - 3 28
a2a1,6k1/p3Rp1p/1p4p1/8/P2N4/8/r4PPP/6K1 b - - 0 29
g2g4,rnb1k2r/ppp3pp/3bpp2/6Bq/3P4/3B1N1P/PPP2PP1/R2QK2R w KQkq - 0 10
g5e3,rnb1k2r/ppp2qpp/3bpp2/6B1/3P2P1/3B1N1P/PPP2P2/R2QK2R w KQkq - 1 11
d4e5,rnb1k2r/ppp2qpp/3b1p2/4p3/3P2P1/3BBN1P/PPP2P2/R2QK2R w KQkq - 0 12
f3e5,rnb1k2r/ppp2qpp/5p2/4b3/6P1/3BBN1P/PPP2P2/R2QK2R w KQkq - 0 13
e1g1,rnb1k2r/ppp2qpp/8/4p3/6P1/3BB2P/PPP2P2/R2QK2R w KQkq - 0 14
g1g2,rnb1k2r/ppp2qp1/8/4p2p/6P1/3BB2P/PPP2P2/R2Q1RK1 w kq - 0 15
h3g4,rnb1k2r/ppp2qp1/8/4p3/6p1/3BB2P/PPP2PK1/R2Q1R2 w kq - 0 16
f2f3,rnb1k3/ppp2qp1/8/4p3/6Pr/3BB3/PPP2PK1/R2Q1R2 w q - 1 17
d1e1,r1b1k3/ppp2qp1/2n5/4p3/6Pr/3BBP2/PPP3K1/R2Q1R2 w q - 1 18
e1h4,r1b1k3/ppp1q1p1/2n5/4p3/6Pr/3BBP2/PPP3K1/R3QR2 w q - 3 19
f1h1,r1b1k3/ppp3p1/2n5/4p3/6Pq/3BBP2/PPP3K1/R4R2 w q - 0 20
h1h8,r1b1k3/ppp3p1/2n2q2/4p3/6P1/3BBP2/PPP3K1/R6R w q - 2 21
e3c5,r1b4R/ppp1k1p1/2n2q2/4p3/6P1/3BBP2/PPP3K1/R7 w - - 4 22
d3c4,r1b4R/ppp3p1/2n1kq2/2B1p3/6P1/3B1P2/PPP3K1/R7 w - - 6 23
a1d1,r1b4R/pppk2p1/2n2q2/2B1p3/2B3P1/5P2/PPP3K1/R7 w - - 8 24
c5d4,r1b4R/pppk2p1/5q2/2B1p3/2Bn2P1/5P2/PPP3K1/3R4 w - - 10 25
d1d4,r1b4R/pppk2p1/5q2/8/2Bp2P1/5P2/PPP3K1/3R4 w - - 0 26
h8h5,r1b4R/ppp3p1/2k2q2/8/2BR2P1/5P2/PPP3K1/8 w - - 1 27
c4b5,r7/pppb2p1/2k2q2/7R/2BR2P1/5P2/PPP3K1/8 w - - 3 28
b5d7,r7/pppb2p1/1k3q2/1B5R/3R2P1/5P2/PPP3K1/8 w - - 5 29
f7e6,r2qkb1r/5ppp/n2pPn2/p1p5/4P3/2N5/PP2NPPP/R1BQK2R b KQkq - 0 10
d6d5,r2qkb1r/6pp/n2ppn2/p1p5/4P3/2N1B3/PP2NPPP/R2QK2R b KQkq - 1 11
e6d5,r2qkb1r/6pp/n3pn2/p1pP4/8/2N1B3/PP2NPPP/R2QK2R b KQkq - 0 12
d5d4,r2qkb1r/6pp/n4n2/p1pp2B1/8/2N5/PP2NPPP/R2QK2R b KQkq - 1 13
f8e7,r2qkb1r/6pp/n4n2/p1p3B1/3pN3/8/PP2NPPP/R2QK2R b KQkq - 1 14
e7f6,r2qk2r/4b1pp/n4N2/p1p3B1/3p4/8/PP2NPPP/R2QK2R b KQkq - 0 15
d8f6,r2qk2r/6pp/n4B2/p1p5/3p4/8/PP2NPPP/R2QK2R b KQkq - 0 16
e8g8,r3k2r/6pp/n4q2/p1p5/3p4/8/PP2NPPP/R2Q1RK1 b kq - 1 17
a8e8,r4rk1/6pp/n4q2/p1p5/3p4/6N1/PP3PPP/R2Q1RK1 b - - 3 18
f6f2,4rrk1/6pp/n4q2/p1p5/3p4/6N1/PP3PPP/R2QR1K1 b - - 5 19
e8e1,4rrk1/6pp/n7/p1p5/3p4/6N1/PP3qPP/R2QR2K b - - 1 20
f2b2,5rk1/6pp/n7/p1p5/3p4/6N1/PP3qPP/R3Q2K b - - 0 21
a6b4,5rk1/6pp/n7/p1p5/3p4/6N1/Pq4PP/R5QK b - - 1 22
b4d3,5rk1/6pp/8/p1p5/1n1p4/P5N1/1q4PP/R5QK b - - 0 23
b2e2,5rk1/6pp/8/p1p5/3pN3/P2n4/1q4PP/R5QK b - - 2 24
c1e3,r3kbnr/pp1b1ppp/4p3/3pP3/3q4/3B4/PP3PPP/RNBQ1RK1 w kq - 0 10
b1c3,r3kbnr/pp1b1ppp/4p3/3pq3/8/3BB3/PP3PPP/RN1Q1RK1 w kq - 0 11
f1e1,r3kb1r/pp1b1ppp/4pn2/3pq3/8/2NBB3/PP3PPP/R2Q1RK1 w kq - 2 12
e3g5,r3kb1r/ppqb1ppp/4pn2/3p4/8/2NBB3/PP3PPP/R2QR1K1 w kq - 4 13
g5f6,r3k2r/ppqbbppp/4pn2/3p2B1/8/2NB4/PP3PPP/R2QR1K1 w kq - 6 14
c3d5,r3k2r/ppqbbp1p/4pp2/3p4/8/2NB4/PP3PPP/R2QR1K1 w kq - 0 15
d1e2,r3k2r/ppqbbp1p/5p2/3p4/8/3B4/PP3PPP/R2QR1K1 w kq - 0 16
a1d1,r3k2r/pp1bbp1p/3q1p2/3p4/8/3B4/PP2QPPP/R3R1K1 w kq - 2 17
d3b5,r3k2r/pp2bp1p/3qbp2/3p4/8/3B4/PP2QPPP/3RR1K1 w kq - 4 18
b5d3,r3k2r/pp1bbp1p/3q1p2/1B1p4/8/8/PP2QPPP/3RR1K1 w kq - 6 19
e2e3,r4k1r/pp1bbp1p/3q1p2/3p4/8/3B4/PP2QPPP/3RR1K1 w - - 8 20
e3h6,r4k1r/pp1bbp1p/5p2/3pq3/8/3BQ3/PP3PPP/3RR1K1 w - - 10 21
e1e5,r5kr/pp1bbp1p/5p1Q/3pq3/8/3B4/PP3PPP/3RR1K1 w - - 12 22
d3e2,r5kr/pp1bbp1p/7Q/3pp3/8/3B4/PP3PPP/3R2K1 w - - 0 23
d1d5,r5kr/pp1bbp1p/7Q/3p4/4p3/8/PP2BPPP/3R2K1 w - - 0 24
b2b4,r3k2r/pp1b1ppp/1qn1p1n1/2bpP3/8/P1PB4/1P2NPPP/RNBQ1RK1 w kq - 0 10
c1e3,r3k2r/pp1bbppp/1qn1p1n1/3pP3/1P6/P1PB4/4NPPP/RNBQ1RK1 w kq - 1 11
b1d2,r3k2r/ppqbbppp/2n1p1n1/3pP3/1P6/P1PBB3/4NPPP/RN1Q1RK1 w kq - 3 12
d2f3,r3k2r/ppqbbppp/4p1n1/3pn3/1P6/P1PBB3/3NNPPP/R2Q1RK1 w kq - 0 13
g2f3,r3k2r/ppqbbppp/4p1n1/3p4/1P6/P1PBBn2/4NPPP/R2Q1RK1 w kq - 0 14
e2g3,r3k2r/ppqb1ppp/3bp1n1/3p4/1P6/P1PBBP2/4NP1P/R2Q1RK1 w kq - 1 15
d3g6,r3k2r/ppqb1pp1/3bp1n1/3p3p/1P6/P1PBBPN1/5P1P/R2Q1RK1 w kq - 0 16
d1d3,r3k2r/ppqb2p1/3bp1p1/3p3p/1P6/P1P1BPN1/5P1P/R2Q1RK1 w kq - 0 17
e3a7,2kr3r/ppqb2p1/3bp1p1/3p3p/1P6/P1PQBPN1/5P1P/R4RK1 w - - 2 18
f2g3,2kr3r/Bpqb2p1/4p1p1/3p3p/1P6/P1PQ1Pb1/5P1P/R4RK1 w - - 0 19
a3a4,2kr3r/Bpq3p1/2b1p1p1/3p3p/1P6/P1PQ1PP1/7P/R4RK1 w - - 1 20
b4b5,2k2r1r/Bpq3p1/2b1p1p1/3p3p/PP6/2PQ1PP1/7P/R4RK1 w - - 1 21
b5b6,2k2r1r/Bpqb2p1/4p1p1/1P1p3p/P7/2PQ1PP1/7P/R4RK1 w - - 1 22
a4a5,2k2r1r/Bp1b2p1/1Pq1p1p1/3p3p/P7/2PQ1PP1/7P/R4RK1 w - - 1 23
a5a6,2k2r1r/Bp1b2p1/1Pq1p3/P2p2pp/8/2PQ1PP1/7P/R4RK1 w - - 0 24
a6b7,2k2r1r/Bp1b2p1/PPq1p3/3p3p/6p1/2PQ1PP1/7P/R4RK1 w - - 0 25
d3a6,5r1r/Bk1b2p1/1Pq1p3/3p3p/6p1/2PQ1PP1/7P/R4RK1 w - - 0 26
a7b8,k4r1r/B2b2p1/QPq1p3/3p3p/6p1/2P2PP1/7P/R4RK1 w - - 2 27
a6a7,1k3r1r/3b2p1/QPq1p3/3p3p/6p1/2P2PP1/7P/R4RK1 w - - 0 28
a1a5,2k2r1r/Q2b2p1/1Pq1p3/3p3p/6p1/2P2PP1/7P/R4RK1 w - - 2 29
c7c5,r2q1rk1/p1pp1ppp/bp2pn2/n7/2PP4/2PBPN2/P2BQPPP/R4RK1 b - - 8 10
a8c8,r2q1rk1/p2p1ppp/bp2pn2/n1p5/2PP4/2PBPN2/P2BQPPP/2R2RK1 b - - 1 11
d7d6,2rq1rk1/p2p1ppp/bp2pn2/n1p1N3/2PP4/2PBP3/P2BQPPP/2R2RK1 b - - 3 12
f6g4,2rq1rk1/p4ppp/bp1ppn2/n1p5/2PP2N1/2PBP3/P2BQPPP/2R2RK1 b - - 1 13
a6c4,2rq1rk1/p4ppp/bp1pp3/n1p5/2PP2Q1/2PBP3/P2B1PPP/2R2RK1 b - - 0 14
a5c4,2rq1rk1/p4ppp/1p1pp3/n1p5/2BP2Q1/2P1P3/P2B1PPP/2R2RK1 b - - 0 15
c8c5,2rq1rk1/p4ppp/1p1pp3/2P5/2n3Q1/2P1P3/P2B1PPP/2R2RK1 b - - 0 16
d6d5,3q1rk1/p4ppp/1p1pp3/2r5/2n3Q1/2P1P3/P2B1PPP/2RR2K1 b - - 1 17
d8c7,3q1rk1/p4ppp/1p2p3/2rp4/2n3Q1/2P1P3/P4PPP/2RRB1K1 b - - 1 18
c4e3,5rk1/p1q2ppp/1p2p3/2rp4/2n3Q1/2P1PP2/P5PP/2RRB1K1 b - - 0 19
e3d1,5rk1/p1q2ppp/1p2p3/2rp4/8/2P1nPQ1/P5PP/2RRB1K1 b - - 1 20
c7g3,5rk1/p1q2ppp/1p2p3/2rp4/8/2P2PQ1/P5PP/3RB1K1 b - - 0 21
f8c8,5rk1/p4ppp/1p2p3/2rp4/8/2P2PB1/P5PP/3R2K1 b - - 0 22
c5c3,2r3k1/p4ppp/1p2p3/2rp4/8/2P2PB1/P5PP/2R3K1 b - - 2 23
c8c3,2r3k1/p4ppp/1p2p3/3p4/8/2R2PB1/P5PP/6K1 b - - 0 24
c3c2,6k1/p4ppp/1p2p3/3p4/8/2r2PB1/P5PP/5K2 b - - 1 25
c2a2,6k1/p4ppp/1p2p3/3p4/8/5P2/P1r2BPP/5K2 b - - 3 26
a7a5,6k1/p4ppp/1p2p3/3p4/3B4/5P2/r5PP/5K2 b - - 1 27
a5a4,6k1/5ppp/1p2p3/p2p4/3B1P2/8/r5PP/5K2 b - - 0 28
d5c3,r1bq1rk1/pp1n1ppp/2p1p3/3n4/1bBPP3/2N2N2/PP1B1PPP/R2Q1RK1 b - - 0 10
b4c3,r1bq1rk1/pp1n1ppp/2p1p3/8/1bBPP3/2B2N2/PP3PPP/R2Q1RK1 b - - 0 11
b7b5,r1bq1rk1/pp1n1ppp/2p1p3/8/2BPP3/2P2N2/P4PPP/R2Q1RK1 b - - 0 12
a7a6,r1bq1rk1/p2n1ppp/2p1p3/1p6/3PP3/2PB1N2/P4PPP/R2Q1RK1 b - - 1 13
c8b7,r1bq1rk1/3n1ppp/p1p1p3/1p6/3PP3/2PB1N2/P3QPPP/R4RK1 b - - 1 14
a8c8,r2q1rk1/1b1n1ppp/p1p1p3/1p6/2PPP3/3B1N2/P3QPPP/R4RK1 b - - 0 15
d7b6,2rq1rk1/1b1n1ppp/p1p1p3/1p6/2PPP3/3B1N2/P3QPPP/2R2RK1 b - - 2 16
b6a4,2rq1rk1/1b3ppp/pnp1p3/1pP5/3PP3/3B1N2/P3QPPP/2R2RK1 b - - 0 17
a6a5,2rq1rk1/1b3ppp/p1p1p3/1pP1P3/n2P4/3B1N2/P3QPPP/2R2RK1 b - - 0 18
g7g6,2rq1rk1/1b3ppp/2p1p3/ppP1P3/n2PQ3/3B1N2/P4PPP/2R2RK1 b - - 1 19
d8g5,2rq1rk1/1b3p1p/2p1p1p1/ppP1P1N1/n2PQ3/3B4/P4PPP/2R2RK1 b - - 1 20
d5f6,r1bq1rk1/ppp2pp1/2np1n1p/2bN2B1/2B1P3/5N2/PP3PPP/R2Q1RK1 w - - 0 10
g5h6,r1bq1rk1/ppp2p2/2np1p1p/2b3B1/2B1P3/5N2/PP3PPP/R2Q1RK1 w - - 0 11
e8g8,rn1qk2r/1p1b1pbp/p2p1np1/2pP4/P3P3/2NB1N2/1P3PPP/R1BQK2R b KQkq - 1 10
a6a5,rn1q1rk1/1p1b1pbp/p2p1np1/2pP4/P3P3/2NB1N2/1P3PPP/R1BQ1RK1 b - - 3 11
d7b5,rn1q1rk1/1p1b1pbp/3p1np1/pNpP4/P3P3/3B1N2/1P3PPP/R1BQ1RK1 b - - 1 12
f6e4,rn1q1rk1/1p3pbp/3p1np1/pBpP4/P3P3/5N2/1P3PPP/R1BQ1RK1 b - - 0 13
f7f5,rn1q1rk1/1p3pbp/3p2p1/pBpP4/P3n3/5N2/1P3PPP/R1BQR1K1 b - - 1 14
b8a6,rn1q1rk1/1p4bp/3p2p1/pBpP1p2/P3nB2/5N2/1P3PPP/R2QR1K1 b - - 1 15
a6b4,r2q1rk1/1p4bp/n2p2p1/pBpP1p2/P3nB2/5N2/1PQ2PPP/R3R1K1 b - - 3 16
d8f6,r2q1rk1/1p4bp/3p2p1/pBpP1p2/Pn2nB2/1Q3N2/1P3PPP/R3R1K1 b - - 5 17
f6d4,r4rk1/1p4bp/3p1qp1/pBpP1p2/Pn2nB2/1Q6/1P1N1PPP/R3R1K1 b - - 7 18
d4f2,r4rk1/1p4bp/3p2p1/pBpP1p2/Pn1qnB2/1Q3N2/1P3PPP/R3R1K1 b - - 9 19
g7d4,r4rk1/1p4bp/3p2p1/pBpP1p2/Pn2nB2/1Q3N2/1P3qPP/R3R2K b - - 1 20
f2g1,r4rk1/1p5p/3p2p1/pBpP1p2/Pn1bnB2/1Q3N2/1P3qPP/3RR2K b - - 3 21
e4f2,r4rk1/1p5p/3p2p1/pBpP1p2/Pn1bnB2/1Q6/1P4PP/3RR1NK b - - 0 22
f2f3,rnb1k2r/ppp2ppp/8/3pq3/4n3/3B4/PPP2PPP/RNBQR1K1 w kq - 2 10
c1e3,rnb1k2r/ppp2ppp/8/3p4/3qn3/3B1P2/PPP3PP/RNBQR1K1 w kq - 1 11
f3e4,rnb1k2r/ppp2ppp/8/3p4/4n3/3BBP2/PqP3PP/RN1QR1K1 w kq - 0 12
e4d5,rnb1k2r/ppp2ppp/8/3p4/4P3/3BB3/P1P3PP/qN1QR1K1 w kq - 0 13
b1d2,rnb2rk1/ppp2ppp/8/3P4/8/3BB3/P1P3PP/qN1QR1K1 w - - 1 14
d1h5,rnb2rk1/ppp2ppp/8/3P4/8/3BB3/q1PN2PP/3QR1K1 w - - 0 15
h5h6,rnb2rk1/ppp2p1p/6p1/3P3Q/8/3BB3/q1PN2PP/4R1K1 w - - 0 16
e3d4,r1b2rk1/pppn1p1p/6pQ/3P4/8/3BB3/q1PN2PP/4R1K1 w - - 2 17
d3g6,r1b2rk1/pppn3p/5ppQ/3P4/3B4/3B4/q1PN2PP/4R1K1 w - - 0 18
h6g6,r1b2rk1/pppn4/5ppQ/3P4/3B4/8/q1PN2PP/4R1K1 w - - 0 19
e1e3,r1b2r1k/pppn4/5pQ1/3P4/3B4/8/q1PN2PP/4R1K1 w - - 1 20
e3h3,r1b4k/pppn1r2/5pQ1/3P4/3B4/4R3/q1PN2PP/6K1 w - - 3 21
h3h7,r1b4k/pppn3r/5pQ1/3P4/3B4/7R/q1PN2PP/6K1 w - - 5 22
g4f3,r3kb1r/ppq1nppp/2n5/2p1P3/2PpPBb1/3P1N1P/PP2N1P1/R2QKB1R b KQkq - 0 10
e7g6,r3kb1r/ppq1nppp/2n5/2p1P3/2PpPB2/3P1P1P/PP2N3/R2QKB1R b KQkq - 0 11
g6e5,r3kb1r/ppq2ppp/2n3n1/2p1P3/2PpP3/3P1P1P/PP2N2B/R2QKB1R b KQkq - 2 12
f8d6,r3kb1r/ppq2ppp/2n5/2p1n3/2PpP3/3P1P1P/PP2NK1B/R2Q1B1R b kq - 1 13
e5g6,r3k2r/ppq2ppp/2nb4/2p1n3/2PpPP2/3P3P/PP2NK1B/R2Q1B1R b kq - 0 14
g6f4,r3k2r/ppq2ppp/2nb2n1/2p5/2PpPP2/3P3P/PP2NKBB/R2Q3R b kq - 2 15
d6f4,r3k2r/ppq2ppp/2nb4/2p5/2PpPN2/3P3P/PP3KBB/R2Q3R b kq - 0 16
c7f4,r3k2r/ppq2ppp/2n5/2p5/2PpPB2/3P3P/PP3KB1/R2Q3R b kq - 0 17
c6e5,r3k2r/pp3ppp/2n5/2p5/2PpPq2/3P1B1P/PP3K2/R2Q3R b kq - 1 18
e8c8,r3k2r/pp3ppp/8/2p1n3/2PpPq2/3P1B1P/PP2QK2/R6R b kq - 3 19
d8d6,2kr3r/pp3ppp/8/2p1n3/2PpPq2/3P1B1P/PP2QK2/R5R1 b - - 5 20
d6f6,2k4r/pp3ppp/3r4/2p1n3/2PpPq2/3P1BRP/PP2QK2/R7 b - - 7 21
h7h5,2k4r/pp3ppp/5r2/2p1n3/2PpPq2/3P1BRP/PP2QK2/5R2 b - - 9 22
h5h4,2k4r/pp3pp1/5r2/2p1n2p/2PpPq2/3P1BRP/PP2Q1K1/5R2 b - - 1 23
e5g4,2k4r/pp3pp1/5r2/2p1n3/2PpPqRp/3P1B1P/PP2Q1K1/5R2 b - - 1 24
c8c7,2k4r/pp3pp1/5r2/2p5/2PpPqBp/3P3P/PP2Q1K1/5R2 b - - 0 25
f6f4,7r/ppk2pp1/5r2/2p5/2PpPRBp/3P3P/PP2Q1K1/8 b - - 0 26
h8e8,7r/ppk2pp1/8/2p5/1PPpPrBp/3P3P/P3Q1K1/8 b - - 0 27
f7f5,4r3/ppk2pp1/8/2P5/2PpPrBp/3P3P/P3Q1K1/8 b - - 0 28
f5e4,4r3/ppk3p1/8/2P2p2/2PpPr1p/3P1B1P/P3Q1K1/8 b - - 1 29
g3e4,r1bqkb1r/ppp3pp/2n5/4p3/2B2p2/5QN1/PPPP2PP/R1B2RK1 w kq - 0 10
d2d3,r2qkb1r/ppp3pp/2n5/4pb2/2B1Np2/5Q2/PPPP2PP/R1B2RK1 w kq - 2 11
g1h1,r2qk2r/ppp1b1pp/2n5/4pb2/2B1Np2/3P1Q2/PPP3PP/R1B2RK1 w kq - 1 12
c1d2,r3k2r/pppqb1pp/2n5/4pb2/2B1Np2/3P1Q2/PPP3PP/R1B2R1K w kq - 3 13
b2b4,2kr3r/pppqb1pp/2n5/4pb2/2B1Np2/3P1Q2/PPPB2PP/R4R1K w - - 5 14
d2b4,2kr3r/pppq2pp/2n5/4pb2/1bB1Np2/3P1Q2/P1PB2PP/R4R1K w - - 0 15
a1b1,2kr3r/pppq2pp/8/4pb2/1nB1Np2/3P1Q2/P1P3PP/R4R1K w - - 0 16
e4d6,2kr3r/pppq2pp/8/4pb2/2B1Np2/3P1Q2/P1n3PP/1R3R1K w - - 0 17
f1c1,2kr3r/pp1q2pp/3p4/4pb2/2B2p2/3P1Q2/P1n3PP/1R3R1K w - - 0 18
c4a6,2kr3r/pp1q2pp/3p4/4pb2/2Bn1p2/3P1Q2/P5PP/1RR4K w - - 2 19
c1c6,2kr3r/pp1q2pp/B1np4/4pb2/5p2/3P1Q2/P5PP/1RR4K w - - 4 20
c6d6,1k1r3r/pp1q2pp/B1Rp4/4pb2/5p2/3P1Q2/P5PP/1R5K w - - 1 21
a6b7,1k1r3r/ppq3pp/B2R4/4pb2/5p2/3P1Q2/P5PP/1R5K w - - 1 22
b7a8,1k1r3r/pB4pp/3q4/4pb2/5p2/3P1Q2/P5PP/1R5K w - - 0 23
b1b6,Bk1r3r/p5pp/1q6/4pb2/5p2/3P1Q2/P5PP/1R5K w - - 2 24
f3b7,Bk1r3r/6pp/1p6/4pb2/5p2/3P1Q2/P5PP/7K w - - 0 25
b7b5,rn1q1k1r/1p2bppp/p2pbn2/4p3/4P3/1NN1B3/PPPQBPPP/R3K2R b KQ - 1 10
b8d7,rn1q1k1r/4bppp/p2pbn2/1p2p3/4P3/PNN1B3/1PPQBPPP/R3K2R b KQ - 0 11
a8c8,r2q1k1r/3nbppp/p2pbn2/1p2p3/4P3/PNN1B3/1PPQBPPP/2KR3R b - - 2 12
d7b6,2rq1k1r/3nbppp/p2pbn2/1p2p3/4P3/PNN1BP2/1PPQB1PP/2KR3R b - - 0 13
b6c4,2rq1k1r/4bppp/pn1pbn2/1p2p3/4P1P1/PNN1BP2/1PPQB2P/2KR3R b - - 0 14
b5c4,2rq1k1r/4bppp/p2pbn2/1p2p3/2B1P1P1/PNN1BP2/1PPQ3P/2KR3R b - - 0 15
d6d5,2rq1k1r/4bppp/p2pbn2/4p3/2p1P1P1/P1N1BP2/1PPQ3P/N1KR3R b - - 1 16
d5d4,2rq1k1r/4bppp/p3bn2/3pp1P1/2p1P3/P1N1BP2/1PPQ3P/N1KR3R b - - 0 17
e7f6,2rq1k1r/4bppp/p3bP2/4p3/2ppP3/P1N1BP2/1PPQ3P/N1KR3R b - - 0 18
e6d5,2rq1k1r/5ppp/p3bb2/3Np3/2ppP3/P3BP2/1PPQ3P/N1KR3R b - - 1 19
d4e3,2rq1k1r/5ppp/p4b2/3Pp3/2pp4/P3BP2/1PPQ3P/N1KR3R b - - 0 20
c4c3,2rq1k1r/5ppp/p4b2/3Pp3/2p5/P3pP2/1PP1Q2P/N1KR3R b - - 1 21
d8a5,2rq1k1r/5ppp/p4b2/3Pp3/8/PPp1pP2/2P1Q2P/N1KR3R b - - 0 22
a5b4,2r2k1r/5ppp/p4b2/q2Pp3/P7/1Pp1pP2/2P1Q2P/N1KR3R b - - 0 23
b4a3,2r2k1r/5ppp/p4b2/3Pp3/Pq6/1Pp1pP2/2P1Q2P/N1K3RR b - - 2 24
a3a1,2r2k1r/5ppp/p4b2/3Pp3/P7/qPp1pP2/2P1Q2P/N2K2RR b - - 4 25
d1e2,r1bqkb1r/p1p2ppp/2p5/8/2p1n3/5P1P/PPP3P1/RNBQ1RK1 w kq - 0 10
e2e4,r1bqk2r/p1p1bppp/2p5/8/2p1n3/5P1P/PPP1Q1P1/RNB2RK1 w kq - 2 11
e4c6,r1bq1rk1/p1p1bppp/2p5/8/2p1Q3/5P1P/PPP3P1/RNB2RK1 w - - 1 12
c6c4,1rbq1rk1/p1p1bppp/2Q5/8/2p5/5P1P/PPP3P1/RNB2RK1 w - - 1 13
c4f4,1r1q1rk1/p1p1bppp/4b3/8/2Q5/5P1P/PPP3P1/RNB2RK1 w - - 1 14
f4e3,1r1q1rk1/p1p2ppp/3bb3/8/5Q2/5P1P/PPP3P1/RNB2RK1 w - - 3 15
e3c3,1r1qr1k1/p1p2ppp/3bb3/8/8/4QP1P/PPP3P1/RNB2RK1 w - - 5 16
c1e3,1rbqr1k1/p1p2ppp/3b4/8/8/2Q2P1P/PPP3P1/RNB2RK1 w - - 7 17
c3d3,1rbqr1k1/p1p2ppp/8/4b3/8/2Q1BP1P/PPP3P1/RN3RK1 w - - 9 18
b1c3,1rbqr1k1/p1p2ppp/8/8/8/3QBP1P/PbP3P1/RN3RK1 w - - 0 19
f1a1,1rbqr1k1/p1p2ppp/8/8/8/2NQBP1P/P1P3P1/b4RK1 w - - 0 20
e3d4,1rb1r1k1/p1p1qppp/8/8/8/2NQBP1P/P1P3P1/R5K1 w - - 1 21
c3e4,1r2r1k1/p1p1qppp/4b3/8/3B4/2NQ1P1P/P1P3P1/R5K1 w - - 3 22
a1e1,1r2r1k1/p1p1qpp1/4b2p/8/3BN3/3Q1P1P/P1P3P1/R5K1 w - - 0 23
e4f6,1r2r1k1/p1p1qpp1/7p/5b2/3BN3/3Q1P1P/P1P3P1/4R1K1 w - - 2 24
e1e7,1r2r1k1/p1p1qp2/5p1p/5b2/3B4/3Q1P1P/P1P3P1/4R1K1 w - - 0 25
e7e8,1r2r1k1/p1p1Rp2/5p1p/8/3B4/3b1P1P/P1P3P1/6K1 w - - 0 26
c2d3,4r1k1/p1p2p2/5p1p/8/3B4/3b1P1P/P1P3P1/6K1 w - - 0 27
d4f6,3r2k1/p1p2p2/5p1p/8/3B4/3P1P1P/P5P1/6K1 w - - 1 28
f6e5,6k1/p1p2p2/3r1B1p/8/8/3P1P1P/P5P1/6K1 w - - 1 29
e8g8,rnbqk2r/pp3ppp/4p3/8/3PP3/5N2/P2Q1PPP/R3KB1R b KQkq - 0 10
b8c6,rnbq1rk1/pp3ppp/4p3/8/3PP3/3B1N2/P2Q1PPP/R3K2R b KQ - 2 11
e6d5,r1bq1rk1/pp3ppp/2n1p3/3P4/4P3/3B1N2/P2Q1PPP/R3K2R b KQ - 0 12
c6e7,r1bq1rk1/pp3ppp/2n5/3P4/8/3B1N2/P2Q1PPP/R3K2R b KQ - 0 13
e7g6,r1bq1rk1/pp2nppp/3P4/8/8/3B1N2/P2Q1PPP/R3K2R b KQ - 0 14
h7g6,r1bq1rk1/pp3ppp/3P2B1/8/8/5N2/P2Q1PPP/R3K2R b KQ - 0 15
c8e6,r1bq1rk1/pp3pp1/3P2p1/8/8/5N2/P2Q1PPP/R4RK1 b - - 1 16
a8c8,r2q1rk1/pp3pp1/3Pb1p1/8/8/5N2/P2Q1PPP/2R2RK1 b - - 3 17
d8b6,2rq1rk1/pp3pp1/3Pb1p1/8/8/5N2/P2Q1PPP/2R1R1K1 b - - 5 18
b6d6,2r2rk1/pp3pp1/1q1Pb1p1/8/3N4/8/P2Q1PPP/2R1R1K1 b - - 7 19
f8c8,2R2rk1/pp3pp1/3qb1p1/8/3N4/8/P2Q1PPP/4R1K1 b - - 0 20
d6d2,2r3k1/pp3pp1/3qb1p1/8/8/5N2/P2Q1PPP/4R1K1 b - - 1 21
c8c2,2r3k1/pp3pp1/4b1p1/8/8/8/P2N1PPP/4R1K1 b - - 0 22
c2a2,6k1/pp3pp1/4b1p1/8/8/8/P1rN1PPP/3R2K1 b - - 2 23
a7a5,6k1/pp3pp1/4b1p1/8/4N3/8/r4PPP/3R2K1 b - - 1 24
a5a4,6k1/1p3pp1/4b1p1/p7/4N3/7P/r4PP1/3R2K1 b - - 0 25
g8f8,6k1/1p3pp1/4b1p1/6N1/p7/7P/r4PP1/3R2K1 b - - 1 26
f8e7,3R1k2/1p3pp1/4b1p1/6N1/p7/7P/r4PP1/6K1 b - - 3 27
a4a3,8/1p2kpp1/4b1p1/6N1/p2R4/7P/r4PP1/6K1 b - - 5 28
e7e6,8/1p2kpp1/4N1p1/8/3R4/p6P/r4PP1/6K1 b - - 0 29
f3e5,r1bqr1k1/pp1nbppp/2p2n2/3p4/3P4/2PB1N1P/PP3PP1/RNBQR1K1 w - - 1 10
c1f4,r1bqrnk1/pp2bppp/2p2n2/3pN3/3P4/2PB3P/PP3PP1/RNBQR1K1 w - - 3 11
b1d2,r2qrnk1/pp2bppp/2p1bn2/3pN3/3P1B2/2PB3P/PP3PP1/RN1QR1K1 w - - 5 12
d2f3,r3rnk1/ppq1bppp/2p1bn2/3pN3/3P1B2/2PB3P/PP1N1PP1/R2QR1K1 w - - 7 13
f4h2,r3rnk1/ppq2ppp/2pbbn2/3pN3/3P1B2/2PB1N1P/PP3PP1/R2QR1K1 w - - 9 14
f3e5,r3rnk1/ppq2ppp/2p1bn2/3pb3/3P4/2PB1N1P/PP3PPB/R2QR1K1 w - - 0 15
f2f4,r2qrnk1/pp3ppp/2p1bn2/3pN3/3P4/2PB3P/PP3PPB/R2QR1K1 w - - 1 16
f4f5,r2qr1k1/pp1n1ppp/2p1bn2/3pN3/3P1P2/2PB3P/PP4PB/R2QR1K1 w - - 1 17
d4e5,r2qr1k1/pp3ppp/2p1bn2/3pnP2/3P4/2PB3P/PP4PB/R2QR1K1 w - - 0 18
e5f6,r1bqr1k1/pp3ppp/2p2n2/3pPP2/8/2PB3P/PP4PB/R2QR1K1 w - - 1 19
e1e8,r1b1r1k1/pp3ppp/2p2q2/3p1P2/8/2PB3P/PP4PB/R2QR1K1 w - - 0 20
e6d5,r1bq1rk1/pp1n1ppp/2p1p3/3N4/1bBP4/4PN2/PPQ2PPP/R1B2RK1 b - - 0 10
d7f6,r1bq1rk1/pp1n1ppp/2p5/3p4/1b1P4/3BPN2/PPQ2PPP/R1B2RK1 b - - 1 11
b4d6,r1bq1rk1/pp3ppp/2p2n2/3pN3/1b1P4/3BP3/PPQ2PPP/R1B2RK1 b - - 3 12
f8e8,r1bq1rk1/pp3ppp/2pb1n2/3pN3/3P1P2/3BP3/PPQ3PP/R1B2RK1 b - - 0 13
f6e4,r1bqr1k1/pp3ppp/2pb1n2/3pN3/3P1P2/3BP3/PPQB2PP/R4RK1 b - - 2 14
d5e4,r1bqr1k1/pp3ppp/2pb4/3pN3/3PBP2/4P3/PPQB2PP/R4RK1 b - - 0 15
f7f6,r1bqr1k1/pp3ppp/2pb4/4N3/3PQP2/4P3/PP1B2PP/R4RK1 b - - 0 16
e8e4,r1bqr1k1/pp4pp/2Nb1p2/8/3PQP2/4P3/PP1B2PP/R4RK1 b - - 0 17
e4e8,r1bN2k1/pp4pp/3b1p2/8/3PrP2/4P3/PP1B2PP/R4RK1 b - - 0 18
c8b7,r1b1r1k1/pN4pp/3b1p2/8/3P1P2/4P3/PP1B2PP/R4RK1 b - - 0 19
b7e4,r3r1k1/pb4pp/3b1p2/8/3P1P2/4P3/PP1B2PP/2R2RK1 b - - 1 20
f6f5,r3r1k1/p5pp/3b1p2/8/3PbP2/2B1P3/PP4PP/2R2RK1 b - - 3 21
a8c8,r3r1k1/p5pp/3b4/5p2/3PbP2/1PB1P3/P5PP/2R2RK1 b - - 0 22
d6b4,2r1r1k1/p5pp/3b4/5p2/3PbP2/1P2P3/PB4PP/2R2RK1 b - - 2 23
b4d2,2r1r1k1/p5pp/8/5p2/1bRPbP2/1P2P3/PB4PP/5RK1 b - - 4 24
c8c4,2r1r1k1/p5pp/8/5p2/2RPbP2/1P2P3/PB1b1KPP/5R2 b - - 6 25
e8b8,4r1k1/p5pp/8/5p2/2PPbP2/4P3/PB1b1KPP/5R2 b - - 0 26
b8b1,1r4k1/p5pp/8/5p2/2PPbP2/4P3/P2b1KPP/B4R2 b - - 2 27
b1f1,6k1/p5pp/8/5p2/2PPbPP1/4P3/P2b1K1P/Br3R2 b - - 0 28
f5g4,6k1/p5pp/8/5p2/2PPbPP1/4P3/P2b3P/B4K2 b - - 0 29
e1e5,r1bq1b1r/ppp1kBpp/5n2/4p3/8/8/PPP2PPP/RNBQR1K1 w - - 1 10
d1d8,r1bq1b1r/ppp2kpp/5n2/4R3/8/8/PPP2PPP/RNBQ2K1 w - - 0 11
d8h8,r1bQ3r/ppp2kpp/3b1n2/4R3/8/8/PPP2PPP/RNB3K1 w - - 1 12
b1c3,r1b4Q/ppp2kpp/5n2/4b3/8/8/PPP2PPP/RNB3K1 w - - 0 13
h8a8,r6Q/ppp2kpp/5n2/4bb2/8/2N5/PPP2PPP/R1B3K1 w - - 2 14
b2c3,Q7/ppp2kpp/5n2/5b2/8/2b5/PPP2PPP/R1B3K1 w - - 0 15
a8b7,Q7/ppp2kpp/5n2/8/8/2P5/P1b2PPP/R1B3K1 w - - 0 16
b7c7,8/pQp2kpp/5n2/5b2/8/2P5/P4PPP/R1B3K1 w - - 1 17
d6g3,rnbq1rk1/pp3p2/3bpn1p/3p2p1/3P4/2PB1NB1/PP2QPPP/RN2K2R b KQ - 1 10
g8g7,rnbq1rk1/pp3p2/4pn1p/3p2p1/3P4/2PB1NP1/PP2QPP1/RN2K2R b KQ - 0 11
b8c6,rnbq1r2/pp3pk1/4pn1p/3p2p1/3P4/2PB1NP1/PP1NQPP1/R3K2R b KQ - 2 12
c6e5,r1bq1r2/pp3pk1/2n1pn1p/3pN1p1/3P4/2PB2P1/PP1NQPP1/R3K2R b KQ - 4 13
f6e4,r1bq1r2/pp3pk1/4pn1p/3pP1p1/8/2PB2P1/PP1NQPP1/R3K2R b KQ - 0 14
d5e4,r1bq1r2/pp3pk1/4p2p/3pP1p1/4N3/2PB2P1/PP2QPP1/R3K2R b KQ - 0 15
f8h8,r1bq1r2/pp3pk1/4p2p/4P1p1/4Q3/2PB2P1/PP3PP1/R3K2R b KQ - 0 16
d8a5,r1bq3r/pp3pk1/4p2p/4P1p1/4Q3/2PB2P1/PP3PP1/2KR3R b - - 2 17
c8d7,r1b4r/pp3pk1/4p2p/q3P1p1/4Q3/2PB2P1/PP3PP1/1K1R3R b - - 4 18
a8b8,r6r/pQ1b1pk1/4p2p/q3P1p1/8/2PB2P1/PP3PP1/1K1R3R b - - 0 19
a5c3,1r5r/p2Q1pk1/4p2p/q3P1p1/8/2PB2P1/PP3PP1/1K1R3R b - - 0 20
b8b3,1r5r/p2Q1pk1/4p2p/4P1p1/8/1PqB2P1/P4PP1/1K1R3R b - - 0 21
c3b3,7r/p2Q1pk1/4p2p/4P1p1/8/1PqB2P1/5PP1/1K1R3R b - - 0 22
b3a3,7r/p2Q1pk1/4p2p/4P1p1/8/1q1B2P1/5PP1/K2R3R b - - 1 23
h8b8,7r/p2Q1pk1/4p2p/4P1p1/8/q2B2P1/5PP1/1K1R3R b - - 3 24
a3b2,1r6/p2Q1pk1/4p2p/4P1p1/8/q2B2P1/2K2PP1/3R3R b - - 5 25
e1d1,r1bq1b1r/ppp3pp/4k3/3Np3/2B5/5Q2/PPnP1PPP/R1B1K2R w KQ - 0 10
d5c7,r1bq1b1r/ppp3pp/4k3/3Np3/2B5/5Q2/PP1P1PPP/n1BK3R w - - 0 11
f3f7,r1bq1b1r/ppN1k1pp/8/4p3/2B5/5Q2/PP1P1PPP/n1BK3R w - - 1 12
c7b5,r1bq1b1r/ppN2Qpp/3k4/4p3/2B5/8/PP1P1PPP/n1BK3R w - - 3 13
d2d3,r1bq1b1r/pp3Qpp/2k5/1N2p3/2B5/8/PP1P1PPP/n1BK3R w - - 5 14
f2f3,r2q1b1r/pp3Qpp/2k5/1N2p3/2B3b1/3P4/PP3PPP/n1BK3R w - - 1 15
f7h5,r2q1b1r/pp3Qpp/2k5/1N2p2b/2B5/3P1P2/PP4PP/n1BK3R w - - 1 16
b5b4,r2qkb1r/3n1ppp/2p1pn2/pp6/2pP4/P1N1PN2/1PBB1PPP/R2QK2R b KQkq - 3 10
b4b3,r2qkb1r/3n1ppp/2p1pn2/p7/1ppPN3/P3PN2/1PBB1PPP/R2QK2R b KQkq - 1 11
d7f6,r2qkb1r/3n1ppp/2p1pN2/p7/2pP4/Pp2PN2/1PBB1PPP/R2QK2R b KQkq - 0 12
c6c5,r2qkb1r/5ppp/2p1pn2/p7/2pP4/Pp2PN2/1P1B1PPP/RB1QK2R b KQkq - 1 13
c5d4,r2qkb1r/5ppp/4pn2/p1p5/2pP4/Pp2PN2/1P1B1PPP/RB1Q1RK1 b kq - 1 14
f8d6,r2qkb1r/5ppp/4pn2/p7/2pN4/Pp2P3/1P1B1PPP/RB1Q1RK1 b kq - 0 15
d6h2,r2qk2r/5ppp/3bpn2/pN6/2p5/Pp2P3/1P1B1PPP/RB1Q1RK1 b kq - 2 16
d8b8,r2qk2r/5ppp/4pn2/pN6/2p5/Pp2P3/1P1B1PPK/RB1Q1R2 b kq - 0 17
b8b5,rq2k2r/5ppp/4pn2/pN6/2p5/Pp2P3/1P1B1PP1/RB1Q1RK1 b kq - 2 18
e8g8,r3k2r/5ppp/4pn2/pq6/2p5/PpB1P3/1P3PP1/RB1Q1RK1 b kq - 1 19
g7f6,r4rk1/5ppp/4pB2/pq6/2p5/Pp2P3/1P3PP1/RB1Q1RK1 b - - 0 20
g8h8,r4rk1/5p1p/4pp2/pq6/2p3Q1/Pp2P3/1P3PP1/RB3RK1 b - - 1 21
b5h5,r4r1k/5p1p/4pp2/pq5Q/2p5/Pp2P3/1P3PP1/RB3RK1 b - - 3 22
h4h5,r1bq1rk1/ppp2p1p/2n1pbp1/8/3PN2P/2PB4/PP3PP1/R2QK1NR w KQ - 1 10
h5g6,r1bq1r2/ppp2pkp/2n1pbp1/7P/3PN3/2PB4/PP3PP1/R2QK1NR w KQ - 1 11
d1d2,r1bq1r2/ppp2pk1/2n1pbp1/8/3PN3/2PB4/PP3PP1/R2QK1NR w KQ - 0 12
h1h8,r1bq3r/ppp2pk1/2n1pbp1/8/3PN3/2PB4/PP1Q1PP1/R3K1NR w KQ - 2 13
e1c1,r1b4q/ppp2pk1/2n1pbp1/8/3PN3/2PB4/PP1Q1PP1/R3K1N1 w Q - 0 14
e4f6,r6q/pppb1pk1/2n1pbp1/8/3PN3/2PB4/PP1Q1PP1/2KR2N1 w - - 2 15
d2f4,r6q/pppb1p2/2n1pkp1/8/3P4/2PB4/PP1Q1PP1/2KR2N1 w - - 0 16
g1f3,r6q/pppb1pk1/2n1p1p1/8/3P1Q2/2PB4/PP3PP1/2KR2N1 w - - 2 17
f4c7,5r1q/pppb1pk1/2n1p1p1/8/3P1Q2/2PB1N2/PP3PP1/2KR4 w - - 4 18
f3e5,2b2r1q/ppQ2pk1/2n1p1p1/8/3P4/2PB1N2/PP3PP1/2KR4 w - - 1 19
c7e5,2b2r1q/ppQ2pk1/4p1p1/4n3/3P4/2PB4/PP3PP1/2KR4 w - - 0 20
e5e3,2b2r1q/pp4k1/4ppp1/4Q3/3P4/2PB4/PP3PP1/2KR4 w - - 0 21
e3g3,2b4q/pp3rk1/4ppp1/8/3P4/2PBQ3/PP3PP1/2KR4 w - - 2 22
g3e5,2b4q/pp3rk1/4p1p1/5p2/3P4/2PB2Q1/PP3PP1/2KR4 w - - 0 23
e5b8,2b3kq/pp3r2/4p1p1/4Qp2/3P4/2PB4/PP3PP1/2KR4 w - - 2 24
b8a7,1Qb2rkq/pp6/4p1p1/5p2/3P4/2PB4/PP3PP1/2KR4 w - - 4 25
a7b7,5rkq/Qp1b4/4p1p1/5p2/3P4/2PB4/PP3PP1/2KR4 w - - 1 26
d3c4,6kq/1Q1b1r2/4p1p1/5p2/3P4/2PB4/PP3PP1/2KR4 w - - 1 27
d1e1,7q/1Q1b1rk1/4p1p1/5p2/2BP4/2P5/PP3PP1/2KR4 w - - 3 28
c1c2,8/1Q1b1rk1/4p1pq/5p2/2BP4/2P5/PP3PP1/2K1R3 w - - 5 29
e3e4,rnbq1rk1/5ppp/p1pbpn2/1p6/3P4/2NBPN2/PP3PPP/R1BQ1RK1 w - - 2 10
e4e5,rnbq1rk1/4bppp/p1p1pn2/1p6/3PP3/2NB1N2/PP3PPP/R1BQ1RK1 w - - 1 11
d1e2,rnbq1rk1/4bppp/p1p1p3/1p1nP3/3P4/2NB1N2/PP3PPP/R1BQ1RK1 w - - 1 12
e2e4,rn1q1rk1/1b2bppp/p1p1p3/1p1nP3/3P4/2NB1N2/PP2QPPP/R1B2RK1 w - - 3 13
c1h6,rn1q1rk1/1b2bp1p/p1p1p1p1/1p1nP3/3PQ3/2NB1N2/PP3PPP/R1B2RK1 w - - 0 14
c3d5,rn1qr1k1/1b2bp1p/p1p1p1pB/1p1nP3/3PQ3/2NB1N2/PP3PPP/R4RK1 w - - 2 15
e4f4,rn1qr1k1/1b2bp1p/p3p1pB/1p1pP3/3PQ3/3B1N2/PP3PPP/R4RK1 w - - 0 16
f3g5,r2qr1k1/1b2bp1p/p1n1p1pB/1p1pP3/3P1Q2/3B1N2/PP3PPP/R4RK1 w - - 2 17
h6g5,r2qr1k1/1b3p1p/p1n1p1pB/1p1pP1b1/3P1Q2/3B4/PP3PPP/R4RK1 w - - 0 18
g5f6,r3r1k1/1b3p1p/pqn1p1p1/1p1pP1B1/3P1Q2/3B4/PP3PPP/R4RK1 w - - 1 19
f4h6,r3r1k1/1b3p1p/p1n1pBp1/1p1pP3/3q1Q2/3B4/PP3PPP/R4RK1 w - - 0 20
c8d7,r1bqkb1r/5ppp/2np1n2/1B2p3/4P3/N7/PPP2PPP/R1BQK2R b KQkq - 0 10
c6d4,r2qkb1r/3b1ppp/2np1n2/1B2p3/2P1P3/N7/PP3PPP/R1BQK2R b KQkq - 0 11
d8d7,r2qkb1r/3B1ppp/3p1n2/4p3/2PnP3/N7/PP3PPP/R1BQK2R b KQkq - 0 12
d7g4,r3kb1r/3q1ppp/3p1n2/4p3/2PnP3/N3B3/PP3PPP/R2QK2R b KQkq - 1 13
b8d7,rn3rk1/pp3ppp/2pq1n2/3p4/3P2b1/2N1PN2/PP2BPPP/R2QK2R b KQ - 5 10
f8e8,r4rk1/pp1n1ppp/2pq1n2/3p4/3P2b1/2N1PN2/PP2BPPP/R2Q1RK1 b - - 7 11
b7b5,r3r1k1/pp1n1ppp/2pq1n2/3p4/3P2b1/2N1PN2/PP2BPPP/R2QR1K1 b - - 9 12
a7a5,r3r1k1/p2n1ppp/2pq1n2/1p1p4/3P2b1/P1N1PN2/1P2BPPP/R2QR1K1 b - - 0 13
f6e4,r3r1k1/3n1ppp/2pq1n2/pp1p4/3P2b1/P1N1PN2/1P2BPPP/2RQR1K1 b - - 1 14
d5e4,r3r1k1/3n1ppp/2pq4/pp1p4/3PN1b1/P3PN2/1P2BPPP/2RQR1K1 b - - 0 15
g4e2,r3r1k1/3n1ppp/2pq4/pp6/3Pp1b1/P3P3/1P1NBPPP/2RQR1K1 b - - 1 16
f7f5,r3r1k1/3n1ppp/2pq4/pp6/3Pp3/P3P3/1P1NQPPP/2R1R1K1 b - - 0 17
d7f6,r3r1k1/3n2pp/2pq4/pp3p2/3Pp3/PN2P3/1P2QPPP/2R1R1K1 b - - 1 18
f6d5,r3r1k1/6pp/2pq1n2/ppN2p2/3Pp3/P3P3/1P2QPPP/2R1R1K1 b - - 3 19
e4f3,r3r1k1/6pp/2pq4/ppNn1p2/3Pp3/P3PP2/1P2Q1PP/2R1R1K1 b - - 0 20
g7g6,r3r1k1/6pp/2pq4/ppNn1p2/3P4/P3PQ2/1P4PP/2R1R1K1 b - - 0 21
d5f6,r3r1k1/7p/2pq2p1/ppNn1p2/3P4/P3PQ1P/1P4P1/2R1R1K1 b - - 0 22
f6e4,r3r1k1/7p/2pq1np1/ppN2p2/3P4/P3PQ1P/1PR3P1/4R1K1 b - - 2 23
e8e4,r3r1k1/7p/2pq2p1/pp3p2/3PN3/P3PQ1P/1PR3P1/4R1K1 b - - 0 24
a8e8,r5k1/7p/2pq2p1/pp3p2/3Pr3/P3PQ1P/1P2R1P1/4R1K1 b - - 1 25
f5f4,4r1k1/7p/2pq2p1/pp3p2/3Pr3/P3PQ1P/1P2RKP1/4R3 b - - 3 26
e4f4,4r1k1/7p/2pq2p1/pp6/3PrP2/P4Q1P/1P2RKP1/4R3 b - - 0 27
g8g7,4R1k1/7p/2pq2p1/pp6/3P1r2/P4Q1P/1P3KP1/4R3 b - - 0 28
g7h6,4R3/4R1kp/2pq2p1/pp6/3P1r2/P4Q1P/1P3KP1/8 b - - 2 29
c4d3,rnbq1rk1/p3bppp/2p1pn2/1p6/2BP4/P1N1PN2/1P1B1PPP/R2QK2R w KQ - 0 10
e1g1,rnbq1rk1/4bppp/p1p1pn2/1p6/3P4/P1NBPN2/1P1B1PPP/R2QK2R w KQ - 0 11
d1e2,rn1q1rk1/1b2bppp/p1p1pn2/1p6/3P4/P1NBPN2/1P1B1PPP/R2Q1RK1 w - - 2 12
a1c1,r2q1rk1/1b1nbppp/p1p1pn2/1p6/3P4/P1NBPN2/1P1BQPPP/R4RK1 w - - 4 13
e3e4,2rq1rk1/1b1nbppp/p1p1pn2/1p6/3P4/P1NBPN2/1P1BQPPP/2R2RK1 w - - 6 14
e4e5,2r2rk1/1bqnbppp/p1p1pn2/1p6/3PP3/P1NB1N2/1P1BQPPP/2R2RK1 w - - 1 15
e2e4,2r2rk1/1bqnbppp/p1p1p3/1p1nP3/3P4/P1NB1N2/1P1BQPPP/2R2RK1 w - - 1 16
d2h6,2r2rk1/1bqnbp1p/p1p1p1p1/1p1nP3/3PQ3/P1NB1N2/1P1B1PPP/2R2RK1 w - - 0 17
c3d5,2r1r1k1/1bqnbp1p/p1p1p1pB/1p1nP3/3PQ3/P1NB1N2/1P3PPP/2R2RK1 w - - 2 18
e4g4,2r1r1k1/1bqnbp1p/p1p3pB/1p1pP3/3PQ3/P2B1N2/1P3PPP/2R2RK1 w - - 0 19
h6f8,2r1rbk1/1bqn1p1p/p1p3pB/1p1pP3/3P2Q1/P2B1N2/1P3PPP/2R2RK1 w - - 2 20
e5e6,2r2rk1/1bqn1p1p/p1p3p1/1p1pP3/3P2Q1/P2B1N2/1P3PPP/2R2RK1 w - - 0 21
g4e6,2r2rk1/1bqn3p/p1p1p1p1/1p1p4/3P2Q1/P2B1N2/1P3PPP/2R2RK1 w - - 0 22
f3g5,2r3k1/1bqn1r1p/p1p1Q1p1/1p1p4/3P4/P2B1N2/1P3PPP/2R2RK1 w - - 1 23
g5f7,5rk1/1bqn1r1p/p1p1Q1p1/1p1p2N1/3P4/P2B4/1P3PPP/2R2RK1 w - - 3 24
d3g6,6k1/1bqn1r1p/p1p1Q1p1/1p1p4/3P4/P2B4/1P3PPP/2R2RK1 w - - 0 25
e6g6,6k1/1bqn1r2/p1p1Q1p1/1p1p4/3P4/P7/1P3PPP/2R2RK1 w - - 0 26
g6e8,6k1/1bqn2r1/p1p3Q1/1p1p4/3P4/P7/1P3PPP/2R2RK1 w - - 1 27
f2f4,4Q3/1bqn2rk/p1p5/1p1p4/3P4/P7/1P3PPP/2R2RK1 w - - 3 28
e8e5,4Q3/1bq3rk/p1p2n2/1p1p4/3P1P2/P7/1P4PP/2R2RK1 w - - 1 29
d4c3,r1bqk2r/pp2npbp/2n3p1/1Bp5/3p4/2NP1N2/PPPB1PPP/R2Q1RK1 b kq - 1 10
c3d5,r1bq1b1r/ppp1n1pp/4k3/3n4/2Bp4/2N2Q2/PPP2PPP/R1B1K2R w KQ - 0 10
f3e4,r1bq1b1r/ppp3pp/4k3/3n4/2Bp4/5Q2/PPP2PPP/R1B1K2R w KQ - 0 11
e4d5,r1bq1b1r/pppk2pp/8/3n4/2BpQ3/8/PPP2PPP/R1B1K2R w KQ - 2 12
e1g1,r1bq3r/pppk2pp/3b4/3Q4/2Bp4/8/PPP2PPP/R1B1K2R w KQ - 1 13
d5d4,r1bq1r2/pppk2pp/3b4/3Q4/2Bp4/8/PPP2PPP/R1B2RK1 w - - 3 14
c4b5,r1bq1r2/p1pk2pp/1p1b4/8/2BQ4/8/PPP2PPP/R1B2RK1 w - - 0 15
d4g4,r1bq1r2/p1p3pp/1p1bk3/1B6/3Q4/8/PPP2PPP/R1B2RK1 w - - 2 16
b5c4,r1bq1r2/p1p2kpp/1p1b4/1B6/6Q1/8/PPP2PPP/R1B2RK1 w - - 4 17
g4g5,r1bq1r2/p1p3pp/1p1b1k2/8/2B3Q1/8/PPP2PPP/R1B2RK1 w - - 6 18
b7b5,rn1q1rk1/1p2bppp/p2pbn2/4p3/4P3/1NN1BP2/PPPQ2PP/2KR1B1R b - - 2 10
f6d5,rn1q1rk1/4bppp/p2pbn2/1p1Np3/4P3/1N2BP2/PPPQ2PP/2KR1B1R b - - 1 11
e6f5,rn1q1rk1/4bppp/p2pb3/1p1Pp3/8/1N2BP2/PPPQ2PP/2KR1B1R b - - 0 12
f5g6,rn1q1rk1/4bppp/p2p4/1p1Ppb2/6P1/1N2BP2/PPPQ3P/2KR1B1R b - - 0 13
f7f5,rn1q1rk1/4bppp/p2p2b1/1p1Pp3/6PP/1N2BP2/PPPQ4/2KR1B1R b - - 0 14
g6f7,rn1q1rk1/4b1pp/p2p2b1/1p1Ppp1P/6P1/1N2BP2/PPPQ4/2KR1B1R b - - 0 15
b8d7,rn1q1rk1/4bbpp/p2p4/1p1PppPP/8/1N2BP2/PPPQ4/2KR1B1R b - - 0 16
a8c8,r2q1rk1/3nbbpp/p2p4/1p1PppPP/8/1N1BBP2/PPPQ4/2KR3R b - - 2 17
d7b6,2rq1rk1/3nbbpp/p2p4/1p1PppPP/8/1N1BBP2/PPPQ4/1K1R3R b - - 4 18
d8b6,2rq1rk1/4bbpp/pB1p4/1p1PppPP/8/1N1B1P2/PPPQ4/1K1R3R b - - 0 19
b6b7,2r2rk1/4bbpp/pq1p4/Qp1PppPP/8/1N1B1P2/PPP5/1K1R3R b - - 1 20
h7g6,2r2rk1/1q2bbpp/p2p2P1/Qp1Ppp1P/8/1N1B1P2/PPP5/1K1R3R b - - 0 21
f7g6,2r2rk1/1q2bbp1/p2p2P1/Qp1Ppp2/8/1N1B1P2/PPP5/1K1R3R b - - 0 22
g8f7,2r2rk1/1q2b1p1/p2p2b1/Qp1Ppp2/8/1N1B1P2/PPP5/1K4RR b - - 1 23
b5b4,2r2r2/1q2bkp1/p2p2b1/Qp1Ppp2/8/3B1P2/PPPN4/1K4RR b - - 3 24
f7f6,2r2r2/1q2bkp1/p2p2b1/3Ppp2/Qp6/3B1P2/PPPN4/1K4RR b - - 1 25
g6e8,2r2r2/1q2b1p1/p2p1kb1/3Ppp2/QpN5/3B1P2/PPP5/1K4RR b - - 3 26
c8c5,2r1br2/1q2b1p1/p2p1k2/Q2Ppp2/1pN5/3B1P2/PPP5/1K4RR b - - 5 27
b7b6,4br2/1q2b1p1/pQ1p1k2/2rPpp2/1pN5/3B1P2/PPP5/1K4RR b - - 7 28
e8b5,4br2/4b1p1/pN1p1k2/2rPpp2/1p6/3B1P2/PPP5/1K4RR b - - 0 29
e1g1,r1b1k1nN/pp2n1pp/1q1p4/2b5/2B5/3p4/PPP2PPP/RNBQK2R w KQq - 0 10
c2d3,r1b1k2N/pp2n1pp/1q1p1n2/2b5/2B5/3p4/PPP2PPP/RNBQ1RK1 w q - 2 11
d1a4,r3k2N/pp2n1pp/1q1p1n2/2b5/2B3b1/3P4/PP3PPP/RNBQ1RK1 w q - 1 12
b1c3,r3k2N/pp4pp/1qnp1n2/2b5/Q1B3b1/3P4/PP3PPP/RNB2RK1 w q - 3 13
h8f7,2kr3N/pp4pp/1qnp1n2/2b5/Q1B3b1/2NP4/PP3PPP/R1B2RK1 w - - 5 14
c3d5,2k2r2/pp3Npp/1qnp1n2/2b5/Q1B3b1/2NP4/PP3PPP/R1B2RK1 w - - 7 15
c4d5,2k2r2/pp3Npp/1qnp4/2bn4/Q1B3b1/3P4/PP3PPP/R1B2RK1 w - - 0 16
c1e3,2k2r2/pp3Npp/1q1p4/2bB4/Q2n2b1/3P4/PP3PPP/R1B2RK1 w - - 1 17
g1h1,2k2r2/pp3Npp/1q1p4/2bB4/Q5b1/3PB3/PP2nPPP/R4RK1 w - - 3 18
d5f7,2k5/pp3rpp/1q1p4/2bB4/Q5b1/3PB3/PP2nPPP/R4R1K w - - 0 19
f2e3,2k5/pp3Bpp/1q1p4/8/Q5b1/3Pb3/PP2nPPP/R4R1K w - - 0 20
a4e8,2k5/pp3Bpp/3p4/8/Q5b1/3Pq3/PP2n1PP/R4R1K w - - 0 21
f7e8,2k1q3/pp3Bpp/3p4/8/6b1/3P4/PP2n1PP/R4R1K w - - 0 22
b7b6,rnbq1rk1/pp3ppp/4p3/8/1b1PP3/4BP2/P3K1PP/R2Q1BNR b - - 0 10
b4a5,rnbq1rk1/p4ppp/1p2p3/8/1b1PP3/P3BP2/4K1PP/R2Q1BNR b - - 0 11
b8c6,rnbq1rk1/p4ppp/1p2p3/b7/3PP1P1/P3BP2/4K2P/R2Q1BNR b - - 0 12
c8b7,r1bq1rk1/p4ppp/1pn1p3/b7/3PP1P1/P3BP2/4K1BP/R2Q2NR b - - 2 13
e6e5,r2q1rk1/pb3ppp/1pn1p3/b7/3PP1P1/P3BP1N/4K1BP/R2Q3R b - - 4 14
c6d4,r2q1rk1/pb3ppp/1pn5/b2Pp3/4P1P1/P3BP1N/4K1BP/R2Q3R b - - 0 15
e5d4,r2q1rk1/pb3ppp/1p6/b2Pp3/3BP1P1/P4P1N/4K1BP/R2Q3R b - - 0 16
a8c8,r2q1rk1/pb3ppp/1p6/b2P4/3QP1P1/P4P1N/4K1BP/R6R b - - 0 17
d8e7,2rq1rk1/pb3ppp/1p6/b2P4/3QP1P1/P4P1N/4K1BP/2R4R b - - 2 18
e7e5,2r2rk1/pb2qppp/1p6/b2P4/4P1P1/P2Q1P1N/4K1BP/2R4R b - - 4 19
c8c2,2r2rk1/pb3ppp/1p6/b2Pq3/4P1P1/P2Q1P1N/2R1K1BP/7R b - - 6 20
f8c8,5rk1/pb3ppp/1p6/b2Pq3/4P1P1/P4P1N/2Q1K1BP/7R b - - 0 21
e5b2,2r3k1/pb3ppp/1p6/b2Pq3/4P1P1/P2Q1P1N/4K1BP/7R b - - 2 22
c8c3,2r3k1/pb3ppp/1p6/b2P4/4P1P1/P2QKP1N/1q4BP/7R b - - 4 23
f1d3,r2qkb1r/pp3ppp/2p1pn2/8/3P4/2P2Q1P/PP3PP1/R1B1KB1R w KQkq - 0 10
e1e2,r3kb1r/pp3ppp/2p1pn2/3q4/3P4/2PB1Q1P/PP3PP1/R1B1K2R w KQkq - 2 11
c1e3,r3k2r/pp2bppp/2p1pn2/3q4/3P4/2PB1Q1P/PP2KPP1/R1B4R w kq - 4 12
c3c4,r4rk1/pp2bppp/2p1pn2/3q4/3P4/2PBBQ1P/PP2KPP1/R6R w - - 6 13
e2f3,r4rk1/pp2bppp/2p1pn2/8/2PP4/3BBq1P/PP2KPP1/R6R w - - 0 14
a1d1,r4rk1/pp2bpp1/2p1pn1p/8/2PP4/3BBK1P/PP3PP1/R6R w - - 0 15
d3c2,r2r2k1/pp2bpp1/2p1pn1p/8/2PP4/3BBK1P/PP3PP1/3R3R w - - 2 16
b2b3,r5k1/pp1rbpp1/2p1pn1p/8/2PP4/4BK1P/PPB2PP1/3R3R w - - 4 17
d1d2,3r2k1/pp1rbpp1/2p1pn1p/8/2PP4/1P2BK1P/P1B2PP1/3R3R w - - 1 18
h1d1,3r2k1/pp1rbpp1/4pn1p/2p5/2PP4/1P2BK1P/P1BR1PP1/7R w - - 0 19
d2d4,3r2k1/pp1rbpp1/4pn1p/8/2Pp4/1P2BK1P/P1BR1PP1/3R4 w - - 0 20
d1d4,3r2k1/pp2bpp1/4pn1p/8/2Pr4/1P2BK1P/P1B2PP1/3R4 w - - 0 21
e3d4,6k1/pp2bpp1/4pn1p/8/2Pr4/1P2BK1P/P1B2PP1/8 w - - 0 22
d4b2,6k1/1p2bpp1/p3pn1p/8/2PB4/1P3K1P/P1B2PP1/8 w - - 0 23
c4b5,6k1/4bpp1/p3pn1p/1p6/2P5/1P3K1P/PBB2PP1/8 w - - 0 24
a2a3,6k1/4bpp1/4pn1p/1p6/8/1P3K1P/PBB2PP1/8 w - - 0 25
b3b4,6k1/4bpp1/4p2p/1p1n4/8/PP3K1P/1BB2PP1/8 w - - 1 26
c2d3,6k1/4bpp1/1n2p2p/1p6/1P6/P4K1P/1BB2PP1/8 w - - 1 27
d3c4,6k1/4bpp1/4p2p/1p6/1Pn5/P2B1K1P/1B3PP1/8 w - - 3 28
b2c3,6k1/4bpp1/4p2p/8/1Pp5/P4K1P/1B3PP1/8 w - - 0 29
g8e7,r2qkbnr/pp3p1p/2n1p3/3pPp2/3P4/8/PP1NNPPP/R1BQ1RK1 b kq - 0 10
e7g6,r2qkb1r/pp2np1p/2n1p3/3pPp2/3P1P2/8/PP1NN1PP/R1BQ1RK1 b kq - 0 11
f8g7,r2qkb1r/pp3p1p/2n1p1n1/3pPp2/3P1P2/5N2/PP2N1PP/R1BQ1RK1 b kq - 2 12
e8g8,r2qk2r/pp3pbp/2n1p1n1/3pPp2/3P1P2/4BN2/PP2N1PP/R2Q1RK1 b kq - 4 13
d8b6,r2q1rk1/pp3pbp/2n1p1n1/3pPp2/3P1P2/4BN2/PP2N1PP/R3QRK1 b - - 6 14
c6b4,r4rk1/pp3pbp/1qn1p1n1/3pPp2/3P1P2/4BN2/PP2N1PP/1R2QRK1 b - - 8 15
a8c8,r4rk1/pp3pbp/1q2p1n1/3pPp2/1n1P1P2/2N1BN2/PP4PP/1R2QRK1 b - - 10 16
c8c4,2r2rk1/pp3pbp/1q2p1n1/3pPp2/1n1P1P2/2N1BN2/PP2Q1PP/1R3RK1 b - - 12 17
b4a6,5rk1/pp3pbp/1q2p1n1/3pPp2/1nrP1P2/P1N1BN2/1P2Q1PP/1R3RK1 b - - 0 18
c4c8,5rk1/pp3pbp/nq2p1n1/3pPp2/2rP1P2/P1N1B3/1P1NQ1PP/1R3RK1 b - - 2 19
a6c7,2r2rk1/pp3pbp/nq2p1n1/1N1pPp2/3P1P2/P3B3/1P1NQ1PP/1R3RK1 b - - 4 20
c8d8,2r2rk1/ppn2pbp/1q1Np1n1/3pPp2/3P1P2/P3B3/1P1NQ1PP/1R3RK1 b - - 6 21
a7a6,3r1rk1/ppn2pbp/1q1Np1n1/3pPp2/3P1P2/P3B3/1P1NQ1PP/1RR3K1 b - - 8 22
d8d6,3r1rk1/1pn2pbp/pq1Np1n1/3pPp2/3P1P2/P3B3/1PRNQ1PP/1R4K1 b - - 1 23
g7d4,5rk1/1pn2pbp/pq1Pp1n1/3p1p2/3P1P2/P3B3/1PRNQ1PP/1R4K1 b - - 0 24
b6d4,5rk1/1pn2p1p/pq1Pp1n1/3p1p2/3B1P2/P7/1PRNQ1PP/1R4K1 b - - 0 25
d4f2,5rk1/1pn2p1p/p2Pp1n1/3p1p2/3q1P2/P7/1PRN1QPP/1R4K1 b - - 1 26
c7b5,5rk1/1pn2p1p/p2Pp1n1/3p1p2/5P2/P7/1PRN1KPP/1R6 b - - 0 27
b5a7,5rk1/1p1P1p1p/p3p1n1/1n1p1p2/5P2/P7/1PRN1KPP/1R6 b - - 0 28
a7c6,5rk1/np1P1p1p/p3p1n1/3p1p2/5P2/P7/1PRN1KPP/2R5 b - - 2 29
a2a4,rnbqr1k1/1p2bppp/p2p1n2/2pP4/8/2N1PN2/PP2BPPP/R1BQ1RK1 w - - 0 10
h2h3,rnbqrbk1/1p3ppp/p2p1n2/2pP4/P7/2N1PN2/1P2BPPP/R1BQ1RK1 w - - 1 11
a4a5,rnbqrbk1/1p3p1p/p2p1np1/2pP4/P7/2N1PN1P/1P2BPP1/R1BQ1RK1 w - - 0 12
e2d3,rnbqr1k1/1p3pbp/p2p1np1/P1pP4/8/2N1PN1P/1P2BPP1/R1BQ1RK1 w - - 1 13
e3e4,r1bqr1k1/1p1n1pbp/p2p1np1/P1pP4/8/2NBPN1P/1P3PP1/R1BQ1RK1 w - - 3 14
f3e5,r1bqr1k1/1p3pbp/p2p1np1/P1pPn3/4P3/2NB1N1P/1P3PP1/R1BQ1RK1 w - - 1 15
c1f4,r1bq2k1/1p3pbp/p2p1np1/P1pPr3/4P3/2NB3P/1P3PP1/R1BQ1RK1 w - - 0 16
d3e2,r1bq2k1/1p3pbp/p2p1np1/P1pP3r/4PB2/2NB3P/1P3PP1/R2Q1RK1 w - - 2 17
g2h3,r1bq2k1/1p3pbp/p2p1np1/P1pP4/4PB2/2N4r/1P2BPP1/R2Q1RK1 w - - 0 18
e2f3,r2q2k1/1p3pbp/p2p1np1/P1pP4/4PB2/2N4b/1P2BP2/R2Q1RK1 w - - 0 19
f3h5,r2q2k1/1p3pbp/p2p2p1/P1pP3n/4PB2/2N2B1b/1P3P2/R2Q1RK1 w - - 2 20
d1f3,r5k1/1p3pbp/p2p2p1/P1pP3B/4PB1q/2N4b/1P3P2/R2Q1RK1 w - - 1 21
f4g3,r5k1/1p3pbp/p2p4/P1pP3p/4PB1q/2N2Q1b/1P3P2/R4RK1 w - - 0 22
f3f4,r5k1/1p3pbp/p2p4/P1pP2qp/4P3/2N2QBb/1P3P2/R4RK1 w - - 2 23
g1h2,r5k1/1p3pbp/p2p2q1/P1pP3p/4PQ2/2N3Bb/1P3P2/R4RK1 w - - 4 24
f4h4,r5k1/1p3p1p/p2p2q1/P1pPb2p/4PQ2/2N3Bb/1P3P1K/R4R2 w - - 6 25
g3e5,r5k1/1p1b1p1p/p2p2q1/P1pPb2p/4P2Q/2N3B1/1P3P1K/R4R2 w - - 8 26
f3d2,r1bqnrk1/ppp1npbp/3p2p1/3Pp3/2P1P3/2N1BN2/PP2BPPP/R2Q1RK1 w - - 3 10
f2f3,r1bqnrk1/ppp1n1bp/3p2p1/3Ppp2/2P1P3/2N1B3/PP1NBPPP/R2Q1RK1 w - - 0 11
e3f2,r1bqnrk1/ppp1n1bp/3p2p1/3Pp3/2P1Pp2/2N1BP2/PP1NB1PP/R2Q1RK1 w - - 0 12
b2b4,r1bqnrk1/ppp1n1bp/3p4/3Pp1p1/2P1Pp2/2N2P2/PP1NBBPP/R2Q1RK1 w - - 0 13
c4c5,r1bqnrk1/1pp1n1bp/p2p4/3Pp1p1/1PP1Pp2/2N2P2/P2NBBPP/R2Q1RK1 w - - 0 14
d2c4,r1bqnrk1/1pp1n1b1/p2p4/2PPp1pp/1P2Pp2/2N2P2/P2NBBPP/R2Q1RK1 w - - 0 15
f3g4,r1bqnrk1/1pp1n1b1/p2p4/2PPp2p/1PN1Ppp1/2N2P2/P3BBPP/R2Q1RK1 w - - 0 16
e2g4,r1bqnrk1/1pp1n1b1/p2p4/2PPp3/1PN1Ppp1/2N5/P3BBPP/R2Q1RK1 w - - 0 17
d1g4,r2qnrk1/1pp1n1b1/p2p4/2PPp3/1PN1Ppb1/2N5/P4BPP/R2Q1RK1 w - - 0 18
g4e6,r2q1rk1/1pp1n1b1/p2p1n2/2PPp3/1PN1PpQ1/2N5/P4BPP/R4RK1 w - - 1 19
c5d6,r2q1r1k/1pp1n1b1/p2pQn2/2PPp3/1PN1Pp2/2N5/P4BPP/R4RK1 w - - 3 20
c4d6,r2q1r1k/1p2n1b1/p2pQn2/3Pp3/1PN1Pp2/2N5/P4BPP/R4RK1 w - - 0 21
d6f7,1r1q1r1k/1p2n1b1/p2NQn2/3Pp3/1P2Pp2/2N5/P4BPP/R4RK1 w - - 1 22
e6f7,1r1q3k/1p2nrb1/p3Qn2/3Pp3/1P2Pp2/2N5/P4BPP/R4RK1 w - - 0 23
a1c1,1r5k/1pq1nQb1/p4n2/3Pp3/1P2Pp2/2N5/P4BPP/R4RK1 w - - 1 24
f2c5,1r5k/1p1qnQb1/p4n2/3Pp3/1P2Pp2/2N5/P4BPP/2R2RK1 w - - 3 25
f7g6,1r5k/1p1q1Qb1/p4nn1/2BPp3/1P2Pp2/2N5/P5PP/2R2RK1 w - - 5 26
b8d7,rnbq1rk1/pp4pp/2p1p3/3p1p2/2PPnB2/P3PN2/1PQ2PPP/R3KB1R b KQ - 0 10
b7b6,r1bq1rk1/pp1n2pp/2p1p3/3p1p2/2PPnB2/P2BPN2/1PQ2PPP/R3K2R b KQ - 2 11
c6d5,r1bq1rk1/p2n2pp/1pp1p3/3P1p2/3PnB2/P2BPN2/1PQ2PPP/R3K2R b KQ - 0 12
c8b7,r1bq1rk1/p2n2pp/1p2p3/3p1p2/3PnB2/P2BPN2/1PQ2PPP/R4RK1 b - - 1 13
d7e5,r2q1rk1/pb1n2pp/1p2p3/3pNp2/3PnB2/P2BP3/1PQ2PPP/R4RK1 b - - 3 14
a8c8,r2q1rk1/pb4pp/1p2p3/3pBp2/3Pn3/P2BP3/1PQ2PPP/R4RK1 b - - 0 15
e4d2,2rq1rk1/pb4pp/1p2p3/3pBp2/3Pn3/P2BP3/1P3PPP/RQ3RK1 b - - 2 16
d2f1,2rq1rk1/pb4pp/1p2p3/3pBp2/3P4/P2BP3/QP1n1PPP/R4RK1 b - - 4 17
d8d7,2rq1rk1/pb4pp/1p2p3/3pBp2/3P4/P2BP3/QP3PPP/5RK1 b - - 0 18
b7c6,2r2rk1/pb1q2pp/1p2p3/3pBp2/P2P4/3BP3/QP3PPP/5RK1 b - - 0 19
c6b5,2r2rk1/p2q2pp/1pb1p3/P2pBp2/3P4/3BP3/QP3PPP/5RK1 b - - 0 20
d7b5,2r2rk1/p2q2pp/1p2p3/PB1pBp2/3P4/4P3/QP3PPP/5RK1 b - - 0 21
b5b6,2r2rk1/p5pp/1P2p3/1q1pBp2/3P4/4P3/QP3PPP/5RK1 b - - 0 22
c8c2,2r2rk1/p5pp/1q2p3/3pBp2/3P4/4P2P/QP3PP1/5RK1 b - - 0 23
f8c8,5rk1/p5pp/1q2p3/3pBp2/3P4/4P2P/QPr2PP1/1R4K1 b - - 2 24
b6b7,2r3k1/p5pp/1q2p3/3pBp2/3P4/Q3P2P/1Pr2PP1/1R4K1 b - - 4 25
c8c3,2r3k1/pq4pp/4p3/3pBp2/1P1P4/Q3P2P/2r2PP1/1R4K1 b - - 0 26
b7b6,6k1/pq4pp/4p3/Q2pBp2/1P1P4/2r1P2P/2r2PP1/1R4K1 b - - 2 27
c2c1,6k1/p5pp/1q2p3/3pBp2/QP1P4/2r1P2P/2r2PP1/1R4K1 b - - 4 28
c3c1,6k1/p5pp/1q2p3/3pBp2/QP1P4/2r1P2P/5PP1/2R3K1 b - - 0 29
c8e6,rnbq1rk1/pp4pp/5p2/2pnp3/8/2BP1NP1/PP2PPBP/R2Q1RK1 b - - 1 10
b8c6,rn1q1rk1/pp4pp/4bp2/2pnp3/8/2BP1NP1/PP2PPBP/2RQ1RK1 b - - 3 11
b7b6,r2q1rk1/pp4pp/2n1bp2/2pnp3/8/P1BP1NP1/1P2PPBP/2RQ1RK1 b - - 0 12
d5e7,r2q1rk1/p5pp/1pn1bp2/2pnp3/4P3/P1BP1NP1/1P3PBP/2RQ1RK1 b - - 0 13
d8d7,r2q1rk1/p3n1pp/1pn1bp2/2p1p3/4P3/P1BP1NP1/1P2QPBP/2R2RK1 b - - 2 14
f8d8,r4rk1/p2qn1pp/1pn1bp2/2p1p3/4P3/P1BP1NP1/1P2QPBP/2RR2K1 b - - 4 15
c6b4,r2r2k1/p2qn1pp/1pn1bp2/2p1p3/1P2P3/P1BP1NP1/4QPBP/2RR2K1 b - - 0 16
c5b4,r2r2k1/p2qn1pp/1p2bp2/2p1p3/1P2P3/2BP1NP1/4QPBP/2RR2K1 b - - 0 17
a7a5,r2r2k1/p2qn1pp/1p2bp2/4p3/1B2P3/3P1NP1/4QPBP/2RR2K1 b - - 0 18
d7e7,r2r2k1/3qB1pp/1p2bp2/p3p3/4P3/3P1NP1/4QPBP/2RR2K1 b - - 0 19
d8b8,r2r2k1/4q1pp/1p2bp2/p3p3/4P3/3P1NP1/4QPBP/1R1R2K1 b - - 1 20
e5d4,rr4k1/4q1pp/1p2bp2/p3p3/3PP3/5NP1/4QPBP/1R1R2K1 b - - 0 21
a5a4,rr4k1/4q1pp/1p2bp2/p7/3NP3/6P1/4QPBP/1R1R2K1 b - - 0 22
e7c7,rr4k1/4q1pp/1pN1bp2/8/p3P3/6P1/4QPBP/1R1R2K1 b - - 1 23
a8b8,rN4k1/2q3pp/1p2bp2/8/p3P3/6P1/4QPBP/1R1R2K1 b - - 0 24
c7e7,1r4k1/2q3pp/1p2bp2/8/p3P3/6P1/4QPBP/1RR3K1 b - - 1 25
a4a3,1r4k1/4q1pp/1p2bp2/4P3/p7/6P1/4QPBP/1RR3K1 b - - 0 26
e7f6,1r4k1/4q1pp/1p2bP2/8/8/p5P1/4QPBP/1RR3K1 b - - 0 27
f6b2,1r4k1/6pp/1p2bq2/8/8/p5P1/4QPBP/R1R3K1 b - - 1 28
c5b5,r1bq3r/ppp2k1p/2np2p1/2Q5/3pP3/8/PPP2PPP/RNB1K2R w KQ - 0 10
e1g1,r2q3r/ppp2k1p/2npb1p1/1Q6/3pP3/8/PPP2PPP/RNB1K2R w KQ - 2 11
c1h6,r2q1r2/ppp2k1p/2npb1p1/1Q6/3pP3/8/PPP2PPP/RNB2RK1 w - - 4 12
f2f4,r2qr3/ppp2k1p/2npb1pB/1Q6/3pP3/8/PPP2PPP/RN3RK1 w - - 6 13
e4e5,r3r3/ppp2k1p/2npbqpB/1Q6/3pPP2/8/PPP3PP/RN3RK1 w - - 1 14
f4e5,r3r3/ppp2k1p/2n1bqpB/1Q2p3/3p1P2/8/PPP3PP/RN3RK1 w - - 0 15
f1f6,r3r3/ppp2k1p/4bqpB/1Q2n3/3p4/8/PPP3PP/RN3RK1 w - - 0 16
b1d2,r3r3/ppp4p/4bkpB/1Q2n3/3p4/8/PPP3PP/RN4K1 w - - 0 17
d7d5,r1b1k2r/ppppqppp/8/4P3/1nP5/2N2N2/PP2P1PP/R1BK1BQn b kq - 6 10
d5c4,r1b1k2r/ppp1qppp/8/3pP3/1nP5/2N2N2/PP2P1PP/R1BK1B1Q b kq - 0 11
c8f5,r1b1k2r/ppp1qppp/8/4P3/1np5/P1N2N2/1P2P1PP/R1BK1B1Q b kq - 0 12
e8c8,r3k2r/ppp1qppp/8/4Pb2/1Pp5/2N2N2/1P2P1PP/R1BK1B1Q b kq - 0 13
d8d4,2kr3r/ppp1qppp/8/4Pb2/1PpN4/2N5/1P2P1PP/R1BK1B1Q b - - 2 14
h8d8,2k4r/ppp1qppp/8/4Pb2/1Ppr4/2N5/1P1BP1PP/R2K1B1Q b - - 1 15
f5b1,2kr4/ppp1qppp/8/4Pb2/1Ppr4/8/1P1BP1PP/RN1K1B1Q b - - 3 16
d4c5,2kr1b1r/pp1bnpp1/1qn1p3/2ppP2p/3P4/P1PB1N2/1P1N1PPP/R1BQ1RK1 w - - 0 10
b2b4,2kr1b1r/pp1bnpp1/2n1p3/2qpP2p/8/P1PB1N2/1P1N1PPP/R1BQ1RK1 w - - 0 11
d2b3,2kr1b1r/pp1bnpp1/2n1p3/3pP2p/1P6/P1qB1N2/3N1PPP/R1BQ1RK1 w - - 0 12
d3f5,2kr1b1r/pp1b1pp1/2n1p3/3pPn1p/1P6/PNqB1N2/5PPP/R1BQ1RK1 w - - 2 13
f3d4,2kr1b1r/pp1b1pp1/2n5/3pPp1p/1P6/PNq2N2/5PPP/R1BQ1RK1 w - - 0 14
b3d4,2kr1b1r/pp1b1pp1/8/3pPp1p/1P1n4/PNq5/5PPP/R1BQ1RK1 w - - 0 15
c1e3,2kr1b1r/pp3pp1/4b3/3pPp1p/1P1N4/P1q5/5PPP/R1BQ1RK1 w - - 1 16
a1c1,1k1r1b1r/pp3pp1/4b3/3pPp1p/1P1N4/P1q1B3/5PPP/R2Q1RK1 w - - 3 17
d4e6,1k1r1b1r/pp3pp1/4b3/3pPp1p/1P1N4/q3B3/5PPP/2RQ1RK1 w - - 0 18
d1c2,1k1r1b1r/pp4p1/4p3/3pPp1p/1P6/q3B3/5PPP/2RQ1RK1 w - - 0 19
c2c7,1k1r3r/pp2b1p1/4p3/3pPp1p/1P6/q3B3/2Q2PPP/2R2RK1 w - - 2 20
c7e7,k2r3r/ppQ1b1p1/4p3/3pPp1p/1P6/q3B3/5PPP/2R2RK1 w - - 4 21
b7b5,r1b2rk1/pp3ppp/2nqpn2/3p4/3P4/2NB1N2/PPP1QPPP/2KR3R b - - 3 10
b5b4,r1b2rk1/p4ppp/2nqpn2/1p1p4/3P4/2NB1N2/PPP1QPPP/2K3RR b - - 1 11
a7a5,r1b2rk1/p4ppp/2nqpn2/3p4/1p1P4/3B1N2/PPP1QPPP/2KN2RR b - - 1 12
a5a4,r1b2rk1/5ppp/2nqpn2/p2p4/1p1P2P1/3B1N2/PPP1QP1P/2KN2RR b - - 0 13
f6e4,r1b2rk1/5ppp/2nqpn2/3p2P1/pp1P4/3B1N2/PPP1QP1P/2KN2RR b - - 0 14
d5e4,r1b2rk1/5ppp/2nqp3/3p2P1/pp1PB3/5N2/PPP1QP1P/2KN2RR b - - 0 15
b4b3,r1b2rk1/5ppp/2nqp3/6P1/pp1PQ3/5N2/PPP2P1P/2KN2RR b - - 0 16
b3a2,r1b2rk1/5ppp/2nqp3/4N1P1/p2PQ3/1p6/PPP2P1P/2KN2RR b - - 1 17
c6e5,r1b2rk1/5ppp/2nqp3/4N1P1/p2PQP2/8/pPP4P/2KN2RR b - - 0 18
a2a1q,r1b2rk1/5ppp/3qp3/4P1P1/p3QP2/8/pPP4P/2KN2RR b - - 0 19
g1f3,r1b1kb1r/ppp2ppp/8/3pP3/4n3/4K1P1/PPP1B2P/RNBQ2Nq w kq d6 0 10
e2d1,r1b1kb1r/ppp2ppp/8/3pP3/4n3/4KNP1/PPP1B2P/RNBq4 w kq - 0 11
c2c4,r1b1kb1r/pp3ppp/8/2ppP3/4n3/4KNP1/PPP4P/RNBB4 w kq - 0 12
e3e4,r1b1kb1r/pp3ppp/8/2p1P3/2Ppn3/4KNP1/PP5P/RNBB4 w kq - 0 13
e4d3,r1b1kb1r/pp3p1p/6p1/2p1P3/2PpK3/5NP1/PP5P/RNBB4 w kq - 0 14
d3e2,r3kb1r/pp3p1p/6p1/2p1Pb2/2Pp4/3K1NP1/PP5P/RNBB4 w kq - 2 15
e2f2,r3kb1r/pp3p1p/6p1/2p1Pb2/2P5/3p1NP1/PP2K2P/RNBB4 w kq - 0 16
b1c3,r3k2r/pp3pbp/6p1/2p1Pb2/2P5/3p1NP1/PP3K1P/RNBB4 w kq - 2 17
c1e3,2kr3r/pp3pbp/6p1/2p1Pb2/2P5/2Np1NP1/PP3K1P/R1BB4 w - - 4 18
c3d5,2kr3r/p4pbp/1p4p1/2p1Pb2/2P5/2NpBNP1/PP3K1P/R2B4 w - - 0 19
d5e7,2kr3r/p5bp/1p3pp1/2pNPb2/2P5/3pBNP1/PP3K1P/R2B4 w - - 0 20
e7f5,1k1r3r/p3N1bp/1p3pp1/2p1Pb2/2P5/3pBNP1/PP3K1P/R2B4 w - - 2 21
e5f6,1k1r3r/p5bp/1p3p2/2p1Pp2/2P5/3pBNP1/PP3K1P/R2B4 w - - 0 22
e3f4,1k1r3r/p6p/1p3b2/2p2p2/2P5/3pBNP1/PP3K1P/R2B4 w - - 0 23
f3e5,3r3r/pk5p/1p3b2/2p2p2/2P2B2/3p1NP1/PP3K1P/R2B4 w - - 2 24
f4e5,3r3r/pk5p/1p6/2p1bp2/2P2B2/3p2P1/PP3K1P/R2B4 w - - 0 25
d1f3,3rr3/pk5p/1p6/2p1Bp2/2P5/3p2P1/PP3K1P/R2B4 w - - 1 26
a1c1,3rr3/p6p/kp6/2p1Bp2/2P5/3p1BP1/PP3K1P/R7 w - - 3 27
c1c3,3r4/p6p/kp6/2p1rp2/2P5/3p1BP1/PP3K1P/2R5 w - - 0 28
c3a3,3r4/p6p/kp6/2p1rp2/2P5/2R2BP1/PP1p1K1P/8 w - - 0 29
e8f7,r2qkb1r/p1p3pp/2Q1pn2/4p3/8/8/PPP2PPP/RNB1K2R b KQkq - 0 10
f8b4,r2q1b1r/p1p2kpp/2Q1pn2/4p3/8/2N5/PPP2PPP/R1B1K2R b KQ - 2 11
d8d6,r2q3r/p1p2kpp/2Q1pn2/4p3/1b6/2N5/PPPB1PPP/R3K2R b KQ - 4 12
c7d6,r6r/p1p2kpp/3Qpn2/4p3/1b6/2N5/PPPB1PPP/R3K2R b KQ - 0 13
b4c3,r6r/p4kpp/3ppn2/4p3/1b6/P1N5/1PPB1PPP/R3K2R b KQ - 0 14
f6d5,r6r/p4kpp/3ppn2/4p3/8/P1B5/1PP2PPP/R3K2R b KQ - 0 15
a8c8,r6r/p4kpp/3pp3/3np3/8/P1B5/1PPK1PPP/R6R b - - 2 16
d5c3,2r4r/p4kpp/3pp3/3np3/8/P1B5/1PPK1PPP/4R2R b - - 4 17
c8c4,2r4r/p4kpp/3pp3/4p3/8/P1P5/2PK1PPP/4R2R b - - 0 18
h8c8,7r/p4kpp/3pp3/4p3/2r5/P1P1R3/2PK1PPP/7R b - - 2 19
d6d5,2r5/p4kpp/3pp3/4p3/2r5/P1PR4/2PK1PPP/7R b - - 4 20
c4a4,2r5/p4kpp/4p3/3pp3/2r5/P1PR1P2/2PK2PP/7R b - - 0 21
c8c4,2r5/p4kpp/4p3/3pp3/r7/P1PR1P2/2PK2PP/R7 b - - 2 22
c4h4,8/p4kpp/4p3/3pp3/r1r5/P1PR1P2/2P3PP/R1K5 b - - 4 23
h4c4,8/p4kpp/4p3/3pp3/r6r/P1PR1P1P/2P3P1/R1K5 b - - 0 24
a4a5,8/p4kpp/4p3/3pp3/r1r5/P1PR1P1P/1KP3P1/R7 b - - 2 25
f7f6,8/p4kpp/4p3/r2pp3/2r5/P1P1RP1P/1KP3P1/R7 b - - 4 26
a5c5,8/p5pp/4pk2/r2pp3/2r3P1/P1P1RP1P/1KP5/R7 b - - 0 27
d5d4,8/p5pp/4pk2/2rpp3/2r3P1/P1P1RP1P/1KP5/4R3 b - - 2 28
c4c2,8/p5pp/4pk2/2r1p3/2rP2P1/P3RP1P/1KP5/4R3 b - - 0 29
f3e5,r1bqk1nr/ppp2ppp/3p4/3Pn3/1bB1P3/5N2/P4PPP/RNBQ1K1R w kq - 1 10
d1a4,r1bqk1nr/ppp2ppp/8/3Pp3/1bB1P3/8/P4PPP/RNBQ1K1R w kq - 0 11
a4b4,r2qk1nr/pppb1ppp/8/3Pp3/QbB1P3/8/P4PPP/RNB2K1R w kq - 2 12
c1g5,r2qk2r/pppb1ppp/5n2/3Pp3/1QB1P3/8/P4PPP/RNB2K1R w kq - 1 13
g5f6,r2qk2r/pppb1pp1/5n1p/3Pp1B1/1QB1P3/8/P4PPP/RN3K1R w kq - 0 14
b4b7,r3k2r/pppb1pp1/5q1p/3Pp3/1QB1P3/8/P4PPP/RN3K1R w kq - 0 15
b7c7,r4rk1/pQpb1pp1/5q1p/3Pp3/2B1P3/8/P4PPP/RN3K1R w - - 1 16
b1d2,r4rk1/p1Q2pp1/5q1p/3Pp3/2B1P1b1/8/P4PPP/RN3K1R w - - 1 17
c7a7,2r2rk1/p1Q2pp1/5q1p/3Pp3/2B1P1b1/8/P2N1PPP/R4K1R w - - 3 18
f8e7,2rqkb1r/1p1n1ppp/p2pbn2/4p3/4P3/1BN1BN2/PPPQ1PPP/R3K2R b KQk - 7 10
d8c7,2rqk2r/1p1nbppp/p2pbn2/4p3/4P3/1BN1BN2/PPPQ1PPP/2KR3R b k - 9 11
e8g8,2r1k2r/1pqnbppp/p2pbn2/4p3/4P3/1BN1BN2/PPPQ1PPP/1K1R3R b k - 11 12
d7b6,2r2rk1/1pqnbppp/p2pbn2/4p3/4P3/1BN1BN1P/PPPQ1PP1/1K1R3R b - - 0 13
c7b6,2r2rk1/1pq1bppp/pB1pbn2/4p3/4P3/1BN2N1P/PPPQ1PP1/1K1R3R b - - 0 14
f7e6,2r2rk1/1p2bppp/pq1pBn2/4p3/4P3/2N2N1P/PPPQ1PP1/1K1R3R b - - 0 15
f6e4,2r2rk1/1p2b1pp/pq1ppn2/4p3/4P1P1/2N2N1P/PPPQ1P2/1K1R3R b - - 0 16
f8f3,2r2rk1/1p2b1pp/pq1pp3/4p3/4N1P1/5N1P/PPPQ1P2/1K1R3R b - - 0 17
f3f2,2r3k1/1p2b1pp/pq1Np3/4p3/6P1/5r1P/PPPQ1P2/1K1R3R b - - 0 18
c8c2,2r3k1/1p2b1pp/pq1Np3/4p3/6P1/7P/PPP2r2/1K1RQ2R b - - 1 19
f3g5,rnb1kb1r/pp3ppp/4pn2/2pP4/2P5/2N2N1q/PP2BP1P/R1BQK1R1 w Qkq - 2 10
e1f1,rnb1kb1r/pp3ppp/4pn2/2pP2N1/2P5/2N5/PP2BP1q/R1BQK1R1 w Qkq - 0 11
g5f3,rnb1kb1r/pp3ppp/5n2/2pp2N1/2P5/2N5/PP2BP1q/R1BQ1KR1 w kq - 0 12
f1e1,rn2kb1r/pp3ppp/5n2/2pp4/2P5/2N2N1b/PP2BP1q/R1BQ1KR1 w kq - 2 13
c3b5,rn2kb1r/pp3ppp/3q1n2/2pp4/2P5/2N2N1b/PP2BP2/R1BQK1R1 w kq - 4 14
c1f4,rn1qkb1r/pp3ppp/5n2/1Npp4/2P5/5N1b/PP2BP2/R1BQK1R1 w kq - 6 15
f3g5,r2qkb1r/pp3ppp/n4n2/1Npp4/2P2B2/5N1b/PP2BP2/R2QK1R1 w kq - 8 16
e2d3,r2qkb1r/pp3ppp/n4n2/1Npp1bN1/2P2B2/8/PP2BP2/R2QK1R1 w kq - 10 17
d1d3,r2qkb1r/pp3ppp/n4n2/1Npp2N1/2P2B2/3b4/PP3P2/R2QK1R1 w kq - 0 18
g5e4,r2qkb1r/pp3pp1/n4n1p/1Npp2N1/2P2B2/3Q4/PP3P2/R3K1R1 w kq - 0 19
b5d6,r3kb1r/pp2qpp1/n4n1p/1Npp4/2P1NB2/3Q4/PP3P2/R3K1R1 w kq - 2 20
e1g1,2kr1b1r/pppbqppp/3p1p2/8/4N3/3B1Q2/PPP2PPP/R1B1K2R w KQ - 5 10
e4d6,2kr1b1r/p1pbqppp/3p1p2/1p6/4N3/3B1Q2/PPP2PPP/R1B2RK1 w - - 0 11
f3a8,2kr1b1r/p1pb1ppp/3q1p2/1p6/8/3B1Q2/PPP2PPP/R1B2RK1 w - - 0 12
e8c8,r3kb1r/ppp2ppp/4b3/3qP3/3p4/3P4/PPP1B1PP/R1BQK2R b KQkq - 2 10
h7h5,2kr1b1r/ppp2ppp/4b3/3qP3/3p4/3P4/PPP1B1PP/R1BQ1RK1 b - - 4 11
d5e5,2kr1b1r/ppp2pp1/4b3/3qP2B/3p4/3P4/PPP3PP/R1BQ1RK1 b - - 0 12
e5h2,2kr1b1r/ppp2Bp1/4b3/4q3/3p4/3P4/PPP3PP/R1BQ1RK1 b - - 0 13
e6f7,2kr1b1r/ppp2Bp1/4b3/8/3p4/3P4/PPP2KPq/R1BQ1R2 b - - 1 14
h2h1,2kr1b1r/ppp2bp1/8/8/3p4/3P4/PPP2KPq/R1BQ3R b - - 1 15
h8h1,2kr1b1r/ppp2bp1/8/8/3p4/3P4/PPP2KP1/R1B4Q b - - 0 16
h1a1,2kr1b2/ppp2bp1/8/6B1/3p4/3P4/PPP2KP1/R6r b - - 1 17
c8d8,2kB1b2/ppp2bp1/8/8/3p4/3P4/PPP2KP1/r7 b - - 0 18
f8d6,3k1b2/ppp2bp1/8/8/1P1p4/3P4/P1P2KP1/r7 b - - 0 19
f7d5,3k4/ppp2bp1/3b4/1P6/3p4/3P4/P1P2KP1/r7 b - - 0 20
d6f4,3k4/ppp3p1/3b4/1P1b4/3p2P1/3P4/P1P2K2/r7 b - - 0 21
a1a2,3k4/ppp3p1/8/1P1b2P1/3p1b2/3P4/P1P2K2/r7 b - - 0 22
a2c2,3k4/ppp3p1/6P1/1P1b4/3p1b2/3P4/r1P2K2/8 b - - 0 23
d5f3,3k4/ppp3p1/6P1/1P1b4/3p1b2/3P4/2r5/5K2 b - - 1 24
c7b6,3k4/ppp3p1/1P4P1/8/3p1b2/3P1b2/2r5/5K2 b - - 0 25
d3e4,r1bqkb1r/p1p1pp1p/3p4/1p1P4/4n1p1/2PB2Q1/PP3PPP/RNB2RK1 w kq - 0 10
f1e1,r1bqk2r/p1p1pp1p/3p3b/1p1P4/4B1p1/2P3Q1/PP3PPP/RNB2RK1 w kq - 1 11
b1a3,r1bqk2r/p1p1pp1p/3p4/1p1P4/4B1p1/2P3Q1/PP3PPP/RNb1R1K1 w kq - 0 12
a3b5,r1bqk2r/p1p1pp1p/3p4/1p1P4/4B1p1/N1P3Q1/Pb3PPP/R3R1K1 w kq - 0 13
e1a1,r1bqk2r/p1p1pp1p/3p4/1N1P4/4B1p1/2P3Q1/P4PPP/b3R1K1 w kq - 0 14
b5d4,1rbqk2r/p1p1pp1p/3p4/1N1P4/4B1p1/2P3Q1/P4PPP/R5K1 w k - 1 15
g3h4,1rbq1rk1/p1p1pp1p/3p4/3P4/3NB1p1/2P3Q1/P4PPP/R5K1 w - - 3 16
h4h7,1rbq1rk1/p3pp1p/2pp4/3P4/3NB1pQ/2P5/P4PPP/R5K1 w - - 0 17
a6b5,r1bq1rk1/4ppbp/p1np1np1/1Pp5/4P1P1/2NPBN2/1PP1QP1P/2KR1B1R b - - 0 10
d8a5,r1bq1rk1/4ppbp/2np1np1/1Np5/4P1P1/3PBN2/1PP1QP1P/2KR1B1R b - - 0 11
f6e4,r1b2rk1/4ppbp/2np1np1/q1p5/4P1P1/N2PBN2/1PP1QP1P/2KR1B1R b - - 2 12
g7b2,r1b2rk1/4ppbp/2np2p1/q1p5/4P1P1/N3BN2/1PP1QP1P/2KR1B1R b - - 0 13
a5a3,r1b2rk1/4pp1p/2np2p1/q1p5/4P1P1/N3BN2/1KP1QP1P/3R1B1R b - - 0 14
a3a1,r1b2rk1/4pp1p/2np2p1/2p5/4P1P1/q3BN2/2P1QP1P/1K1R1B1R b - - 1 15
d1f3,r1bqkr2/p3bppp/2p1pn2/2p1N3/8/2N5/PPPP1PPP/R1BQR1K1 w q - 1 10
d2d3,r1bqkr2/p3bppp/2p1p3/2pnN3/8/2N2Q2/PPPP1PPP/R1B1R1K1 w q - 3 11
b2c3,r1bqkr2/p3bppp/2p1p3/2p1N3/8/2nP1Q2/PPP2PPP/R1B1R1K1 w q - 0 12
f3c6,r2qkr2/p3bppp/b1p1p3/2p1N3/8/2PP1Q2/P1P2PPP/R1B1R1K1 w q - 1 13
c6d7,r3kr2/p2qbppp/b1Q1p3/2p1N3/8/2PP4/P1P2PPP/R1B1R1K1 w q - 1 14
e5f4,rn1q1rk1/1p2bppp/p2pbn2/4p3/4PP2/2NB2N1/PPP3PP/R1BQ1RK1 b - - 0 10
b8c6,rn1q1rk1/1p2bppp/p2pbn2/8/4PR2/2NB2N1/PPP3PP/R1BQ2K1 b - - 0 11
c6e5,r2q1rk1/1p2bppp/p1npbn2/8/4PR2/2NB2N1/PPP3PP/R1BQ3K b - - 2 12
a8c8,r2q1rk1/1p2bppp/p2pbn2/4n3/4PR2/2NBB1N1/PPP3PP/R2Q3K b - - 4 13
e6f5,2rq1rk1/1p2bppp/p2pbn2/4nN2/4PR2/2NBB3/PPP3PP/R2Q3K b - - 6 14
h7h6,2rq1rk1/1p2bppp/p2p1n2/4nR2/4P3/2NBB3/PPP3PP/R2Q3K b - - 0 15
b7b5,2rq1rk1/1p2bpp1/p2p1n1p/4nR2/4P3/2NBB3/PPP1Q1PP/R6K b - - 1 16
b5b4,2rq1rk1/4bpp1/p2p1n1p/1p2nR2/3BP3/2NB4/PPP1Q1PP/R6K b - - 1 17
d6e5,2rq1rk1/4bpp1/p2p1n1p/4BR2/1p2P3/2NB4/PPP1Q1PP/R6K b - - 0 18
f6d5,2rq1rk1/4bpp1/p4n1p/3NpR2/1p2P3/3B4/PPP1Q1PP/R6K b - - 1 19
g7g6,2rq1rk1/4bpp1/p6p/3PpR2/1p6/3B4/PPP1Q1PP/R6K b - - 0 20
e7f6,2rq1rk1/4bp2/p5pp/3PR3/1p6/3B4/PPP1Q1PP/R6K b - - 0 21
f6b2,2rq1rk1/5p2/p4bpp/3P4/1p2R3/3B4/PPP1Q1PP/R6K b - - 2 22
a6a5,2rq1rk1/5p2/p5pp/3P4/1p2R3/3B4/PbP1Q1PP/5R1K b - - 1 23
d8d6,2rq1rk1/5p2/6pp/p2P4/1pB1R3/8/PbP1Q1PP/5R1K b - - 1 24
b2g7,2r2rk1/5p2/3q2pp/p2P4/1p2R3/1B6/PbP1Q1PP/5R1K b - - 3 25
c8c5,2r2rk1/5pb1/3q2pp/pQ1P4/1p2R3/1B6/P1P3PP/5R1K b - - 5 26
g7e5,5rk1/1Q3pb1/3q2pp/p1rP4/1p2R3/1B6/P1P3PP/5R1K b - - 7 27
c5c7,5rk1/1Q3p2/3q2pp/p1rPb3/1p2R3/1B4P1/P1P4P/5R1K b - - 0 28
c7c5,5rk1/2r2p2/3q2pp/pQ1Pb3/1p2R3/1B4P1/P1P4P/5R1K b - - 2 29
c4b3,r1bq1rk1/ppp1bppp/1nnp4/8/2BNP3/2N1BP2/PPP3PP/R2Q1RK1 w - - 3 10
c3d5,r1bq1rk1/ppp1bppp/1n1p4/n7/3NP3/1BN1BP2/PPP3PP/R2Q1RK1 w - - 5 11
d5e7,r1bq1rk1/ppp1bppp/1n1p4/3N4/3NP3/1n2BP2/PPP3PP/R2Q1RK1 w - - 0 12
d4b3,r1b2rk1/ppp1qppp/1n1p4/8/3NP3/1n2BP2/PPP3PP/R2Q1RK1 w - - 0 13
e3b6,r1b2rk1/ppp1q1pp/1n1p4/5p2/4P3/1N2BP2/PPP3PP/R2Q1RK1 w - - 0 14
f1e1,r1b2rk1/1pp1q1pp/1p1p4/5p2/4P3/1N3P2/PPP3PP/R2Q1RK1 w - - 0 15
e1e4,r1b2rk1/1pp1q1pp/1p1p4/8/4p3/1N3P2/PPP3PP/R2QR1K1 w - - 0 16
d1e2,r1b2rk1/1pp2qpp/1p1p4/8/4R3/1N3P2/PPP3PP/R2Q2K1 w - - 1 17
e4e7,r4rk1/1pp2qpp/1p1p4/5b2/4R3/1N3P2/PPP1Q1PP/R5K1 w - - 3 18
e7f7,r3r1k1/1pp1Rqpp/1p1p4/5b2/8/1N3P2/PPP1Q1PP/R5K1 w - - 5 19
f7f5,r5k1/1pp2Rpp/1p1p4/5b2/8/1N3P2/PPP1r1PP/R5K1 w - - 0 20
a1c1,r5k1/1pp3pp/1p1p4/5R2/8/1N3P2/PPr3PP/R5K1 w - - 0 21
c1c7,r5k1/1pp3pp/1p1p4/5R2/8/1N3P2/Pr4PP/2R3K1 w - - 0 22
f5f7,r5k1/1pR4p/1p1p2p1/5R2/8/1N3P2/Pr4PP/6K1 w - - 0 23
f7d7,6k1/1pR2R1p/1p1p2p1/8/8/1N3P2/rr4PP/6K1 w - - 0 24
g1f1,6k1/1pRR3p/1p1p2p1/8/8/1N3P2/r5rP/6K1 w - - 0 25
f1e1,6k1/1pRR3p/1p1p2p1/8/8/1N3P2/5rrP/5K2 w - - 2 26
e1d1,6k1/1pRR3p/1p1p2p1/8/8/1N3P2/4r1rP/4K3 w - - 4 27
d7g7,4r1k1/1pRR3p/1p1p2p1/8/8/1N3P2/6rP/3K4 w - - 6 28
g7h7,4r2k/1pR3Rp/1p1p2p1/8/8/1N3P2/6rP/3K4 w - - 8 29
d6e7,r1bq1rk1/ppp3pp/3bp3/3pPp2/4nB1P/2PBP3/PP1N1PP1/R2QK2R b KQ - 0 10
f5e4,r1bq1rk1/ppp1b1pp/4p3/3pPp2/4NB1P/2PBP3/PP3PP1/R2QK2R b KQ - 0 11
b7b5,r1bq1rk1/ppp1b1pp/4p3/3pP3/4pB1P/2P1P3/PPB2PP1/R2QK2R b KQ - 1 12
d8d7,r1bq1rk1/p1p1b1pp/4p3/1p1pP2P/4pB2/2P1P3/PPB2PP1/R2QK2R b KQ - 0 13
b5b4,r1b2rk1/p1pqb1pp/4p3/1p1pP2P/4pB2/2P1PP2/PPB3P1/R2QK2R b KQ - 0 14
b4c3,r1b2rk1/p1pqb1pp/4p3/3pP2P/1p2PB2/2P1P3/PPB3P1/R2QK2R b KQ - 0 15
c8a6,r1b2rk1/p1pqb1pp/4p3/3pP2P/4PB2/2P1P3/P1B3P1/R2QK2R b KQ - 0 16
e6d5,r4rk1/p1pqb1pp/b3p3/3PP2P/5B2/2P1P3/P1B3P1/R2QK2R b KQ - 0 17
c7c5,r4rk1/p1pqb1pp/b7/3pP2P/5BP1/2P1P3/P1B5/R2QK2R b KQ - 0 18
d7c6,r4rk1/p2qb1pp/b7/2ppPB1P/5BP1/2P1P3/P7/R2QK2R b KQ - 1 19
e7d8,r4rk1/p3b1pp/b1q5/2ppPB1P/5BP1/2P1P3/P4K2/R2Q3R b - - 3 20
d8c7,r2b1rk1/p5pp/b1q5/2ppPB1P/5BP1/2P1P1K1/P7/R2Q3R b - - 5 21
d5e4,r4rk1/p1b3pp/b1q5/2ppPB1P/4PBP1/2P3K1/P7/R2Q3R b - - 0 22
c6b6,r4rk1/p1bB2pp/b1q5/2p1P2P/4pBP1/2P3K1/P7/R2Q3R b - - 1 23
g8h8,r4rk1/p1bB2pp/bq6/2p1P2P/4pBP1/1QP3K1/P7/R6R b - - 3 24
a7b6,r4r1k/p1bB2pp/bQ6/2p1P2P/4pBP1/2P3K1/P7/R6R b - - 0 25
a8d8,r4r1k/2b3pp/bpB5/2p1P2P/4pBP1/2P3K1/P7/R6R b - - 1 26
d8e8,3r1r1k/2b3pp/bp6/2p1P2P/4BBP1/2P3K1/P7/R6R b - - 0 27
e8e6,4rr1k/2b3pp/bpB5/2p1P2P/5BP1/2P3K1/P7/R6R b - - 2 28
e6e8,5r1k/2b3pp/bp2r3/2pBP2P/5BP1/2P3K1/P7/R6R b - - 4 29
h2h3,r1bqrnk1/pp2ppbp/2p2np1/3p4/2PP4/1PNBPN2/PB3PPP/R2Q1RK1 w - - 7 10
d3f5,r2qrnk1/pp2ppbp/2p2np1/3p1b2/2PP4/1PNBPN1P/PB3PP1/R2Q1RK1 w - - 1 11
c4d5,r2qrnk1/pp2ppbp/2p2n2/3p1p2/2PP4/1PN1PN1P/PB3PP1/R2Q1RK1 w - - 0 12
f3e5,r2qrnk1/pp2ppbp/5n2/3p1p2/3P4/1PN1PN1P/PB3PP1/R2Q1RK1 w - - 0 13
b2a3,r2qrnk1/pp3pbp/4pn2/3pNp2/3P4/1PN1P2P/PB3PP1/R2Q1RK1 w - - 0 14
f2f4,r2qr1k1/pp1n1pbp/4pn2/3pNp2/3P4/BPN1P2P/P4PP1/R2Q1RK1 w - - 2 15
f4e5,r2qr1k1/pp3pbp/4pn2/3pnp2/3P1P2/BPN1P2P/P5P1/R2Q1RK1 w - - 0 16
c3e4,r2qr1k1/pp3pbp/4p3/3pPp2/3Pn3/BPN1P2P/P5P1/R2Q1RK1 w - - 1 17
d1h5,r2qr1k1/pp3pbp/4p3/4Pp2/3Pp3/BP2P2P/P5P1/R2Q1RK1 w - - 0 18
f1f4,2rqr1k1/pp3pbp/4p3/4Pp1Q/3Pp3/BP2P2P/P5P1/R4RK1 w - - 2 19
f4h4,2rqr1k1/pp4bp/4pp2/4Pp1Q/3PpR2/BP2P2P/P5P1/R5K1 w - - 0 20
h5g6,2rqr1k1/pp4b1/4pp1p/4Pp1Q/3Pp2R/BP2P2P/P5P1/R5K1 w - - 0 21
h4h6,2rqr1k1/pp4b1/4p1Qp/4pp2/3Pp2R/BP2P2P/P5P1/R5K1 w - - 0 22
g6h7,2rqr1k1/pp4b1/4p1QR/5p2/3pp3/BP2P2P/P5P1/R5K1 w - - 0 23
h6g6,2rqr3/pp3kbQ/4p2R/5p2/3pp3/BP2P2P/P5P1/R5K1 w - - 2 24
g6g3,2rq2r1/pp3kbQ/4p1R1/5p2/3pp3/BP2P2P/P5P1/R5K1 w - - 4 25
h7g6,3q2r1/pp3kbQ/4p3/5p2/3pp3/BP2P1RP/P1r3P1/R5K1 w - - 6 26
b8d7,rn1q1rk1/pp3pbp/3p1np1/2pP4/P3P1b1/2N2N2/1P2BPPP/R1BQ1RK1 b - - 2 10
g4e2,r2q1rk1/pp1n1pbp/3p1np1/2pP4/P3P1b1/2N5/1P1NBPPP/R1BQ1RK1 b - - 4 11
f8e8,r2q1rk1/pp1n1pbp/3p1np1/2pP4/P3P3/2N5/1P1NQPPP/R1B2RK1 b - - 0 12
d7e5,r2qr1k1/pp1n1pbp/3p1np1/2pP4/P1N1P3/2N5/1P2QPPP/R1B2RK1 b - - 2 13
h7h5,r2qr1k1/pp3pbp/3p1np1/2pPn3/P3P3/2N1N3/1P2QPPP/R1B2RK1 b - - 4 14
e5d7,r2qr1k1/pp3pb1/3p1np1/2pPn2p/P3P3/2N1N2P/1P2QPP1/R1B2RK1 b - - 0 15
d7b6,r2qr1k1/pp1n1pb1/3p1np1/2pP3p/P1N1P3/2N4P/1P2QPP1/R1B2RK1 b - - 2 16
f6e4,r2qr1k1/pp3pb1/1n1p1np1/2pP3p/P3P3/2N1N2P/1P2QPP1/R1B2RK1 b - - 4 17
e8e4,r2qr1k1/pp3pb1/1n1p2p1/2pP3p/P3N3/4N2P/1P2QPP1/R1B2RK1 b - - 0 18
e4e8,r2q2k1/pp3pb1/1n1p2p1/2pP3p/P3r3/4N2P/1PQ2PP1/R1B2RK1 b - - 1 19
b6d7,r2qr1k1/pp3pb1/1n1p2p1/P1pP3p/8/4N2P/1PQ2PP1/R1B2RK1 b - - 0 20
d7e5,r2qr1k1/pp1n1pb1/3p2p1/P1pP3p/2N5/7P/1PQ2PP1/R1B2RK1 b - - 2 21
g7e5,r2qr1k1/pp3pb1/3p2p1/P1pPN2p/8/7P/1PQ2PP1/R1B2RK1 b - - 0 22
d8f6,r2qr1k1/pp3p2/3p2p1/P1pPb2p/8/4B2P/1PQ2PP1/R4RK1 b - - 1 23
b7b5,r3r1k1/pp3p2/3p1qp1/P1pPb2p/8/4B2P/1PQ2PP1/1R3RK1 b - - 3 24
a7b6,r3r1k1/p4p2/1P1p1qp1/2pPb2p/8/4B2P/1PQ2PP1/1R3RK1 b - - 0 25
b6b5,r3r1k1/5p2/1p1p1qp1/2pPb2p/8/1Q2B2P/1P3PP1/1R3RK1 b - - 1 26
a8b8,r3r1k1/5p2/3p1qp1/1QpPb2p/8/4B2P/1P3PP1/1R3RK1 b - - 0 27
e8c8,1r2r1k1/5p2/2Qp1qp1/2pPb2p/8/4B2P/1P3PP1/1R3RK1 b - - 2 28
e5b2,1rr3k1/3Q1p2/3p1qp1/2pPb2p/8/4B2P/1P3PP1/1R3RK1 b - - 4 29
e1c1,r1bq1rk1/pppp1ppp/8/4n3/2P5/2N1P3/PP1Q1PPP/R3KB1R w KQ - 2 10
f1d3,r1bq1rk1/ppp2ppp/3p4/4n3/2P5/2N1P3/PP1Q1PPP/2KR1B1R w - - 0 11
d2d3,r1bq1rk1/ppp2ppp/3p4/8/2P5/2NnP3/PP1Q1PPP/2KR3R w - - 0 12
e3e4,r1bq1rk1/1pp2ppp/p2p4/8/2P5/2NQP3/PP3PPP/2KR3R w - - 0 13
c4c5,r1bq1rk1/2p2ppp/p2p4/1p6/2P1P3/2NQ4/PP3PPP/2KR3R w - - 0 14
c3d5,r1bq1rk1/2p2ppp/p2p4/2P5/1p2P3/2NQ4/PP3PPP/2KR3R w - - 0 15
d3e3,r1bq1rk1/2p2ppp/p7/2pN4/1p2P3/3Q4/PP3PPP/2KR3R w - - 0 16
d5b4,r1bq1rk1/5ppp/p1p5/2pN4/1p2P3/4Q3/PP3PPP/2KR3R w - - 0 17
b4c6,r1b2rk1/5ppp/p1p5/q1p5/1N2P3/4Q3/PP3PPP/2KR3R w - - 1 18
e3a3,r1b2rk1/5ppp/p1N5/2p5/4P3/4Q3/qP3PPP/2KR3R w - - 0 19
a3c3,r1b2rk1/5ppp/p1N5/2p5/2q1P3/Q7/1P3PPP/2KR3R w - - 2 20
c3c5,r1b2rk1/5ppp/p1N5/2p5/4q3/2Q5/1P3PPP/2KR3R w - - 0 21
c6e7,r4rk1/1b3ppp/p1N5/2Q5/4q3/8/1P3PPP/2KR3R w - - 1 22
h1e1,r4r1k/1b2Nppp/p7/2Q5/4q3/8/1P3PPP/2KR3R w - - 3 23
c5e3,r4r1k/1b2Nppp/p7/2Q5/5q2/8/1P3PPP/2KRR3 w - - 5 24
d1d7,r4r1k/1b2Nppp/p4q2/8/8/4Q3/1P3PPP/2KRR3 w - - 7 25
b8d7,rnbq1rk1/pp4pp/3bp3/3pNp2/3PnP2/2PB1R2/PP4PP/RNBQ2K1 b - - 4 10
d7f6,r1bq1rk1/pp1n2pp/3bp3/3pNp2/3PnP2/2PB3R/PP4PP/RNBQ2K1 b - - 6 11
c8d7,r1bq1rk1/pp4pp/3bpn2/3pNp2/3PnP2/2PB3R/PP1N2PP/R1BQ2K1 b - - 8 12
a8c8,r2q1rk1/pp1b2pp/3bpn2/3pNp2/3PnP2/2PB1N1R/PP4PP/R1BQ2K1 b - - 10 13
h7h6,2rq1rk1/pp1b2pp/3bpn2/3pNpN1/3PnP2/2PB3R/PP4PP/R1BQ2K1 b - - 12 14
b7b5,2rq1rk1/pp1b2p1/3bpn1p/3pNp2/3PnP2/2PB1N1R/PP4PP/R1BQ2K1 b - - 1 15
d8d7,2rq1rk1/p2N2p1/3bpn1p/1p1p1p2/3PnP2/2PB1N1R/PP4PP/R1BQ2K1 b - - 0 16
d6e5,2r2rk1/p2q2p1/3bpn1p/1p1pNp2/3PnP2/2PB3R/PP4PP/R1BQ2K1 b - - 1 17
f6h7,2r2rk1/p2q2p1/4pn1p/1p1pPp2/3Pn3/2PB3R/PP4PP/R1BQ2K1 b - - 0 18
f5g4,2r2rk1/p2q2pn/4p2p/1p1pPp2/3Pn1P1/2PB3R/PP5P/R1BQ2K1 b - - 0 19
e4f2,2r2rk1/p2q2pn/4p2p/1p1pP3/3Pn1Q1/2PB3R/PP5P/R1B3K1 b - - 0 20
f2h3,2r2rk1/p2q2pn/4p1Qp/1p1pP3/3P4/2PB3R/PP3n1P/R1B3K1 b - - 2 21
h3g5,2r2rk1/p2q2pn/4p1Qp/1p1pP3/3P4/2PB3n/PP4KP/R1B5 b - - 1 22
h7g5,2r2rk1/p2q2pn/4p1Qp/1p1pP1B1/3P4/2PB4/PP4KP/R7 b - - 0 23
g5e4,2r2rk1/p2q2p1/4p1Qp/1p1pP1n1/3P3P/2PB4/PP4K1/R7 b - - 0 24
f8g7,r1bqkb1r/pp2np1p/6p1/1Ppp4/8/2NP1N2/1PP2PPP/R1BQK2R b KQkq - 1 10
e8g8,r1bqk2r/pp2npbp/6p1/1Ppp4/8/2NP1N2/1PP2PPP/R1BQ1RK1 b kq - 3 11
f8e8,r1bq1rk1/pp2npbp/6p1/1Ppp4/8/2NP1N2/1PP2PPP/R1BQR1K1 b - - 5 12
c8g4,r1bqr1k1/pp2npbp/6p1/1Ppp4/8/3P1N2/1PP1NPPP/R1BQR1K1 b - - 7 13
e7f5,r2qr1k1/pp2npbp/6p1/1Ppp4/6b1/3P1NN1/1PP2PPP/R1BQR1K1 b - - 9 14
g4f5,r2qr1k1/pp3pbp/6p1/1Ppp1N2/6b1/3P1N2/1PP2PPP/R1BQR1K1 b - - 0 15
d8d7,r2qr1k1/pp3pbp/6p1/1Ppp1b2/8/2PP1N2/1P3PPP/R1BQR1K1 b - - 0 16
d7b5,r3r1k1/pp1q1pbp/6p1/1Ppp1b2/8/2PP1N1P/1P3PP1/R1BQR1K1 b - - 0 17
f5d3,r3r1k1/pp3pbp/6p1/1qpp1b2/6P1/2PP1N1P/1P3P2/R1BQR1K1 b - - 0 18
a8e8,r3R1k1/pp3pbp/6p1/1qpp4/6P1/2Pb1N1P/1P3P2/R1BQ2K1 b - - 0 19
d3e2,4r1k1/Rp3pbp/6p1/1qpp4/6P1/2Pb1N1P/1P3P2/2BQ2K1 b - - 0 20
b5a4,4r1k1/Rp3pbp/6p1/1qpp4/Q5P1/2P2N1P/1P2bP2/2B3K1 b - - 2 21
f1e1,r3kb1r/pp1n1ppp/2pqpn2/8/3P4/1PN2N2/1PP2PPP/R1BQ1RK1 w kq - 0 10
d1e2,r3k2r/pp1nbppp/2pqpn2/8/3P4/1PN2N2/1PP2PPP/R1BQR1K1 w kq - 2 11
c1g5,r4rk1/pp1nbppp/2pqpn2/8/3P4/1PN2N2/1PP1QPPP/R1B1R1K1 w - - 4 12
e1d1,r4rk1/1p1nbppp/p1pqpn2/6B1/3P4/1PN2N2/1PP1QPPP/R3R1K1 w - - 0 13
f3e5,r4rk1/1pqnbppp/p1p1pn2/6B1/3P4/1PN2N2/1PP1QPPP/R2R2K1 w - - 2 14
d1d3,r3r1k1/1pqnbppp/p1p1pn2/4N1B1/3P4/1PN5/1PP1QPPP/R2R2K1 w - - 4 15
d4e5,r3r1k1/1pq1bppp/p1p1pn2/4n1B1/3P4/1PNR4/1PP1QPPP/R5K1 w - - 0 16
c3d5,r3r1k1/1pq1bppp/p1p1p3/3nP1B1/8/1PNR4/1PP1QPPP/R5K1 w - - 1 17
g5e7,r3r1k1/1pq1bppp/p3p3/3pP1B1/8/1P1R4/1PP1QPPP/R5K1 w - - 0 18
d3g3,r5k1/1pq1rppp/p3p3/3pP3/8/1P1R4/1PP1QPPP/R5K1 w - - 0 19
c2c3,2r3k1/1pq1rppp/p3p3/3pP3/8/1P4R1/1PP1QPPP/R5K1 w - - 2 20
e2d2,2r3k1/1p2rppp/pq2p3/3pP3/8/1PP3R1/1P2QPPP/R5K1 w - - 1 21
a1a4,2rq2k1/1p2rppp/p3p3/3pP3/8/1PP3R1/1P1Q1PPP/R5K1 w - - 3 22
a4h4,2r2qk1/1p2rppp/p3p3/3pP3/R7/1PP3R1/1P1Q1PPP/6K1 w - - 5 23
d2d4,2r2qk1/1p2rp1p/p3p1p1/3pP3/7R/1PP3R1/1P1Q1PPP/6K1 w - - 0 24
g3h3,2r3k1/1p2rpqp/p3p1p1/3pP3/3Q3R/1PP3R1/1P3PPP/6K1 w - - 2 25
b3b4,5rk1/1p2rpqp/p3p1p1/3pP3/3Q3R/1PP4R/1P3PPP/6K1 w - - 4 26
h4h7,5rk1/1p2r1qp/p3p1p1/3pPp2/1P1Q3R/2P4R/1P3PPP/6K1 w - f6 0 27
h3h7,5rk1/1p2r2q/p3p1p1/3pPp2/1P1Q4/2P4R/1P3PPP/6K1 w - - 0 28
d4f4,5rk1/1p5r/p3p1p1/3pPp2/1P1Q4/2P5/1P3PPP/6K1 w - - 0 29
f6d5,r1bqkb1r/pp3ppp/2n1pn2/8/8/2PB1P2/P1PBQP1P/2KR3R b kq - 0 10
d8a5,r1bqkb1r/pp3ppp/2n1p3/3n4/5P2/2PB4/P1PBQP1P/2KR3R b kq - 0 11
f8a3,r1b1kb1r/pp3ppp/2n1p3/q2n4/2B2P2/2P5/P1PBQP1P/2KR3R b kq - 2 12
d5c3,r1b1k2r/pp3ppp/2n1p3/q2n4/2B2P2/b1P5/P1PBQP1P/1K1R3R b kq - 4 13
a3b4,r1b1k2r/pp3ppp/2n1p3/q7/2B2P2/b1n5/P1PBQP1P/K2R3R b kq - 1 14
b7b5,r1b1k2r/pp3ppp/2n1p3/q7/1bB2P2/2n5/P1PBQP1P/KR5R b kq - 3 15
c6b4,r1b1k2r/p4ppp/2n1p3/qp6/1RB2P2/2n5/P1PBQP1P/K6R b kq - 0 16
a5a3,r1b1k2r/p4ppp/4p3/qp6/1nB2P2/P1n5/2PBQP1P/K6R b kq - 0 17
a3a2,r1b1k2r/p4ppp/4p3/1p6/1n3P2/q1n5/B1PBQP1P/K6R b kq - 1 18
d1d3,r1bq1rk1/ppp3pp/3bpn2/8/3P4/2NnPN2/PP3PPP/R1BQ1RK1 w - - 0 10
d3e4,r1bq1rk1/ppp3pp/4pn2/8/1b1P4/2NQPN2/PP3PPP/R1B2RK1 w - - 1 11
c3e4,r1bq1rk1/ppp3pp/4p3/8/1b1Pn3/2N1PN2/PP3PPP/R1B2RK1 w - - 0 12
a2a3,r2q1rk1/pppb2pp/4p3/8/1b1PN3/4PN2/PP3PPP/R1B2RK1 w - - 1 13
a3b4,r2q1rk1/pp1b2pp/2p1p3/8/1b1PN3/P3PN2/1P3PPP/R1B2RK1 w - - 0 14
e4c5,r2q1rk1/1p1b2pp/p1p1p3/8/1P1PN3/4PN2/1P3PPP/R1B2RK1 w - - 0 15
c5d7,r2q1rk1/3b2pp/ppp1p3/2N5/1P1P4/4PN2/1P3PPP/R1B2RK1 w - - 0 16
f3e5,r4rk1/3q2pp/ppp1p3/8/1P1P4/4PN2/1P3PPP/R1B2RK1 w - - 0 17
c1d2,r4rk1/4q1pp/ppp1p3/4N3/1P1P4/4P3/1P3PPP/R1B2RK1 w - - 2 18
f1c1,r4rk1/4q2p/ppp1p3/4N1p1/1P1P4/4P3/1P1B1PPP/R4RK1 w - - 0 19
a1a6,2r2rk1/4q2p/ppp1p3/4N1p1/1P1P4/4P3/1P1B1PPP/R1R3K1 w - - 2 20
a6a3,2r2rk1/1q5p/Rpp1p3/4N1p1/1P1P4/4P3/1P1B1PPP/2R3K1 w - - 1 21
e3e4,2r2rk1/1q5p/1pp1p3/4N3/1P1P2p1/R3P3/1P1B1PPP/2R3K1 w - - 0 22
a3g3,2r2rk1/1q6/1pp1p2p/4N3/1P1PP1p1/R7/1P1B1PPP/2R3K1 w - - 0 23
h2h3,2r2rk1/1q6/1pp1p3/4N2p/1P1PP1p1/6R1/1P1B1PPP/2R3K1 w - - 0 24
g3g4,2r2rk1/1q6/1pp1p3/4N3/1P1PP1pp/6RP/1P1B1PP1/2R3K1 w - - 0 25
g4h4,2r2r1k/1q6/1pp1p3/4N3/1P1PP1Rp/7P/1P1B1PP1/2R3K1 w - - 1 26
h4g4,2r2r2/1q4k1/1pp1p3/4N3/1P1PP2R/7P/1P1B1PP1/2R3K1 w - - 1 27
g4g6,2r2r2/1q6/1pp1pk2/4N3/1P1PP1R1/7P/1P1B1PP1/2R3K1 w - - 3 28
d2g5,2r2r2/1q2k3/1pp1p1R1/4N3/1P1PP3/7P/1P1B1PP1/2R3K1 w - - 5 29
c1e3,r1bq1rk1/bpp1nppp/p2p1n2/4p3/P1B1P3/2PP1N1P/1P2QPP1/RNB2RK1 w - - 3 10
b1d2,r1bq1rk1/bpp2ppp/p2p1nn1/4p3/P1B1P3/2PPBN1P/1P2QPP1/RN3RK1 w - - 5 11
e3a7,r1bqr1k1/bpp2ppp/p2p1nn1/4p3/P1B1P3/2PPBN1P/1P1NQPP1/R4RK1 w - - 7 12
f1e1,2bqr1k1/rpp2ppp/p2p1nn1/4p3/P1B1P3/2PP1N1P/1P1NQPP1/R4RK1 w - - 0 13
e2e3,r1bqr1k1/1pp2ppp/p2p1nn1/4p3/P1B1P3/2PP1N1P/1P1NQPP1/R3R1K1 w - - 2 14
d2f1,r1bqr1k1/1p3ppp/p1pp1nn1/4p3/P1B1P3/2PPQN1P/1P1N1PP1/R3R1K1 w - - 0 15
e3d2,r1bqr1k1/1p3ppp/2pp1nn1/p3p3/P1B1P3/2PPQN1P/1P3PP1/R3RNK1 w - - 0 16
d3d4,r1bqr1k1/1p3pp1/2pp1nnp/p3p3/P1B1P3/2PP1N1P/1P1Q1PP1/R3RNK1 w - - 0 17
a1d1,r1b1r1k1/1pq2pp1/2pp1nnp/p3p3/P1BPP3/2P2N1P/1P1Q1PP1/R3RNK1 w - - 1 18
d4d5,r3r1k1/1pq2pp1/2ppbnnp/p3p3/P1BPP3/2P2N1P/1P1Q1PP1/3RRNK1 w - - 3 19
c4d5,r3r1k1/1pq2pp1/3pbnnp/p2pp3/P1B1P3/2P2N1P/1P1Q1PP1/3RRNK1 w - - 0 20
e4d5,r3r1k1/1pq2pp1/3p1nnp/p2bp3/P3P3/2P2N1P/1P1Q1PP1/3RRNK1 w - - 0 21
d1a1,r3r1k1/1p3pp1/3p1nnp/p2Pp3/P1q5/2P2N1P/1P1Q1PP1/3RRNK1 w - - 1 22
f1e3,r3r1k1/1p2npp1/3p1n1p/p2Pp3/P1q5/2P2N1P/1P1Q1PP1/R3RNK1 w - - 3 23
e1d1,r3r1k1/1p2npp1/3p1n1p/p1qPp3/P7/2P1NN1P/1P1Q1PP1/R3R1K1 w - - 5 24
b2b4,3rr1k1/1p2npp1/3p1n1p/p1qPp3/P7/2P1NN1P/1P1Q1PP1/R2R2K1 w - - 7 25
c3c4,3rr1k1/1pq1npp1/3p1n1p/p2Pp3/PP6/2P1NN1P/3Q1PP1/R2R2K1 w - - 1 26
d2b4,3rr1k1/1pq1npp1/3p1n1p/3Pp3/PpP5/4NN1P/3Q1PP1/R2R2K1 w - - 0 27
a1b1,3rr1k1/1pq1npp1/3p3p/3Pp3/PQP1n3/4NN1P/5PP1/R2R2K1 w - - 1 28
f3e1,3rr1k1/1pq1npp1/3p3p/2nPp3/PQP5/4NN1P/5PP1/1R1R2K1 w - - 3 29
c1e3,r1bq1rk1/p1p2ppp/2p5/2bp4/3Nn3/8/PPP2PPP/RNBQR1K1 w - - 0 10
b1c3,r1b2rk1/p1p2ppp/2p2q2/2bp4/3Nn3/4B3/PPP2PPP/RN1QR1K1 w - - 2 11
b2c3,r1b2rk1/p1p2ppp/2p2q2/2bp4/3N4/2n1B3/PPP2PPP/R2QR1K1 w - - 0 12
d1d2,1rb2rk1/p1p2ppp/2p2q2/2bp4/3N4/2P1B3/P1P2PPP/R2QR1K1 w - - 1 13
d4b3,1r3rk1/p1p2ppp/b1p2q2/2bp4/3N4/2P1B3/P1PQ1PPP/R3R1K1 w - - 3 14
e3d4,1r3rk1/p1p2ppp/bbp2q2/3p4/8/1NP1B3/P1PQ1PPP/R3R1K1 w - - 5 15
e1e7,1r3rk1/p1p2ppp/bbp3q1/3p4/3B4/1NP5/P1PQ1PPP/R3R1K1 w - - 7 16
a1e1,1r2r1k1/p1p1Rppp/bbp3q1/3p4/3B4/1NP5/P1PQ1PPP/R5K1 w - - 9 17
e1e7,1r4k1/p1p1rppp/bbp3q1/3p4/3B4/1NP5/P1PQ1PPP/4R1K1 w - - 0 18
d2e3,1r4k1/p1p1Rppp/1bp3q1/3p4/2bB4/1NP5/P1PQ1PPP/6K1 w - - 1 19
h2h3,1r4k1/p1p1Rpp1/1bp3qp/3p4/2bB4/1NP1Q3/P1P2PPP/6K1 w - - 0 20
e3g3,1r4k1/p1p1Rpp1/1bp4p/3p4/2bB4/1NP1Q2P/P1q2PP1/6K1 w - - 0 21
b3d4,1r4k1/p1p1Rpp1/2p4p/3p4/2bb4/1NP3QP/P1q2PP1/6K1 w - - 0 22
g3g6,1r4k1/p1p1Rpp1/2p3qp/3p4/2bN4/2P3QP/P4PP1/6K1 w - - 1 23
e7c7,1r4k1/p1p1R1p1/2p3pp/3p4/2bN4/2P4P/P4PP1/6K1 w - - 0 24
g1h2,6k1/p1R3p1/2p3pp/3p4/2bN4/2P4P/P4PP1/1r4K1 w - - 1 25
d4c6,6k1/p1R3p1/2p3pp/3p4/3N4/2P4P/b4PPK/1r6 w - - 0 26
f2f3,6k1/p1R3p1/2N3pp/3p4/8/2P4P/br3PPK/8 w - - 1 27
c7a7,6k1/p1R3p1/2N3pp/3p4/2b5/2P2P1P/1r4PK/8 w - - 1 28
c6e7,6k1/R5p1/2N3pp/3p4/8/2P2P1P/1r4PK/5b2 w - - 1 29
e8g8,r1b1k2r/pp1n1pp1/1qp2n1p/3p4/1b1P3B/2NBPN2/PPQ2PPP/R3K2R b KQkq - 5 10
f8e8,r1b2rk1/pp1n1pp1/1qp2n1p/3p4/1b1P3B/2NBPN2/PPQ2PPP/R4RK1 b - - 7 11
b4d6,r1b1r1k1/pp1n1pp1/1qp2n1p/3p4/1b1P3B/P1NBPN2/1PQ2PPP/R4RK1 b - - 0 12
a7a6,r1b1r1k1/pp1n1pp1/1qpb1n1p/3p4/1P1P3B/P1NBPN2/2Q2PPP/R4RK1 b - - 0 13
b6c7,r1b1r1k1/1p1n1pp1/pqpb1n1p/3p4/NP1P3B/P2BPN2/2Q2PPP/R4RK1 b - - 1 14
b7b6,r1b1r1k1/1pqn1pp1/p1pb1n1p/2Np4/1P1P3B/P2BPN2/2Q2PPP/R4RK1 b - - 3 15
f6e4,r1b1r1k1/2qn1pp1/pppb1n1p/3p4/1P1P3B/PN1BPN2/2Q2PPP/R4RK1 b - - 1 16
c8b7,r1b1r1k1/2qn1pp1/pppb3p/3p4/1P1Pn2B/PN1BPN2/2Q2PPP/R1R3K1 b - - 3 17
a8c8,r3r1k1/1bqn1pp1/pppb3p/3p4/1P1Pn2B/PN1BPN2/2Q2PPP/1RR3K1 b - - 5 18
f7f5,2r1r1k1/1bqn1pp1/pppb3p/3p4/1P1Pn2B/P2BPN2/2QN1PPP/1RR3K1 b - - 7 19
d6g3,2r1r1k1/1bqn2p1/pppb3p/3p1p2/1P1Pn3/P2BPNB1/2QN1PPP/1RR3K1 b - - 1 20
c7d8,2r1r1k1/1bqn2p1/ppp4p/3p1p2/1P1Pn3/P2BPNP1/2QN1PP1/1RR3K1 b - - 0 21
d7f6,2rqr1k1/1b1n2p1/ppp4p/3p1p2/PP1Pn3/3BPNP1/2QN1PP1/1RR3K1 b - - 0 22
f6d7,2rqr1k1/1b4p1/ppp2n1p/3pNp2/PP1Pn3/3BP1P1/2QN1PP1/1RR3K1 b - - 2 23
d7e5,2rqr1k1/1b1n2p1/ppp4p/3pNp2/PP1Pn3/3BPNP1/2Q2PP1/1RR3K1 b - - 4 24
d8f6,2rqr1k1/1b4p1/ppp4p/3pNp2/PP1Pn3/3BP1P1/2Q2PP1/1RR3K1 b - - 0 25
b6b5,2r1r1k1/1b4p1/ppp2q1p/P2pNp2/1P1Pn3/3BP1P1/2Q2PP1/1RR3K1 b - - 0 26
f5e4,2r1r1k1/1b4p1/p1p2q1p/Pp1pNp2/1P1PB3/4P1P1/2Q2PP1/1RR3K1 b - - 0 27
e8f8,2r1r1k1/1b4p1/p1p2q1p/PpQpN3/1P1Pp3/4P1P1/5PP1/1RR3K1 b - - 1 28
c8c7,2r2rk1/1b4p1/p1p2q1p/PpQpN3/1P1Pp3/4P1P1/2R2PP1/1R4K1 b - - 3 29
f2f3,rn2kb1r/ppp2ppp/4pn2/q3N3/2BPb1P1/2N4P/PPP2P2/R1BQK2R w KQkq - 2 10
c4d5,rn2kb1r/ppp2ppp/4pn2/q2bN3/2BP2P1/2N2P1P/PPP5/R1BQK2R w KQkq - 1 11
c1d2,rn2kb1r/ppp2ppp/4p3/q2nN3/3P2P1/2N2P1P/PPP5/R1BQK2R w KQkq - 0 12
d1e2,rn2kb1r/pp3ppp/2p1p3/q2nN3/3P2P1/2N2P1P/PPPB4/R2QK2R w KQkq - 0 13
c3d5,rn2k2r/pp3ppp/2p1p3/q2nN3/1b1P2P1/2N2P1P/PPPBQ3/R3K2R w KQkq - 2 14
e2d2,rn2k2r/pp3ppp/2p1p3/q2NN3/3P2P1/5P1P/PPPbQ3/R3K2R w KQkq - 0 15
e1d2,rn2k2r/pp3ppp/2p1p3/3NN3/3P2P1/5P1P/PPPq4/R3K2R w KQkq - 0 16
c2c3,rn2k2r/pp3ppp/4p3/3pN3/3P2P1/5P1P/PPPK4/R6R w kq - 0 17
f3f4,r3k2r/pp1n1ppp/4p3/3pN3/3P2P1/2P2P1P/PP1K4/R6R w kq - 1 18
d2c2,r3k2r/pp3ppp/4pn2/3pN3/3P1PP1/2P4P/PP1K4/R6R w kq - 1 19
a2a4,2r1k2r/pp3ppp/4pn2/3pN3/3P1PP1/2P4P/PPK5/R6R w k - 3 20
a4a5,2r2rk1/pp3ppp/4pn2/3pN3/P2P1PP1/2P4P/1PK5/R6R w - - 1 21
h1g1,2r2rk1/1p3ppp/p3pn2/P2pN3/3P1PP1/2P4P/1PK5/R6R w - - 0 22
f4f5,5rk1/1pr2ppp/p3pn2/P2pN3/3P1PP1/2P4P/1PK5/R5R1 w - - 2 23
g4f5,5rk1/1pr2ppp/p4n2/P2pNp2/3P2P1/2P4P/1PK5/R5R1 w - - 0 24
e5d3,5rk1/1pr2ppp/p7/P2pNP2/3Pn3/2P4P/1PK5/R5R1 w - - 1 25
a1e1,5rk1/1pr3pp/p4p2/P2p1P2/3Pn3/2PN3P/1PK5/R5R1 w - - 0 26
d3f4,5rk1/1pr3pp/p2n1p2/P2p1P2/3P4/2PN3P/1PK5/4R1R1 w - - 2 27
f4e6,5rk1/1pr3pp/p4p2/P2p1n2/3P1N2/2P4P/1PK5/4R1R1 w - - 0 28
e6c7,2r3k1/1pr3pp/p3Np2/P2p1n2/3P4/2P4P/1PK5/4R1R1 w - - 2 29
c1e3,r1bq1rk1/pp2ppbp/2n3p1/3pPn2/3P4/5N1P/PP2BPP1/RNBQ1RK1 w - - 3 10
b2b3,r1b2rk1/pp2ppbp/1qn3p1/3pPn2/3P4/4BN1P/PP2BPP1/RN1Q1RK1 w - - 5 11
b1c3,r1b2rk1/pp3pbp/1qn1p1p1/3pPn2/3P4/1P2BN1P/P3BPP1/RN1Q1RK1 w - - 0 12
e5f6,r1b2rk1/pp4bp/1qn1ppp1/3pPn2/3P4/1PN1BN1P/P3BPP1/R2Q1RK1 w - - 0 13
c3a4,r1b2rk1/pp5p/1qn1pbp1/3p1n2/3P4/1PN1BN1P/P3BPP1/R2Q1RK1 w - - 0 14
a2a3,r1b2rk1/pp5p/2n1pbp1/3p1n2/Nq1P4/1P2BN1P/P3BPP1/R2Q1RK1 w - - 2 15
b3b4,r1b2rk1/pp5p/2nqpbp1/3p1n2/N2P4/PP2BN1P/4BPP1/R2Q1RK1 w - - 1 16
a4c5,r4rk1/pp1b3p/2nqpbp1/3p1n2/NP1P4/P3BN1P/4BPP1/R2Q1RK1 w - - 1 17
c5d7,r4rk1/p2b3p/1pnqpbp1/2Np1n2/1P1P4/P3BN1P/4BPP1/R2Q1RK1 w - - 0 18
e2b5,r4rk1/p2q3p/1pn1pbp1/3p1n2/1P1P4/P3BN1P/4BPP1/R2Q1RK1 w - - 0 19
a1c1,2r2rk1/p2q3p/1pn1pbp1/1B1p1n2/1P1P4/P3BN1P/5PP1/R2Q1RK1 w - - 2 20
b5a6,2r2rk1/p2q3p/1pnnpbp1/1B1p4/1P1P4/P3BN1P/5PP1/2RQ1RK1 w - - 4 21
f1e1,5rk1/p1rq3p/Bpnnpbp1/3p4/1P1P4/P3BN1P/5PP1/2RQ1RK1 w - - 6 22
c1c7,1n3rk1/p1rq3p/Bp1npbp1/3p4/1P1P4/P3BN1P/5PP1/2RQR1K1 w - - 8 23
a6d3,1n3rk1/p1q4p/Bp1npbp1/3p4/1P1P4/P3BN1P/5PP1/3QR1K1 w - - 0 24
e3h6,1n3rk1/p1q4p/1p2pbp1/3p4/1PnP4/P2BBN1P/5PP1/3QR1K1 w - - 2 25
d1c2,1n2r1k1/p1q4p/1p2pbpB/3p4/1PnP4/P2B1N1P/5PP1/3QR1K1 w - - 4 26
h3h4,1n2r3/p1q2k1p/1p2pbpB/3p4/1PnP4/P2B1N1P/2Q2PP1/4R1K1 w - - 6 27
h4h5,1n2r3/p1q2k1p/4pbpB/1p1p4/1PnP3P/P2B1N2/2Q2PP1/4R1K1 w - - 0 28
f3g5,1n4r1/p1q2k1p/4pbpB/1p1p3P/1PnP4/P2B1N2/2Q2PP1/4R1K1 w - - 1 29
c8a6,r1bq1rk1/p4ppp/1pnppn2/2p5/2PPP3/2PB1N2/P4PPP/R1BQR1K1 b - - 2 10
h7h6,r2q1rk1/p4ppp/bpnppn2/2p3B1/2PPP3/2PB1N2/P4PPP/R2QR1K1 b - - 4 11
e6e5,r2q1rk1/p4pp1/bpnppn1p/2p5/2PPP2B/2PB1N2/P4PPP/R2QR1K1 b - - 1 12
a8c8,r2q1rk1/p4pp1/bpnp1n1p/2p1p3/2PPP2B/2P2N2/P4PPP/R2QRBK1 b - - 1 13
a6b7,2rq1rk1/p4pp1/bpnp1n1p/2p1p3/Q1PPP2B/2P2N2/P4PPP/R3RBK1 b - - 3 14
g7g5,2rq1rk1/pb3pp1/1pnp1n1p/2p1p3/Q1PPP2B/2P2N2/P4PPP/3RRBK1 b - - 5 15
d8e7,2rq1rk1/pb3p2/1pnp1n1p/2p1p1p1/Q1PPP3/2P2NB1/P4PPP/3RRBK1 b - - 1 16
g5g4,2r2rk1/pb2qp2/1pnp1n1p/2p1p1p1/Q1PPP2P/2P2NB1/P4PP1/3RRBK1 b - - 0 17
c6a5,2r2rk1/pb2qp2/1pnp1n1p/2p1p3/Q1PPP1pP/2P3B1/P4PPN/3RRBK1 b - - 1 18
h6h5,2r2rk1/pb2qp2/1p1p1n1p/n1p1p3/Q1PPP1pP/2P2PB1/P5PN/3RRBK1 b - - 0 19
f6g4,2r2rk1/pb2qp2/1p1p1n2/n1p1p2p/Q1PPP1PP/2P3B1/P5PN/3RRBK1 b - - 0 20
h5g4,2r2rk1/pb2qp2/1p1p4/n1p1p2p/Q1PPP1NP/2P3B1/P5P1/3RRBK1 b - - 0 21
d6e5,2r2rk1/pb2qp2/1p1p4/n1p1P3/Q1P1P1pP/2P3B1/P5P1/3RRBK1 b - - 0 22
b7c6,2r2rk1/pb1Rqp2/1p6/n1p1p3/Q1P1P1pP/2P3B1/P5P1/4RBK1 b - - 1 23
c6a4,2r2rk1/p3Rp2/1pb5/n1p1p3/Q1P1P1pP/2P3B1/P5P1/4RBK1 b - - 0 24
f8e8,2r2rk1/p3Rp2/1p6/n1p1B3/b1P1P1pP/2P5/P5P1/4RBK1 b - - 0 25
c8e8,2r1R1k1/p4p2/1p6/n1p1B3/b1P1P1pP/2P5/P5P1/4RBK1 b - - 0 26
a4c6,4r1k1/p4p2/1p3B2/n1p5/b1P1P1pP/2P5/P5P1/4RBK1 b - - 1 27
c6d7,4r1k1/p4p2/1pb2B2/n1p1P3/2P3pP/2P5/P5P1/4RBK1 b - - 0 28
d7e6,4r1k1/p2b1p2/1p3B2/n1p1P3/2P3pP/2PB4/P5P1/4R1K1 b - - 2 29
d8e8,r1bk1b1r/pp3p1p/2n1pp2/8/5B2/5N2/PPP2PPP/2KR1B1R b - - 3 10
e6e5,r1b1kb1r/pp3p1p/2n1pp2/1B6/5B2/5N2/PPP2PPP/2KR3R b - - 5 11
c8e6,r1b1kb1r/pp3p1p/2n2p2/1B2p3/8/4BN2/PPP2PPP/2KR3R b - - 1 12
b7c6,r3kb1r/pp3p1p/2B1bp2/4p3/8/4BN2/PPP2PPP/2KR3R b - - 0 13
e5e4,r3kb1r/p4p1p/2p1bp2/4p3/8/3RBN2/PPP2PPP/2K4R b - - 1 14
e4f3,r3kb1r/p4p1p/2p1bp2/8/4p3/2R1BN2/PPP2PPP/2K4R b - - 1 15
e6d5,r3kb1r/p4p1p/2p1bp2/8/8/2R1BP2/PPP2P1P/2K4R b - - 0 16
e8d7,r3kb1r/p4p1p/2p2p2/3b4/8/2R1BP2/PPP2P1P/2K1R3 b - - 2 17
d7c8,r4b1r/p2k1p1p/2p2p2/3b4/8/3RBP2/PPP2P1P/2K1R3 b - - 4 18
f8b4,r1k2b1r/p4p1p/2p2p2/3b4/5B2/3R1P2/PPP2P1P/2K1R3 b - - 6 19
b4c5,r1k4r/p4p1p/2p2p2/3b4/1b3B2/2PR1P2/PP3P1P/2K1R3 b - - 0 20
c5b6,r1k4r/p4p1p/2p2p2/2bb4/1P3B2/2PR1P2/P4P1P/2K1R3 b - - 0 21
d5c4,r1k4r/p4p1p/1bp2p2/3b4/1P3B2/2PR1P2/P3RP1P/2K5 b - - 2 22
c4d3,r1k4r/p4p1p/1bp2p2/8/1Pb2B2/2PR1P2/P2R1P1P/2K5 b - - 4 23
h8d8,r1k4r/p4p1p/1bp2p2/8/1P3B2/2PR1P2/P4P1P/2K5 b - - 0 24
c8d8,r1kR4/p4p1p/1bp2p2/8/1P3B2/2P2P2/P4P1P/2K5 b - - 0 25
d8d7,r2k4/p4p1p/1bp2p2/8/1P3B2/2P2P2/P1K2P1P/8 b - - 1 26
a7a5,r7/p2k1p1p/1bp2p2/8/PP3B2/2P2P2/2K2P1P/8 b - - 0 27
a5b4,r7/3k1p1p/1bp2p2/p7/PP3B2/1KP2P2/5P1P/8 b - - 1 28
b6f2,r7/3k1p1p/1bp2p2/8/PP3B2/1K3P2/5P1P/8 b - - 0 29
d6b4,rnbqk1n1/pp2rpp1/2pb4/3pP3/3P4/2N4P/PP3PB1/R1BQK1NR b KQq - 0 10
b8d7,rnbqk1n1/pp2rpp1/2p5/3pP2Q/1b1P4/2N4P/PP3PB1/R1B1K1NR b KQq - 2 11
d7f8,r1bqk1n1/pp1nrpp1/2p5/3pP2Q/1b1P4/2N4P/PP2NPB1/R1B1K2R b KQq - 4 12
c8e6,r1bqknn1/pp2rpp1/2p5/3pP1BQ/1b1P4/2N4P/PP2NPB1/R3K2R b KQq - 6 13
d8e7,r2qknn1/pp2Bpp1/2p1b3/3pP2Q/1b1P4/2N4P/PP2NPB1/R3K2R b KQq - 0 14
c6c5,r3knn1/pp2qpp1/2p1b3/3pP2Q/1b1P4/2N4P/PP2NPB1/2KR3R b q - 1 15
e7c5,r3knn1/pp2qpp1/4b3/2PpP2Q/1b6/2N4P/PP2NPB1/2KR3R b q - 0 16
d5d4,r3knn1/pp3pp1/4b3/2qpP2Q/1b6/2N4P/PP2NPB1/1K1R3R b q - 1 17
c5a5,r3knn1/pp3pp1/4b3/2q1P2Q/1b1pN3/7P/PP2NPB1/1K1R3R b q - 1 18
a8c8,r3knn1/pp3pp1/4b3/q3P2Q/1b1pN3/7P/PP3PB1/1KNR3R b q - 3 19
b4c3,2r1knn1/pp3pp1/4b3/q3P2Q/1b1pN3/1P5P/P4PB1/1KNR3R b - - 0 20
e6f5,2r1knn1/pp3pp1/4b3/q3P3/3pN3/1Pb4P/P3QPB1/1KNR3R b - - 2 21
c8c6,2r1knn1/pp3pp1/8/q3Pb2/3pN3/1PbN3P/P3QPB1/1K1R3R b - - 4 22
c6d6,4knn1/pp3pp1/2rN4/q3Pb2/3p4/1PbN3P/P3QPB1/1K1R3R b - - 6 23
f8e6,4knn1/pp3pp1/3P4/q4b2/3p4/1PbN3P/P3QPB1/1K1R3R b - - 0 24
g8h6,4k1n1/pp3pp1/3Pn3/q4b2/3pB3/1PbN3P/P3QP2/1K1R3R b - - 2 25
h6f5,4k3/pp3pp1/3Pn2n/q4B2/3p4/1PbN3P/P3QP2/1K1R3R b - - 0 26
e8d7,4k3/pp3pp1/3Pn3/q4n2/3p1N2/1Pb4P/P3QP2/1K1R3R b - - 1 27
f7e6,8/pp1k1pp1/3PN3/q4n2/3p4/1Pb4P/P3QP2/1K1R3R b - - 0 28
f5d6,8/pp1k2p1/3Pp3/q4n2/3p1P2/1Pb4P/P3Q3/1K1R3R b - - 0 29
b2b3,r1bq1rk1/pp2ppbp/3p1np1/4n3/2PN4/2N1PB2/PP3PPP/R1BQ1RK1 w - - 4 10
d1f3,r1bq1rk1/pp2ppbp/3p1np1/8/2PN4/1PN1Pn2/P4PPP/R1BQ1RK1 w - - 0 11
c1b2,r1bq1rk1/1p2ppbp/p2p1np1/8/2PN4/1PN1PQ2/P4PPP/R1B2RK1 w - - 0 12
a1c1,r1bq1rk1/1p1nppbp/p2p2p1/8/2PN4/1PN1PQ2/PB3PPP/R4RK1 w - - 2 13
f3e2,r1bq1rk1/1p2ppbp/p2p2p1/4n3/2PN4/1PN1PQ2/PB3PPP/2R2RK1 w - - 4 14
d4c6,r1bq1rk1/1p2ppbp/p1np2p1/8/2PN4/1PN1P3/PB2QPPP/2R2RK1 w - - 6 15
c3a4,r1bq1rk1/4ppbp/p1pp2p1/8/2P5/1PN1P3/PB2QPPP/2R2RK1 w - - 0 16
e2b2,r1bq1rk1/4pp1p/p1pp2p1/8/N1P5/1P2P3/Pb2QPPP/2R2RK1 w - - 0 17
c4c5,r2q1rk1/3bpp1p/p1pp2p1/8/N1P5/1P2P3/PQ3PPP/2R2RK1 w - - 1 18
a4b6,r2q1rk1/3bpp1p/p1p3p1/2Pp4/N7/1P2P3/PQ3PPP/2R2RK1 w - - 0 19
b3b4,1r1q1rk1/3bpp1p/pNp3p1/2Pp4/8/1P2P3/PQ3PPP/2R2RK1 w - - 2 20
a2a4,1r1q1rk1/3bp2p/pNp2pp1/2Pp4/1P6/4P3/PQ3PPP/2R2RK1 w - - 0 21
a4a5,1r1q1rk1/3b3p/pNp2pp1/2Ppp3/PP6/4P3/1Q3PPP/2R2RK1 w - - 0 22
b2e2,1r1q1rk1/7p/pNp1bpp1/P1Ppp3/1P6/4P3/1Q3PPP/2R2RK1 w - - 1 23
f1d1,1rbq1rk1/7p/pNp2pp1/P1Ppp3/1P6/4P3/4QPPP/2R2RK1 w - - 3 24
d1d3,1rb2rk1/2q4p/pNp2pp1/P1Ppp3/1P6/4P3/4QPPP/2RR2K1 w - - 5 25
h2h4,1rbr2k1/2q4p/pNp2pp1/P1Ppp3/1P6/3RP3/4QPPP/2R3K1 w - - 7 26
h4h5,1rbr2k1/2q4p/pNp3p1/P1Pppp2/1P5P/3RP3/4QPP1/2R3K1 w - - 0 27
e2b2,1rbr4/2q3kp/pNp3p1/P1Pppp1P/1P6/3RP3/4QPP1/2R3K1 w - - 1 28
f2f4,1rbr4/2q3kp/pNp5/P1Pppp1p/1P6/3RP3/1Q3PP1/2R3K1 w - - 0 29
b6b4,r1b1k1nr/pp3ppp/1q2p3/3pP3/1B1n4/1P3P2/P3N1PP/RN1QKB1R b KQkq - 0 10
d4e2,r1b1k1nr/pp3ppp/4p3/3pP3/1q1n4/1P3P2/P3NKPP/RN1Q1B1R b kq - 1 11
g8e7,r1b1k1nr/pp3ppp/4p3/3pP3/1q6/1P3P2/P3BKPP/RN1Q3R b kq - 0 12
b4c5,r1b1k2r/pp2nppp/4p3/3pP3/1q6/1P3P2/P3BKPP/RN1QR3 b kq - 2 13
e8g8,r1b1k2r/pp2nppp/4p3/2qpP3/8/1P3P2/P3B1PP/RN1QRK2 b kq - 4 14
c5b6,r1b2rk1/pp2nppp/4p3/2qpP3/1P6/5P2/P3B1PP/RN1QRK2 b - - 0 15
e7f5,r1b2rk1/pp2nppp/1q2p3/3pP3/PP6/5P2/4B1PP/RN1QRK2 b - - 0 16
f5e3,r1b2rk1/pp3ppp/1q2p3/3pPn2/PP6/3B1P2/6PP/RN1QRK2 b - - 2 17
b6e3,r1b2rk1/pp3ppp/1q2p3/3pP3/PP6/3BRP2/6PP/RN1Q1K2 b - - 0 18
e3e5,r1b2rk1/pp3ppp/4p3/3pP3/PP6/2NBqP2/6PP/R2Q1K2 b - - 1 19
e5h2,r1b2rk1/pp3ppp/4p3/3pq3/PP6/2NB1P2/2Q3PP/R4K2 b - - 1 20
c8d7,r1b2rk1/pp3ppp/4p3/3p4/PP6/3B1P2/2Q1N1Pq/R4K2 b - - 1 21
a8c8,r4rk1/pp1b1ppp/4p3/3p4/PP6/3B1P2/2Q1NKPq/R7 b - - 3 22
h2h4,2r2rk1/pp1b1ppp/4p3/3p4/PP6/1Q1B1P2/4NKPq/R7 b - - 5 23
h4d4,2r2rk1/pp1b1ppp/4p3/3p4/PP5q/1Q1B1PN1/5KP1/R7 b - - 7 24
d4a1,2r2rk1/pp1b1ppp/4p3/3p4/PP1q4/1Q1B1PN1/4K1P1/R7 b - - 9 25
a1c1,r1bq1rk1/1p1n2pp/p1pbpn2/3p1p2/2PP4/1PNBPN2/PB3PPP/R2Q1RK1 w - - 8 10
f3e1,r1bq1rk1/1p1n2pp/p1pbp3/3p1p2/2PPn3/1PNBPN2/PB3PPP/2RQ1RK1 w - - 10 11
b2c3,r1bq1rk1/1p1n2pp/p1pbp3/3p1p2/2PP4/1PnBP3/PB3PPP/2RQNRK1 w - - 0 12
e1f3,r1bq1rk1/1p1n2pp/p1pbp3/3p4/2PP1p2/1PBBP3/P4PPP/2RQNRK1 w - - 0 13
f3e5,r1bq1rk1/1p4pp/p1pbpn2/3p4/2PP1p2/1PBBPN2/P4PPP/2RQ1RK1 w - - 2 14
d4e5,r1bq1rk1/1p4pp/p1p1pn2/3pb3/2PP1p2/1PBBP3/P4PPP/2RQ1RK1 w - - 0 15
d3e4,r1bq1rk1/1p4pp/p1p1p3/3pP3/2P1np2/1PBBP3/P4PPP/2RQ1RK1 w - - 1 16
e3f4,r1bq1rk1/1p4pp/p1p1p3/4P3/2P1pp2/1PB1P3/P4PPP/2RQ1RK1 w - - 0 17
g2g3,r1b2rk1/1p4pp/pqp1p3/4P3/2P1pP2/1PB5/P4PPP/2RQ1RK1 w - - 1 18
c3d4,r1b2rk1/1p4pp/pqp1p3/4P3/2P2P2/1PB1p1P1/P4P1P/2RQ1RK1 w - - 0 19
f1f2,r1b2rk1/1p4pp/pqp1p3/4P3/2PB1P2/1P4P1/P4p1P/2RQ1RK1 w - - 0 20
f2d2,r1bq1rk1/1p4pp/p1p1p3/4P3/2PB1P2/1P4P1/P4R1P/2RQ2K1 w - - 1 21
d4b6,r1b2rk1/1p2q1pp/p1p1p3/4P3/2PB1P2/1P4P1/P2R3P/2RQ2K1 w - - 3 22
d2d6,r1b2rk1/1p2q1pp/1Bp1p3/p3P3/2P2P2/1P4P1/P2R3P/2RQ2K1 w - - 0 23
b3b4,r1b2rk1/1p2q1pp/1BpRp3/4P3/p1P2P2/1P4P1/P6P/2RQ2K1 w - - 0 24
b6d8,r1b2rk1/1p2q2p/1BpRp3/4P1p1/pPP2P2/6P1/P6P/2RQ2K1 w - - 0 25
d8g5,r1bB1rk1/1p3q1p/2pRp3/4P1p1/pPP2P2/6P1/P6P/2RQ2K1 w - - 2 26
c6b4,2r1kb1r/pp1bnppp/1qn1p3/3pP3/3P4/1P3N2/P1B2PPP/RNBQ1RK1 b k - 0 10
b4d3,2r1kb1r/pp1bnppp/1q2p3/3pP3/1n1P4/1P1B1N2/P4PPP/RNBQ1RK1 b k - 2 11
d7b5,2r1kb1r/pp1bnppp/1q2p3/3pP3/3P4/1P1Q1N2/P4PPP/RNB2RK1 b k - 0 12
b5f1,2r1kb1r/pp2nppp/1q2p3/1b1pP3/3P4/1P3N2/P2Q1PPP/RNB2RK1 b k - 2 13
b6b5,2r1kb1r/pp2nppp/1q2p3/3pP3/3P4/1P3N2/P2Q1PPP/RNB2K2 b k - 0 14
b5d3,2r1kb1r/pp2nppp/4p3/1q1pP3/3P4/1P3N2/P2Q1PPP/RNB3K1 b k - 2 15
c8c1,2r1kb1r/pp2nppp/4p3/3pP3/3P4/1P1Q1N2/P4PPP/RNB3K1 b k - 0 16
c1f1,4kb1r/pp2nppp/4p3/3pP3/3P4/1P3N2/P4PPP/RNr2QK1 b k - 1 17
e8d7,4kb1r/pp2nppp/4p3/3pP3/3P4/1P3N2/P4PPP/RN3K2 b k - 0 18
e7c6,5b1r/pp1knppp/4p3/3pP3/3P2P1/1P3N2/P4P1P/RN3K2 b - - 0 19
f8b4,5b1r/pp1k1ppp/2n1p3/3pP3/3P2P1/1PN2N2/P4P1P/R4K2 b - - 2 20
h8c8,7r/pp1k1ppp/2n1p3/3pP3/1b1P2P1/1PN2N2/P4P1P/2R2K2 b - - 4 21
f7f6,2r5/pp1k1ppp/2n1p3/3pP3/1b1P2P1/1P3N2/P3NP1P/2R2K2 b - - 6 22
g7f6,2r5/pp1k2pp/2n1pP2/3p4/1b1P2P1/1P3N2/P3NP1P/2R2K2 b - - 0 23
b4e1,2r5/pp1k3p/2n1pp2/3p4/1b1P2P1/1P6/P3NP1P/2R1NK2 b - - 1 24
c6d4,2r5/pp1k3p/2n1pp2/3p4/3P2P1/1P6/P3NP1P/2R1K3 b - - 0 25
d4f3,2R5/pp1k3p/4pp2/3p4/3n2P1/1P6/P3NP1P/4K3 b - - 0 26
d7c8,2R5/pp1k3p/4pp2/3p4/6P1/1P3n2/P3NP1P/5K2 b - - 2 27
c8d7,2k5/pp5p/4pp2/3p4/5NP1/1P3n2/P4P1P/5K2 b - - 1 28
f3e5,8/pp1k3p/4pp2/3p4/5NP1/1P3n2/P4PKP/8 b - - 3 29
