f4g5,r1bq1rk1/pp3ppp/2n1p3/2bp3n/5B2/3BPN2/PPPNQPPP/R4RK1 w - - 6 10
g5e7,r1bq1rk1/pp2bppp/2n1p3/3p2Bn/8/3BPN2/PPPNQPPP/R4RK1 w - - 8 11
c2c4,r1b2rk1/pp2qppp/2n1p3/3p3n/8/3BPN2/PPPNQPPP/R4RK1 w - - 0 12
d2c4,r1b2rk1/pp2qppp/2n1p3/7n/2p5/3BPN2/PP1NQPPP/R4RK1 w - - 0 13
f3e5,r4rk1/pp1bqppp/2n1p3/7n/2N5/3BPN2/PP2QPPP/R4RK1 w - - 1 14
e5d7,r4rk1/pp1bqppp/2n1pn2/4N3/2N5/3BP3/PP2QPPP/R4RK1 w - - 3 15
f1d1,r4rk1/pp1q1ppp/2n1pn2/8/2N5/3BP3/PP2QPPP/R4RK1 w - - 0 16
e3e4,r4rk1/pp2qppp/2n1pn2/8/2N5/3BP3/PP2QPPP/R2R2K1 w - - 2 17
c4e3,r4rk1/pp2qppp/2n2n2/4p3/2N1P3/3B4/PP2QPPP/R2R2K1 w - - 0 18
e2e1,r4rk1/pp2qppp/5n2/4p3/3nP3/3BN3/PP2QPPP/R2R2K1 w - - 2 19
a1c1,r2r2k1/pp2qppp/5n2/4p3/3nP3/3BN3/PP3PPP/R2RQ1K1 w - - 4 20
d3c4,r2r2k1/pp2qp1p/5np1/4p3/3nP3/3BN3/PP3PPP/2RRQ1K1 w - - 0 21
e3d5,2rr2k1/pp2qp1p/5np1/4p3/2BnP3/4N3/PP3PPP/2RRQ1K1 w - - 2 22
c4d5,2rr2k1/pp2qp1p/6p1/3np3/2BnP3/8/PP3PPP/2RRQ1K1 w - - 0 23
c1c3,2rr4/pp2qpkp/6p1/3Bp3/3nP3/8/PP3PPP/2RRQ1K1 w - - 1 24
b2c3,3r4/pp2qpkp/6p1/3Bp3/3nP3/2r5/PP3PPP/3RQ1K1 w - - 0 25
g2g3,3r4/pp2qpkp/4n1p1/3Bp3/4P3/2P5/P4PPP/3RQ1K1 w - - 1 26
e1e3,3r4/pp2qpkp/6p1/2nBp3/4P3/2P3P1/P4P1P/3RQ1K1 w - - 1 27
g1g2,3r4/p3qpkp/1p4p1/2nBp3/4P3/2P1Q1P1/P4P1P/3R2K1 w - - 0 28
h2h4,3r4/p3qpk1/1p4p1/2nBp2p/4P3/2P1Q1P1/P4PKP/3R4 w - - 0 29
d5d4,r2qkb1r/p1p2pp1/2p2n2/3p1b2/P3pP2/2N3P1/1PPPP1BP/R1BQK2R b KQkq - 0 10
a7a5,r2qkb1r/p1p2pp1/2p2n2/5b2/P2ppP2/6P1/NPPPP1BP/R1BQK2R b KQkq - 1 11
e4e3,r2qkb1r/2p2pp1/2p2n2/p4b2/P2ppP2/3P2P1/NPP1P1BP/R1BQK2R b KQkq - 0 12
f6g4,r2qkb1r/2p2pp1/2p2n2/p4b2/P2p1P2/2PPp1P1/NP2P1BP/R1BQK2R b KQkq - 0 13
f5e6,r2qkb1r/2p2pp1/2p5/p4b2/P2p1Pn1/2PPp1P1/NPQ1P1BP/R1B1K2R b KQkq - 2 14
e8e7,r2qkb1r/2p2pp1/2B1b3/p7/P2p1Pn1/2PPp1P1/NPQ1P2P/R1B1K2R b KQkq - 0 15
e7f6,r2q1b1r/2p1kpp1/2B1b3/p7/P2P1Pn1/3Pp1P1/NPQ1P2P/R1B1K2R b KQ - 0 16
d8a8,B2q1b1r/2p2pp1/4bk2/p7/P2P1Pn1/3Pp1P1/NPQ1P2P/R1B1K2R b KQ - 0 17
a8d5,q4b1r/2p2pp1/4bk2/p2P4/P4Pn1/3Pp1P1/NPQ1P2P/R1B1K2R b KQ - 0 18
h8h2,5b1r/2p2pp1/4bk2/p2q4/P4Pn1/3Pp1P1/NPQ1P2P/R1B1K1R1 b Q - 1 19
f6g6,5b2/2p2pp1/4bk2/p2q4/P4Pn1/1P1Pp1P1/N1Q1P2r/R1B1K1R1 b Q - 0 20
g4f2,5b2/2p2pp1/4b1k1/p2q4/P4Pn1/1P1Pp1P1/NBQ1P2r/R3K1R1 b Q - 2 21
e6f5,5b2/2p2pp1/4b1k1/p2q4/P2P1P2/1P2p1P1/NBQ1Pn1r/R3K1R1 b Q - 0 22
d5g2,5b2/2p2pp1/6k1/p2q1b2/P2P1P2/1PQ1p1P1/NB2Pn1r/R3K1R1 b Q - 2 23
g2g1,5b2/2p2pp1/6k1/p4b2/P2P1P2/1P2Q1P1/NB2Pnqr/R3K1R1 b Q - 0 24
g1g2,5b2/2p2pp1/6k1/p4b2/P2P1P2/1P2Q1P1/NB1KPn1r/R5q1 b - - 1 25
f8b4,5b2/2p2pp1/6k1/p4b2/P2P1P2/1PN1Q1P1/1B1KPnqr/R7 b - - 3 26
g2f3,8/2p2pp1/6k1/p4b2/Pb1P1P2/1PN2QP1/1B1KPnqr/R7 b - - 5 27
f2d3,8/2p2pp1/6k1/p4b2/Pb1P1P2/1PN2PP1/1B1K1n1r/R7 b - - 0 28
d3b2,8/2p2pp1/6k1/p4b2/Pb1P1P2/1PNnKPP1/1B5r/R7 b - - 2 29
f3d4,r1bq1rk1/pp3ppp/4pn2/2bp4/3nPB2/3B1N2/PPPNQPPP/R3K2R w KQ - 1 10
e4e5,r1bq1rk1/pp3ppp/4pn2/3p4/3bPB2/3B4/PPPNQPPP/R3K2R w KQ - 0 11
c2c3,r1bq1rk1/pp1n1ppp/4p3/3pP3/3b1B2/3B4/PPPNQPPP/R3K2R w KQ - 1 12
e1g1,r1bq1rk1/pp1n1ppp/1b2p3/3pP3/5B2/2PB4/PP1NQPPP/R3K2R w KQ - 1 13
d3c2,r1bq1rk1/pp3ppp/1b2p3/2npP3/5B2/2PB4/PP1NQPPP/R4RK1 w - - 3 14
d2f3,r1bq1rk1/1p3ppp/1b2p3/p1npP3/5B2/2P5/PPBNQPPP/R4RK1 w - - 0 15
f3d4,r1bq1rk1/1p3pp1/1b2p2p/p1npP3/5B2/2P2N2/PPB1QPPP/R4RK1 w - - 0 16
e2g4,r1bq1rk1/1p3pp1/1b2p2p/2npP3/p2N1B2/2P5/PPB1QPPP/R4RK1 w - - 0 17
a1e1,r1bq1r1k/1p3pp1/1b2p2p/2npP3/p2N1BQ1/2P5/PPB2PPP/R4RK1 w - - 2 18
e5f6,r1bq1r1k/1p4p1/1b2p2p/2npPp2/p2N1BQ1/2P5/PPB2PPP/4RRK1 w - f6 0 19
f4e5,r1b2r1k/1p4p1/1b2pq1p/2np4/p2N1BQ1/2P5/PPB2PPP/4RRK1 w - - 0 20
g4g5,r1b2r1k/1p4p1/1b2p2p/2npB1q1/p2N2Q1/2P5/PPB2PPP/4RRK1 w - - 2 21
e1e3,r1b2r1k/1p4p1/1b2p3/2npB1p1/p2N4/2P5/PPB2PPP/4RRK1 w - - 0 22
e3h3,r4r1k/1p1b2p1/1b2p3/2npB1p1/p2N4/2P1R3/PPB2PPP/5RK1 w - - 2 23
c2h7,r4rk1/1p1b2p1/1b2p3/2npB1p1/p2N4/2P4R/PPB2PPP/5RK1 w - - 4 24
e5d6,r4r2/1p1b1kpB/1b2p3/2npB1p1/p2N4/2P4R/PP3PPP/5RK1 w - - 6 25
h3f3,r6r/1p1b1kpB/1b1Bp3/2np2p1/p2N4/2P4R/PP3PPP/5RK1 w - - 8 26
h7g6,r3k2r/1p1b2pB/1b1Bp3/2np2p1/p2N4/2P2R2/PP3PPP/5RK1 w - - 10 27
d6e5,r2k3r/1p1b2p1/1b1Bp1B1/2np2p1/p2N4/2P2R2/PP3PPP/5RK1 w - - 12 28
g6e4,r2k3r/1p1b2p1/1b2p1B1/3pB1p1/p2Nn3/2P2R2/PP3PPP/5RK1 w - - 14 29
e8c8,r3k2r/ppp2ppp/2n2n2/3q4/3Pp1b1/B1P1P3/P1QN1PPP/R3KB1R b KQkq - 2 10
d5a5,2kr3r/ppp2ppp/2n2n2/3q4/2BPp1b1/B1P1P3/P1QN1PPP/R3K2R b KQ - 4 11
f6d5,2kr3r/ppp2ppp/2n2n2/q7/2BPp1b1/B1P1P3/PQ1N1PPP/R3K2R b KQ - 6 12
h8e8,2kr3r/ppp2ppp/2n5/q2n4/2BPp1b1/B1P1P3/PQ1N1PPP/2R1K2R b K - 8 13
a5b6,2krr3/ppp2ppp/2n5/q2n4/2BPp1b1/BNP1P3/PQ3PPP/2R1K2R b K - 10 14
c6a5,2krr3/ppp2ppp/1qn5/2Bn4/2BPp1b1/1NP1P3/PQ3PPP/2R1K2R b K - 12 15
b6a6,2krr3/ppp2ppp/1q6/n1BB4/3Pp1b1/1NP1P3/PQ3PPP/2R1K2R b K - 0 16
d8d5,2krr3/ppp2ppp/q7/N1BB4/3Pp1b1/2P1P3/PQ3PPP/2R1K2R b K - 0 17
a6c4,2k1r3/ppp2ppp/q7/2Br4/3Pp1b1/1NP1P3/PQ3PPP/2R1K2R b K - 1 18
g4h5,2k1r3/ppp2ppp/8/2Br4/2qPp1b1/1NP1P2P/PQ3PP1/2R1K2R b K - 0 19
h5g6,2k1r3/ppp2ppp/8/2Br3b/2qPp1P1/1NP1P2P/PQ3P2/2R1K2R b K - 0 20
c4a4,2k1r3/ppp2ppp/6b1/2Br4/2qPp1P1/1NP1P2P/P3QP2/2R1K2R b K - 2 21
d5d7,2k1r3/ppp2ppp/6b1/2Br4/q1PPp1P1/1N2P2P/P3QP2/2R1K2R b K - 0 22
b7b6,2k1r3/pppr1ppp/6b1/2B5/q1PPp1P1/1N2P2P/PQ3P2/2R1K2R b K - 2 23
a4c6,2k1r3/p1pr1ppp/1p4b1/2B5/q1PPp1P1/QN2P2P/P4P2/2R1K2R b K - 1 24
b6c5,2k1r3/Q1pr1ppp/1pq3b1/2B5/2PPp1P1/1N2P2P/P4P2/2R1K2R b K - 0 25
c6b6,2k1r3/Q1pr1ppp/2q3b1/N1p5/2PPp1P1/4P2P/P4P2/2R1K2R b K - 1 26
b6b8,Q1k1r3/2pr1ppp/1q4b1/N1p5/2PPp1P1/4P2P/P4P2/2R1K2R b K - 3 27
c8d8,1qk1r3/2pr1ppp/Q5b1/N1p5/2PPp1P1/4P2P/P4P2/2R1K2R b K - 5 28
f1d3,r1b1k2r/pp1pppbp/1qn3p1/8/3pP3/5NP1/PPPB1PP1/R2QKB1R w KQkq - 1 10
a1b1,r1b1k2r/pp2ppbp/1qnp2p1/8/3pP3/3B1NP1/PPPB1PP1/R2QK2R w KQkq - 0 11
b2b4,r3k2r/pp2ppbp/1qnp2p1/8/3pP1b1/3B1NP1/PPPB1PP1/1R1QK2R w Kkq - 2 12
a2a4,2r1k2r/pp2ppbp/1qnp2p1/8/1P1pP1b1/3B1NP1/P1PB1PP1/1R1QK2R w Kk - 1 13
g2f3,2r1k2r/pp2ppbp/1qnp2p1/8/PP1pP3/3B1bP1/2PB1PP1/1R1QK2R w Kk - 0 14
f3f4,2r1k2r/1p2ppbp/pqnp2p1/8/PP1pP3/3B1PP1/2PB1P2/1R1QK2R w Kk - 0 15
d1g4,1nr1k2r/1p2ppbp/pq1p2p1/8/PP1pPP2/3B2P1/2PB1P2/1R1QK2R w Kk - 1 16
a4a5,2r1k2r/1p1nppbp/pq1p2p1/8/PP1pPPQ1/3B2P1/2PB1P2/1R2K2R w Kk - 3 17
b4b5,2r1k2r/1pqnppbp/p2p2p1/P7/1P1pPPQ1/3B2P1/2PB1P2/1R2K2R w Kk - 1 18
b5b6,2r1k2r/1pq1ppbp/p2p2p1/PPn5/3pPPQ1/3B2P1/2PB1P2/1R2K2R w Kk - 1 19
g4e2,2r1k2r/1p1qppbp/pP1p2p1/P1n5/3pPPQ1/3B2P1/2PB1P2/1R2K2R w Kk - 1 20
e1g1,2r1k2r/1p2ppbp/pP1p2p1/P1n5/q2pPP2/3B2P1/2PBQP2/1R2K2R w Kk - 3 21
b1b4,2r1k2r/1p2ppb1/pP1p2p1/P1n4p/q2pPP2/3B2P1/2PBQP2/1R3RK1 w k - 0 22
b4c4,2r1k2r/1p2ppb1/pPqp2p1/P1n4p/1R1pPP2/3B2P1/2PBQP2/5RK1 w k - 2 23
g3g4,2r1k2r/1p2ppb1/pPqp2p1/P1n5/2RpPP1p/3B2P1/2PBQP2/5RK1 w k - 0 24
f2f3,2r1k2r/1p2ppb1/pPqp2p1/P1n5/2RpPPP1/3B3p/2PBQP2/5RK1 w k - 0 25
g1h1,2r1k2r/1p1qppb1/pP1p2p1/P1n5/2RpPPP1/3B1P1p/2PBQ3/5RK1 w k - 1 26
c4c8,2r1k2r/1p1qppb1/pP1p2p1/P7/2RpPPP1/3n1P1p/2PBQ3/5R1K w k - 0 27
c2d3,2q1k2r/1p2ppb1/pP1p2p1/P7/3pPPP1/3n1P1p/2PBQ3/5R1K w k - 0 28
f1c1,2q4r/1p1kppb1/pP1p2p1/P7/3pPPP1/3P1P1p/3BQ3/5R1K w - - 1 29
e8c8,r3k2r/ppp1qppp/3bpn2/3pn3/1P6/P2PP2P/1BP1BPP1/RN1QK2R b KQkq - 0 10
h8g8,2kr3r/ppp1qppp/3bpn2/3pn3/1P6/P2PP2P/1BPNBPP1/R2QK2R b KQ - 2 11
e5f3,2kr2r1/ppp1qppp/3bpn2/3pn3/1P6/P2PPN1P/1BP1BPP1/R2QK2R b KQ - 4 12
e6e5,2kr2r1/ppp1qppp/3bpn2/3p4/1P6/P2PPB1P/1BP2PP1/R2QK2R b KQ - 0 13
g7g5,2kr2r1/ppp1qppp/3b1n2/3pp3/1P6/P2PP2P/1BP1BPP1/R2QK2R b KQ - 1 14
c8b8,2kr2r1/ppp1qp1p/3b1n2/3pp1p1/1P4B1/P2PP2P/1BP2PP1/R2QK2R b KQ - 1 15
h7h5,1k1r2r1/ppp1qp1p/3b1n2/3ppBp1/1P6/P2PP2P/1BP2PP1/R2QK2R b KQ - 3 16
h5g4,1k1r2r1/ppp1qp2/3b1n2/3ppBpp/1P4P1/P2PP2P/1BP2P2/R2QK2R b KQ - 0 17
d6b4,1k1r2r1/ppp1qp2/3b1n2/3ppBp1/1P4P1/P2PP3/1BP2P2/R2QK2R b KQ - 0 18
e7b4,1k1r2r1/ppp1qp2/5n2/3ppBp1/1P4P1/3PP3/1BP2P2/R2QK2R b KQ - 0 19
b4b2,1k1r2r1/ppp2p2/5n2/3ppBp1/1q4P1/3PP3/1BP1KP2/R2Q3R b - - 1 20
d5d4,1k1r2r1/ppp2p2/5n2/3ppBp1/6P1/3PP3/1qPQKP2/R6R b - - 1 21
b2c3,1k1r2r1/ppp2p2/5n2/4pBp1/3p2P1/3PP3/1qPQKP2/RR6 b - - 1 22
d4e3,1k1r2r1/ppp2p2/5n2/4pBp1/3p2P1/2qPP3/2P1KP2/RRQ5 b - - 3 23
g8h8,1k1r2r1/ppp2p2/5n2/4pBp1/6P1/2qPP3/2P1K3/RRQ5 b - - 0 24
h8h2,1k1r3r/ppp2p2/5n2/4pBp1/6P1/1RqPP3/2P1K3/R1Q5 b - - 2 25
e5e4,1k1r4/ppp2p2/5n2/4pBp1/6P1/1RqPPK2/2P4r/R1Q5 b - - 4 26
d8h8,1k1r4/ppp2p2/5n2/5Bp1/4P1P1/1Rq1PK2/2P4r/R1Q5 b - - 0 27
h8h3,1k5r/ppp2p2/5n2/5Bp1/4P1P1/2R1PK2/2P4r/R1Q5 b - - 0 28
h1g1,rn1qkb1r/ppp1pp2/1n1p2p1/4P2p/2PP2bP/2NB1N2/PP3P2/R1BQK2R w KQkq - 2 10
e5e6,r2qkb1r/ppp1pp2/1nnp2p1/4P2p/2PP2bP/2NB1N2/PP3P2/R1BQK1R1 w Qkq - 4 11
d3g6,r2qkb1r/ppp1p3/1nnpp1p1/7p/2PP2bP/2NB1N2/PP3P2/R1BQK1R1 w Qkq - 0 12
d4d5,r2q1b1r/pppkp3/1nnpp1B1/7p/2PP2bP/2N2N2/PP3P2/R1BQK1R1 w Q - 1 13
d5c6,r2q3r/pppkp1b1/1nnpp1B1/3P3p/2P3bP/2N2N2/PP3P2/R1BQK1R1 w Q - 1 14
d1e2,r2q3r/p1pkp1b1/1nppp1B1/7p/2P3bP/2N2N2/PP3P2/R1BQK1R1 w Q - 0 15
g1g4,r4q1r/p1pkp1b1/1nppp1B1/7p/2P3bP/2N2N2/PP2QP2/R1B1K1R1 w Q - 2 16
f3g5,r4q1r/p1pkp1b1/1nppp1B1/8/2P3pP/2N2N2/PP2QP2/R1B1K3 w Q - 0 17
b2c3,r4q1r/p1pkp3/1nppp1B1/6N1/2P3pP/2b5/PP2QP2/R1B1K3 w Q - 0 18
h4h5,r6r/p1pkp3/1npppqB1/6N1/2P3pP/2P5/P3QP2/R1B1K3 w Q - 1 19
g5e4,6rr/p1pkp3/1npppqB1/6NP/2P3p1/2P5/P3QP2/R1B1K3 w Q - 1 20
c4c5,6rr/p1pkp3/1nppp1B1/4q2P/2P1N1p1/2P5/P3QP2/R1B1K3 w Q - 3 21
c5d6,6rr/p1pkp3/2ppp1B1/2Pnq2P/4N1p1/2P5/P3QP2/R1B1K3 w Q - 1 22
e4c5,6rr/p2kp3/2ppp1B1/3nq2P/4N1p1/2P5/P3QP2/R1B1K3 w Q - 0 23
c5e6,6rr/p1k1p3/2ppp1B1/2Nnq2P/6p1/2P5/P3QP2/R1B1K3 w Q - 2 24
e6c5,6rr/p2kp3/2ppN1B1/3nq2P/6p1/2P5/P3QP2/R1B1K3 w Q - 1 25
e2e5,6rr/p1k1p3/2pp2B1/2Nnq2P/6p1/2P5/P3QP2/R1B1K3 w Q - 3 26
a1b1,6rr/p1k1p3/2p3B1/2Nnp2P/6p1/2P5/P4P2/R1B1K3 w Q - 0 27
b1b7,6rr/p1k1p3/2p3B1/2N1p2P/6p1/2n5/P4P2/1RB1K3 w - - 0 28
c1a3,6rr/pR2p3/2pk2B1/2N1p2P/6p1/2n5/P4P2/2B1K3 w - - 2 29
d8c8,r2q1rk1/bppb1ppp/p1np1n2/4p3/1PP5/P1N2NP1/1B1PPPBP/2RQ1RK1 b - - 4 10
d7h3,r1q2rk1/bppb1ppp/p1np1n2/4p3/1PP5/P1N2NP1/1B1PPPBP/2RQR1K1 b - - 6 11
c8f5,r1q2rk1/bpp2ppp/p1np1n2/4p3/1PP5/P1N2NPb/1B1PPP1P/2RQR1KB b - - 8 12
a8e8,r4rk1/bpp2ppp/p1np1n2/4pq2/1PP5/P1N1PNPb/1B1P1P1P/2RQR1KB b - - 0 13
h3g4,4rrk1/bpp2ppp/p1np1n2/3Npq2/1PP5/P3PNPb/1B1P1P1P/2RQR1KB b - - 2 14
f5d7,4rrk1/bpp2ppp/p1np1n2/3Npq2/1PP3bN/P3P1P1/1B1P1P1P/2RQR1KB b - - 4 15
g7f6,4rrk1/bppq1ppp/p1np1N2/4p3/1PP3bN/P3P1P1/1B1P1P1P/2RQR1KB b - - 0 16
g4h3,4rrk1/bppq1p1p/p1np1p2/4p3/1PP3bN/P3PBP1/1B1P1P1P/2RQR1K1 b - - 1 17
a6b5,4rrk1/bppq1p1p/p1np1p2/1P2p3/2P4N/P3PBPb/1B1P1P1P/2RQR1K1 b - - 0 18
c6d8,4rrk1/bppq1p1p/2np1p2/1P2p3/7N/P3PBPb/1B1P1P1P/2RQR1K1 b - - 0 19
a7b6,3nrrk1/bppq1p1p/3p1p2/1P2p3/P6N/4PBPb/1B1P1P1P/2RQR1K1 b - - 0 20
f6f5,3nrrk1/1ppq1p1p/1b1p1p2/1P2p3/P6N/4PBPb/1BQP1P1P/2R1R1K1 b - - 2 21
h3g2,3nrrk1/1ppq1p1p/1b1p4/1P2pp2/P6N/4P1Pb/1BQP1PBP/2R1R1K1 b - - 1 22
f5f4,3nrrk1/1ppq1p1p/1b1p4/1P2pp2/P6N/4P1P1/1BQP1PKP/2R1R3 b - - 0 23
f7f6,3nrrk1/1ppq1p1p/1b1p4/1P2p3/P4P1N/6P1/1BQP1PKP/2R1R3 b - - 0 24
d7g7,3nrrk1/1ppq3p/1b1p1p2/1P2pQ2/P4P1N/6P1/1B1P1PKP/2R1R3 b - - 1 25
d8e6,3nrrk1/1pp3qp/1b1p1p2/1P2p2Q/P4P1N/6P1/1B1P1PKP/2R1R3 b - - 3 26
e6f4,4rrk1/1pp3qp/1b1pnp2/1P2pN1Q/P4P2/6P1/1B1P1PKP/2R1R3 b - - 5 27
f1e1,rn1qkb1r/3p1ppp/p3pn2/8/NpBPb3/5N2/PPP2PPP/R1BQ1RK1 w kq - 1 10
c4d3,rn1qkb1r/5ppp/p3pn2/3p4/NpBPb3/5N2/PPP2PPP/R1BQR1K1 w kq - 0 11
c1g5,rn1qk2r/5ppp/p2bpn2/3p4/Np1Pb3/3B1N2/PPP2PPP/R1BQR1K1 w kq - 2 12
d1d3,rn1qk2r/5ppp/p2bpn2/3p2B1/Np1P4/3b1N2/PPP2PPP/R2QR1K1 w kq - 0 13
f3e5,r2qk2r/3n1ppp/p2bpn2/3p2B1/Np1P4/3Q1N2/PPP2PPP/R3R1K1 w kq - 1 14
b2b3,r3k2r/3n1ppp/p2bpn2/q2pN1B1/Np1P4/3Q4/PPP2PPP/R3R1K1 w kq - 3 15
d4e5,r3k2r/3n1ppp/p3pn2/q2pb1B1/Np1P4/1P1Q4/P1P2PPP/R3R1K1 w kq - 0 16
e1e4,r3k2r/3n1ppp/p3p3/q2pP1B1/Np2n3/1P1Q4/P1P2PPP/R3R1K1 w kq - 1 17
d3d6,r3k2r/3n1ppp/p3p3/q3P1B1/Np2p3/1P1Q4/P1P2PPP/R5K1 w kq - 0 18
d6e6,r3k2r/3n2pp/p2Qpp2/q3P1B1/Np2p3/1P6/P1P2PPP/R5K1 w kq - 0 19
e5f6,r4k1r/3n2pp/p3Qp2/q3P1B1/Np2p3/1P6/P1P2PPP/R5K1 w - - 1 20
g5f4,r4k1r/6pp/p3Qn2/q5B1/Np2p3/1P6/P1P2PPP/R5K1 w - - 0 21
f4d6,3r1k1r/6pp/p3Qn2/q7/Np2pB2/1P6/P1P2PPP/R5K1 w - - 2 22
e6d6,5k1r/6pp/p2rQn2/q7/Np2p3/1P6/P1P2PPP/R5K1 w - - 0 23
a1d1,7r/5kpp/p2Q1n2/q7/Np2p3/1P6/P1P2PPP/R5K1 w - - 1 24
a4b6,2r5/5kpp/p2Q1n2/q7/Np2p3/1P6/P1P2PPP/3R2K1 w - - 3 25
b6c4,8/5kpp/pN1Q1n2/q7/1p2p3/1P6/P1r2PPP/3R2K1 w - - 0 26
b3c4,8/5kpp/p2Q1n2/q7/1pr1p3/1P6/P4PPP/3R2K1 w - - 0 27
c4c5,8/5kpp/p2Q1n2/8/1pP1p3/8/q4PPP/3R2K1 w - - 0 28
d6c7,8/5kpp/p2Q1n2/2P5/4p3/1p6/q4PPP/3R2K1 w - - 0 29
c5b6,r2qk2r/ppp2ppp/2n2nb1/2bp4/8/3N1PP1/PPP1P1BP/RNBQ1R1K b kq - 4 10
h7h6,r2qk2r/ppp2ppp/1bn2nb1/3p2B1/8/3N1PP1/PPP1P1BP/RN1Q1R1K b kq - 6 11
g6d3,r2qk2r/ppp2pp1/1bn2nbp/3p4/7B/3N1PP1/PPP1P1BP/RN1Q1R1K b kq - 1 12
g7g5,r2qk2r/ppp2pp1/1bn2n1p/3p4/7B/3P1PP1/PPP3BP/RN1Q1R1K b kq - 0 13
e8f8,r2qk2r/ppp2p2/1bn2n1p/3p2p1/7B/3P1PP1/PPP3BP/RN1QR2K b kq - 1 14
f1d3,r1q1kb1r/1p3ppp/p1n1pn2/2ppN3/Q2P1B2/2P1P3/PP3PPP/R3KB1R w KQkq - 2 10
a4d1,r1q1kb1r/5ppp/p1n1pn2/1pppN3/Q2P1B2/2PBP3/PP3PPP/R3K2R w KQkq - 0 11
e1g1,r1q1k2r/4bppp/p1n1pn2/1pppN3/3P1B2/2PBP3/PP3PPP/R2QK2R w KQkq - 2 12
d1f3,r1q2rk1/4bppp/p1n1pn2/1pppN3/3P1B2/2PBP3/PP3PPP/R2Q1RK1 w - - 4 13
d4e5,r1q2rk1/4bppp/p3pn2/1pppn3/3P1B2/2PBPQ2/PP3PPP/R4RK1 w - - 0 14
f3h3,r1q2rk1/3nbppp/p3p3/1pppP3/5B2/2PBPQ2/PP3PPP/R4RK1 w - - 1 15
f4h6,r1q2rk1/3nbp1p/p3p1p1/1pppP3/5B2/2PBP2Q/PP3PPP/R4RK1 w - - 0 16
f2f4,r1q1r1k1/3nbp1p/p3p1pB/1pppP3/8/2PBP2Q/PP3PPP/R4RK1 w - - 2 17
c3c4,r1q1r1k1/3nbp1p/p3p1pB/2ppP3/1p3P2/2PBP2Q/PP4PP/R4RK1 w - - 0 18
c4d5,r1q1r1k1/4bp1p/pn2p1pB/2ppP3/1pP2P2/3BP2Q/PP4PP/R4RK1 w - - 1 19
e3e4,r1q1r1k1/4bp1p/p3p1pB/2pnP3/1p3P2/3BP2Q/PP4PP/R4RK1 w - - 0 20
f4f5,r1q1r1k1/4bp1p/pn2p1pB/2p1P3/1p2PP2/3B3Q/PP4PP/R4RK1 w - - 1 21
d3e2,r1q1r1k1/4bp1p/pn2p1pB/4PP2/1pp1P3/3B3Q/PP4PP/R4RK1 w - - 0 22
g1h1,r1q1r1k1/5p1p/pn2p1pB/2b1PP2/1pp1P3/7Q/PP2B1PP/R4RK1 w - - 2 23
e4f5,r1q1r1k1/5p1p/pn4pB/2b1Pp2/1pp1P3/7Q/PP2B1PP/R4R1K w - - 0 24
e2g4,r1q3k1/5p1p/pn4pB/2b1rP2/1pp5/7Q/PP2B1PP/R4R1K w - - 0 25
f5g6,r3q1k1/5p1p/pn4pB/2b1rP2/1pp3B1/7Q/PP4PP/R4R1K w - - 2 26
h6f4,r3q1k1/5p2/pn4pB/2b1r3/1pp3B1/7Q/PP4PP/R4R1K w - - 0 27
f4g5,r3q1k1/5p2/pn4p1/2b5/1pp1rBB1/7Q/PP4PP/R4R1K w - - 2 28
g5h6,r3q1k1/4bp2/pn4p1/6B1/1pp1r1B1/7Q/PP4PP/R4R1K w - - 4 29
e8g8,r2qk2r/pppn1ppp/4pn2/8/2PP4/2N2N2/PP1Q1PPP/R3K2R b KQkq - 2 10
c7c6,r2q1rk1/pppn1ppp/4pn2/8/2PP4/2N2N2/PP1Q1PPP/2KR3R b - - 4 11
b7b5,r2q1rk1/pp1n1ppp/2p1pn2/8/2PP4/2N2N2/PP1Q1PPP/1K1R3R b - - 1 12
c6b5,r2q1rk1/p2n1ppp/2p1pn2/1P6/3P4/2N2N2/PP1Q1PPP/1K1R3R b - - 0 13
a8b8,r2q1rk1/p2n1ppp/4pn2/1N6/3P4/5N2/PP1Q1PPP/1K1R3R b - - 0 14
d7b6,1r1q1rk1/p2n1ppp/4pn2/8/3P4/2N2N2/PP1Q1PPP/1K1R3R b - - 2 15
d8c7,1r1q1rk1/p4ppp/1n2pn2/4N3/3P4/2N5/PP1Q1PPP/1K1R3R b - - 4 16
c7b7,1r3rk1/p1q2ppp/1n2pn2/1N2N3/3P4/8/PP1Q1PPP/1K1R3R b - - 6 17
b6d5,1r3rk1/pq3ppp/1n1Npn2/4N3/3P4/8/PP1Q1PPP/1K1R3R b - - 8 18
b8c6,rn1q1rk1/ppp1bppp/1n2p3/7b/2PP4/1PN2N1P/P3BPP1/R1BQ1RK1 b - - 0 10
f7f5,r2q1rk1/ppp1bppp/1nn1p3/7b/2PP4/1PN1BN1P/P3BPP1/R2Q1RK1 b - - 2 11
e6d5,r2q1rk1/ppp1b1pp/1nn1p3/3P1p1b/2P5/1PN1BN1P/P3BPP1/R2Q1RK1 b - - 0 12
h5f3,r2q1rk1/ppp1b1pp/1nn5/3P1p1b/8/1PN1BN1P/P3BPP1/R2Q1RK1 b - - 0 13
c6e5,r2q1rk1/ppp1b1pp/1nn5/3P1p2/8/1PN1BB1P/P4PP1/R2Q1RK1 b - - 0 14
e7d6,r2q1rk1/ppp1b1pp/1n6/3Pnp2/5B2/1PN2B1P/P4PP1/R2Q1RK1 b - - 2 15
d8f6,r2q1rk1/ppp3pp/1n1b4/3Pnp2/5B2/1PN2B1P/P4PP1/R2QR1K1 b - - 4 16
a7a6,r4rk1/ppp3pp/1n1b1q2/3Pnp2/5B2/1PN2B1P/P4PP1/2RQR1K1 b - - 6 17
a8d8,r4rk1/1pp3pp/pn1b1q2/3Pnp2/5B2/1PN4P/P3BPP1/2RQR1K1 b - - 1 18
h7h6,3r1rk1/1pp3pp/pn1b1q2/3Pnp2/5B2/1PN4P/P2QBPP1/2R1R1K1 b - - 3 19
f8e8,3r1rk1/1pp3p1/pn1b1q1p/3Pnp2/5B2/1PN4P/P2Q1PP1/2R1RBK1 b - - 1 20
f6g6,3rr1k1/1pp3p1/pn1b1q1p/3Pnp2/5B2/1P5P/P2QNPP1/2R1RBK1 b - - 3 21
d6a3,3rr1k1/1pp3p1/pn1b2qp/3Pnp2/8/1P4BP/P2QNPP1/2R1RBK1 b - - 5 22
a3c1,3rr1k1/1pp3p1/pn4qp/3Pnp2/5N2/bP4BP/P2Q1PP1/2R1RBK1 b - - 7 23
g6f7,3rr1k1/1pp3p1/pn4qp/3Pnp2/5N2/1P4BP/P4PP1/2Q1RBK1 b - - 0 24
d8d5,3rr1k1/1pp2qp1/pn2N2p/3Pnp2/8/1P4BP/P4PP1/2Q1RBK1 b - - 2 25
e5f3,4r1k1/1pN2qp1/pn5p/3rnp2/8/1P4BP/P4PP1/2Q1RBK1 b - - 0 26
e8e1,4r1k1/1pN2qp1/pn5p/3r1p2/8/1P3PBP/P4P2/2Q1RBK1 b - - 0 27
d5d7,6k1/1pN2qp1/pn5p/3r1p2/8/1P3PBP/P4P2/4QBK1 b - - 0 28
d7c7,6k1/1pNr1qp1/pn5p/5p2/8/1P2QPBP/P4P2/5BK1 b - - 2 29
f1b5,r3k2r/1p1q1ppp/p1n1pn2/2bp1b2/Q2N1B2/2P1P3/PP1N1PPP/R3KB1R w KQkq - 2 10
c3d4,r3k2r/1p1q1ppp/p1n1pn2/1B1p1b2/Q2b1B2/2P1P3/PP1N1PPP/R3K2R w KQkq - 0 11
b5c6,r4rk1/1p1q1ppp/p1n1pn2/1B1p1b2/Q2P1B2/4P3/PP1N1PPP/R3K2R w KQ - 1 12
e1g1,r4rk1/3q1ppp/p1p1pn2/3p1b2/Q2P1B2/4P3/PP1N1PPP/R3K2R w KQ - 0 13
d2b3,r4rk1/1q3ppp/p1p1pn2/3p1b2/Q2P1B2/4P3/PP1N1PPP/R4RK1 w - - 2 14
a1c1,r1r3k1/1q3ppp/p1p1pn2/3p1b2/Q2P1B2/1N2P3/PP3PPP/R4RK1 w - - 4 15
a4a5,r1r3k1/1q1n1ppp/p1p1p3/3p1b2/Q2P1B2/1N2P3/PP3PPP/2R2RK1 w - - 6 16
f1d1,r1r3k1/1q1n1ppp/p1p1p3/Q2p4/3P1B2/1N1bP3/PP3PPP/2R2RK1 w - - 8 17
b3d2,r1r3k1/1q1n1ppp/p1p1p3/Q2p4/2bP1B2/1N2P3/PP3PPP/2RR2K1 w - - 10 18
d2c4,r1r3k1/3n1ppp/p1p1p3/Q2p4/2bP1B2/4P3/Pq1N1PPP/2RR2K1 w - - 0 19
c1c4,r1r3k1/3n1ppp/p1p1p3/Q7/2pP1B2/4P3/Pq3PPP/2RR2K1 w - - 0 20
c4c1,r1r3k1/3n1pp1/p1p1p2p/Q7/2RP1B2/4P3/Pq3PPP/3R2K1 w - - 0 21
a5d2,r1r3k1/3n1pp1/p1p1p2p/Qq6/3P1B2/4P3/P4PPP/2RR2K1 w - - 2 22
c1b1,r1r3k1/3n1pp1/p3p2p/1qp5/3P1B2/4P3/P2Q1PPP/2RR2K1 w - - 0 23
d4d5,r1r3k1/3n1pp1/p3p2p/2p5/q2P1B2/4P3/P2Q1PPP/1R1R2K1 w - - 2 24
d2d5,r1r3k1/3n1pp1/p6p/2pp4/q4B2/4P3/P2Q1PPP/1R1R2K1 w - - 0 25
d5d2,r1r3k1/5pp1/p4n1p/2pQ4/q4B2/4P3/P4PPP/1R1R2K1 w - - 1 26
f4e5,r1r3k1/5pp1/p4n1p/8/q1p2B2/4P3/P2Q1PPP/1R1R2K1 w - - 0 27
d2d4,r1r3k1/5pp1/p4n1p/4B3/q7/2p1P3/P2Q1PPP/1R1R2K1 w - - 0 28
e5f6,r5k1/5pp1/p4n1p/4B3/q1rQ4/2p1P3/P4PPP/1R1R2K1 w - - 2 29
g6e5,r3kbr1/pppqp1pp/2n2nN1/3p4/3P4/2N5/PPP1PP2/R1BQK2R w KQq - 5 10
c1f4,r3kbr1/ppp1p1pp/2nq1n2/3pN3/3P4/2N5/PPP1PP2/R1BQK2R w KQq - 7 11
d1d2,2kr1br1/ppp1p1pp/2nq1n2/3pN3/3P1B2/2N5/PPP1PP2/R2QK2R w KQ - 9 12
c3b5,2kr1br1/ppp1p1pp/2n1qn2/3pN3/3P1B2/2N5/PPPQPP2/R3K2R w KQ - 11 13
d2e3,2kr1br1/ppp1p1pp/2n1q3/1N1pN3/3PnB2/8/PPPQPP2/R3K2R w KQ - 13 14
e3b3,2kr1br1/ppp1p1pp/4q3/1N1pN3/1n1PnB2/4Q3/PPP1PP2/R3K2R w KQ - 15 15
a2a3,2kr1br1/1pp1p1pp/4q3/pN1pN3/1n1PnB2/1Q6/PPP1PP2/R3K2R w KQ - 0 16
a3b4,2kr1br1/1pp1p1pp/8/pN1pNq2/1n1PnB2/PQ6/1PP1PP2/R3K2R w KQ - 1 17
a1a5,2kr1br1/1pp1p1pp/8/pN1pN3/1P1Pnq2/1Q6/1PP1PP2/R3K2R w KQ - 0 18
e1g1,rn2kb1r/1b1pppp1/p3qn1p/1p6/3P1B2/4NN2/PPP1BPPP/R2QK2R w KQkq - 0 10
f4g3,rn2kb1r/1b1ppp2/p3qn1p/1p4p1/3P1B2/4NN2/PPP1BPPP/R2Q1RK1 w kq - 0 11
f1e1,rn2kbr1/1b1ppp2/p3qn1p/1p4p1/3P4/4NNB1/PPP1BPPP/R2Q1RK1 w q - 2 12
d4d5,rn2kbr1/1b1ppp2/p3qn2/1p4pp/3P4/4NNB1/PPP1BPPP/R2QR1K1 w q - 0 13
f3d4,rn2kbr1/1b1ppp2/pq3n2/1p1P2pp/8/4NNB1/PPP1BPPP/R2QR1K1 w q - 1 14
g3b8,rn2kbr1/1b1ppp2/pq3n2/1p1P2p1/3N3p/4N1B1/PPP1BPPP/R2QR1K1 w q - 0 15
d4f5,1r2kbr1/1b1ppp2/pq3n2/1p1P2p1/3N3p/4N3/PPP1BPPP/R2QR1K1 w - - 0 16
e3g4,1r2kbr1/1b1p1p2/pq2pn2/1p1P1Np1/7p/4N3/PPP1BPPP/R2QR1K1 w - - 0 17
e2b5,1r2kbr1/1b1p1p2/pq3n2/1p1P1pp1/6Np/8/PPP1BPPP/R2QR1K1 w - - 0 18
g4f6,1r1k1br1/1b1p1p2/pq3n2/1B1P1pp1/6Np/8/PPP2PPP/R2QR1K1 w - - 1 19
b5c4,1r1k1br1/1b1p1p2/p4q2/1B1P1pp1/7p/8/PPP2PPP/R2QR1K1 w - - 0 20
d1d2,1r1k1br1/1b1p1p2/p4q2/3P1p2/2B3pp/8/PPP2PPP/R2QR1K1 w - - 0 21
b2b4,1r1k2r1/1b1p1p2/p4q2/2bP1p2/2B3pp/8/PPPQ1PPP/R3R1K1 w - - 2 22
g1h1,1r1k2r1/bb1p1p2/p4q2/3P1p2/1PB3pp/8/P1PQ1PPP/R3R1K1 w - - 1 23
f2g3,1r1k2r1/bb1p1p2/p4q2/3P1p2/1PB4p/6p1/P1PQ1PPP/R3R2K w - - 0 24
h2h3,1r1k2r1/bb1p1p2/p4q2/3P1p2/1PB5/6p1/P1PQ2PP/R3R2K w - - 0 25
c4b3,2rk2r1/bb1p1p2/p4q2/3P1p2/1PB5/6pP/P1PQ2P1/R3R2K w - - 1 26
d2f4,2rk2r1/bb1p1p2/p7/3P1p2/1P6/1Bq3pP/P1PQ2P1/R3R2K w - - 3 27
f4h4,2rk2r1/1b1p1p2/p7/3P1p2/1P3Q2/1Bq3pP/P1P2bP1/R3R2K w - - 5 28
h4f4,2r3r1/1bkp1p2/p7/3P1p2/1P5Q/1Bq3pP/P1P2bP1/R3R2K w - - 7 29
h7h6,r1bqk2r/ppp4p/2nb1n2/3p1pB1/P1PPp3/2N3R1/1P2PPPP/3QKBNR b Kkq - 4 10
d8f6,r1bqk2r/ppp5/2nb1B1p/3p1p2/P1PPp3/2N3R1/1P2PPPP/3QKBNR b Kkq - 0 11
f6f7,r1b1k2r/ppp5/2nb1q1p/3N1p2/P1PPp3/6R1/1P2PPPP/3QKBNR b Kkq - 0 12
c8e6,r1b1k2r/ppp2q2/2nb3p/3N1p2/P1PPp3/4P1R1/1P3PPP/3QKBNR b Kkq - 0 13
e8c8,r3k2r/ppp2q2/2nbb2p/3N1p2/P1PPp3/4P1R1/1P2BPPP/3QK1NR b Kkq - 2 14
f7f8,2kr3r/ppp2q2/2nbb2p/3N1p1B/P1PPp3/4P1R1/1P3PPP/3QK1NR b K - 4 15
e6d5,2kr1q1r/ppp5/2nbb1Rp/3N1p1B/P1PPp3/4P3/1P3PPP/3QK1NR b K - 6 16
c6e7,2kr1q1r/ppp5/2nb2Rp/3P1p1B/P2Pp3/4P3/1P3PPP/3QK1NR b K - 0 17
e7d5,2kr1q1r/ppp1n3/3bR2p/3P1p1B/P2Pp3/4P3/1P3PPP/3QK1NR b K - 2 18
d6b4,2kr1q1r/ppp5/3bR2p/3n1p1B/P2Pp3/1Q2P3/1P3PPP/4K1NR b K - 1 19
f8g8,2kr1q1r/ppp5/4R2p/3n1p1B/Pb1Pp3/1Q2P3/1P2KPPP/6NR b - - 3 20
f3e5,r1b1kb1r/pp3ppp/2n1pn2/qBPp4/5B2/4PN2/2PN1PPP/1R1Q1RK1 w kq - 0 10
c2c4,r3kb1r/pp1b1ppp/2n1pn2/qBPpN3/5B2/4P3/2PN1PPP/1R1Q1RK1 w kq - 2 11
d2b3,r3k2r/pp1bbppp/2n1pn2/qBPpN3/2P2B2/4P3/3N1PPP/1R1Q1RK1 w kq - 1 12
e5d7,r2qk2r/pp1bbppp/2n1pn2/1BPpN3/2P2B2/1N2P3/5PPP/1R1Q1RK1 w kq - 3 13
b3a5,r3k2r/pp1qbppp/2n1pn2/1BPp4/2P2B2/1N2P3/5PPP/1R1Q1RK1 w kq - 0 14
b5c6,r4rk1/pp1qbppp/2n1pn2/NBPp4/2P2B2/4P3/5PPP/1R1Q1RK1 w - - 2 15
b1b7,r4rk1/p2qbppp/2p1pn2/N1Pp4/2P2B2/4P3/5PPP/1R1Q1RK1 w - - 0 16
f4d6,r3qrk1/pR2bppp/2p1pn2/N1Pp4/2P2B2/4P3/5PPP/3Q1RK1 w - - 2 17
c5d6,r3qrk1/pR3ppp/2pbpn2/N1Pp4/2P5/4P3/5PPP/3Q1RK1 w - - 0 18
a5c6,r2q1rk1/pR3ppp/2pPpn2/N2p4/2P5/4P3/5PPP/3Q1RK1 w - - 1 19
d1a4,r4rk1/pR3ppp/2Nqpn2/3p4/2P5/4P3/5PPP/3Q1RK1 w - - 0 20
f1d1,r4rk1/pR3ppp/2Nqpn2/8/Q1p5/4P3/5PPP/5RK1 w - - 0 21
h2h3,r4rk1/pR3ppp/2N1pn2/2q5/Q1p5/4P3/5PPP/3R2K1 w - - 2 22
d1d4,r4rk1/pR3ppp/2N1p3/2qn4/Q1p5/4P2P/5PP1/3R2K1 w - - 1 23
d4c4,r4rk1/pR3ppp/2N1p3/2qn4/Q2R4/2p1P2P/5PP1/6K1 w - - 0 24
a4a6,r4rk1/pR3ppp/2Nqp3/3n4/Q1R5/2p1P2P/5PP1/6K1 w - - 2 25
c6e7,r4rk1/pR3ppp/Q1Nqp3/3n4/2R5/4P2P/2p2PP1/6K1 w - - 0 26
b7e7,r4rk1/pR2qppp/Q3p3/3n4/2R5/4P2P/2p2PP1/6K1 w - - 0 27
c4c2,r4rk1/p3nppp/Q3p3/8/2R5/4P2P/2p2PP1/6K1 w - - 0 28
c2c8,2r2rk1/p3nppp/Q3p3/8/8/4P2P/2R2PP1/6K1 w - - 1 29
f3e5,rnb2rk1/pp3ppp/4pn2/2qp4/5P2/3B1N2/PPPN1PPP/R2Q1RK1 w - - 0 10
c2c3,r1b2rk1/pp3ppp/2n1pn2/2qpN3/5P2/3B4/PPPN1PPP/R2Q1RK1 w - - 2 11
d1f3,r4rk1/pp1b1ppp/2n1pn2/2qpN3/5P2/2PB4/PP1N1PPP/R2Q1RK1 w - - 1 12
f3h3,r2r2k1/pp1b1ppp/2n1pn2/2qpN3/5P2/2PB1Q2/PP1N1PPP/R4RK1 w - - 3 13
a1e1,r2rb1k1/pp3ppp/2n1pn2/2qpN3/5P2/2PB3Q/PP1N1PPP/R4RK1 w - - 5 14
e1e3,2rrb1k1/pp3ppp/2n1pn2/2qpN3/5P2/2PB3Q/PP1N1PPP/4RRK1 w - - 7 15
e3g3,2rrb1k1/pp3ppp/1qn1pn2/3pN3/5P2/2PBR2Q/PP1N1PPP/5RK1 w - - 9 16
d2b3,2rrbk2/pp3ppp/1qn1pn2/3pN3/5P2/2PB2RQ/PP1N1PPP/5RK1 w - - 11 17
f1e1,2rrbk2/pp3pp1/1qn1pn1p/3pN3/5P2/1NPB2RQ/PP3PPP/5RK1 w - - 0 18
e5c6,2rrbk2/pp3pp1/1qn1pn1p/4N3/3p1P2/1NPB2RQ/PP3PPP/4R1K1 w - - 0 19
b3d4,2rr1k2/pp3pp1/1qb1pn1p/8/3p1P2/1NPB2RQ/PP3PPP/4R1K1 w - - 0 20
d3g6,2rr1k2/pp3pp1/2b1pn1p/8/3N1P2/2PB2RQ/Pq3PPP/4R1K1 w - - 0 21
g3e3,2rr1k2/pp3pp1/2b1pnBp/8/3N1P2/2P3RQ/P2q1PPP/4R1K1 w - - 2 22
c3d4,2r2k2/pp3pp1/2b1pnBp/8/3r1P2/2P1R2Q/P2q1PPP/4R1K1 w - - 0 23
e3e2,2r2k2/pp3pp1/2b1p1Bp/3n4/3P1P2/4R2Q/P2q1PPP/4R1K1 w - - 1 24
h3a3,2r2k2/pp3pp1/2b1p1Bp/3n4/3q1P2/7Q/P3RPPP/4R1K1 w - - 0 25
e2e4,2r3k1/pp3pp1/2b1p1Bp/3n4/3q1P2/Q7/P3RPPP/4R1K1 w - - 2 26
a3d6,2r3k1/pp3pp1/2b1p1Bp/3n4/4RP2/Q1q5/P4PPP/4R1K1 w - - 4 27
e4e6,2r1b1k1/pp3pp1/3Qp1Bp/3n4/4RP2/2q5/P4PPP/4R1K1 w - - 6 28
d6e6,2r1b1k1/pp4p1/3Qp1Bp/3n4/5P2/2q5/P4PPP/4R1K1 w - - 0 29
d7f6,r2qkb1r/pppn1ppp/2n5/2P1p3/2BP4/4BQ1P/PP3PP1/RN2K2R b KQkq - 1 10
e5e4,r2qkb1r/ppp2ppp/2n2n2/2PPp3/2B5/4BQ1P/PP3PP1/RN2K2R b KQkq - 0 11
c6e5,r2qkb1r/ppp2ppp/2n2n2/2PP4/2B1p3/4B2P/PP3PP1/RN1QK2R b KQkq - 1 12
f8e7,r2qkb1r/ppp2ppp/5n2/2PPn3/2B1p3/2N1B2P/PP3PP1/R2QK2R b KQkq - 3 13
d8d7,r2qk2r/ppp1bppp/5n2/2PPn3/Q1B1p3/2N1B2P/PP3PP1/R3K2R b KQkq - 5 14
c7c6,r3k2r/pppqbppp/5n2/1BPPn3/Q3p3/2N1B2P/PP3PP1/R3K2R b KQkq - 7 15
b7c6,r3k2r/pp1qbppp/2P2n2/1BP1n3/Q3p3/2N1B2P/PP3PP1/R3K2R b KQkq - 0 16
e8g8,r3k2r/p2qbppp/2p2n2/2P1n3/Q3p3/2N1B2P/PP2BPP1/R3K2R b KQkq - 1 17
d7f5,r4rk1/p2qbppp/2p2n2/2P1n3/Q3p3/2N1B2P/PP2BPP1/R4RK1 b - - 3 18
e4f3,r4rk1/p3bppp/2p2n2/2P1nq2/Q3pP2/2N1B2P/PP2B1P1/R4RK1 b - f3 0 19
e7c5,r4rk1/p3bppp/2p2n2/2P1nq2/Q7/2N1BB1P/PP4P1/R4RK1 b - - 0 20
e5f3,r4rk1/p4ppp/2p2n2/2B1nq2/Q7/2N2B1P/PP4P1/R4RK1 b - - 0 21
f5c5,r4rk1/p4ppp/2p2n2/2B2q2/Q7/2N2R1P/PP4P1/R5K1 b - - 0 22
f8e8,r4rk1/p4ppp/2p2n2/2q5/Q7/2N2R1P/PP4P1/R6K b - - 1 23
e8e6,r3r1k1/p4ppp/2p2n2/2q5/Q7/2N2R1P/PP4P1/5R1K b - - 3 24
c5e7,r5k1/p4ppp/2p1rn2/2q2R2/Q7/2N4P/PP4P1/5R1K b - - 5 25
h7h6,r5k1/p3qppp/2p1rn2/5R2/7Q/2N4P/PP4P1/5R1K b - - 7 26
a8e8,r5k1/p3qpp1/2p1rn1p/5R2/8/2N3QP/PP4P1/5R1K b - - 1 27
e7d6,4r1k1/p3qpp1/2p1rn1p/5R2/8/2N2Q1P/PP4P1/5R1K b - - 3 28
e6e1,4r1k1/p4pp1/2pqrn1p/8/5R2/2N2Q1P/PP4P1/5R1K b - - 5 29
g4h5,r2q1rk1/ppp1n1pp/2n5/3p1p2/3P2b1/2N1PNP1/PP2BP1P/R2QK2R b KQ - 0 10
d8d6,r2q1rk1/ppp1n1pp/2n5/3p1p1b/3P4/2N1PNP1/PP2BP1P/R2Q1RK1 b - - 2 11
a7a6,r4rk1/ppp1n1pp/2nq4/3p1p1b/3P4/2N1PNP1/PP2BP1P/2RQ1RK1 b - - 4 12
h5g4,r4rk1/1pp1n1pp/p1nq4/3p1p1b/N2P4/4PNP1/PP2BP1P/2RQ1RK1 b - - 1 13
a8b8,r4rk1/1pp1n1pp/p1nq4/2Np1p2/3P2b1/4PNP1/PP2BP1P/2RQ1RK1 b - - 3 14
g4h3,1r3rk1/1pp1n1pp/p1nq4/2NpNp2/3P2b1/4P1P1/PP2BP1P/2RQ1RK1 b - - 5 15
f8d8,1r3rk1/1pp1n1pp/p1nq4/2NpNp2/3P4/4P1Pb/PP2BP1P/2RQR1K1 b - - 7 16
c6e5,1r1r2k1/1pp1n1pp/p1nq4/2NpNp2/3P1P2/4P1Pb/PP2B2P/2RQR1K1 b - - 0 17
d6h6,1r1r2k1/1pp1n1pp/p2q4/2NpPp2/5P2/4P1Pb/PP2B2P/2RQR1K1 b - - 0 18
g8h8,1r1r2k1/1pp1n1pp/p6q/2NpPp2/5P2/4PBPb/PP5P/2RQR1K1 b - - 2 19
e7c6,1r1r3k/1pp1n1pp/p6q/2NpPp2/5P2/4PBPb/PP2R2P/2RQ2K1 b - - 4 20
c6e7,1r1r3k/1pp3pp/p1n4q/2NpPp2/5P2/4PBPb/PP1R3P/2RQ2K1 b - - 6 21
h3g4,1r1r3k/1pp1n1pp/p6q/2NBPp2/5P2/4P1Pb/PP1R3P/2RQ2K1 b - - 0 22
c7c6,1r1r3k/1pp1n1pp/p6q/2NBPp2/5Pb1/1Q2P1P1/PP1R3P/2R3K1 b - - 2 23
f5e4,1r1r3k/1p2n1pp/p1p4q/2NBPp2/4PPb1/1Q4P1/PP1R3P/2R3K1 b - - 0 24
e7d5,1r1r3k/1p2n1pp/p1p4q/3BP3/4NPb1/1Q4P1/PP1R3P/2R3K1 b - - 0 25
g4e6,1r1r3k/1p4pp/p1pN3q/3nP3/5Pb1/1Q4P1/PP1R3P/2R3K1 b - - 1 26
h6g6,1r1r3k/1p4pp/p1pNb2q/3nP3/5P2/Q5P1/PP1R3P/2R3K1 b - - 3 27
e6f5,1r1r3k/1p4pp/p1pNb1q1/3nP3/5P2/Q5P1/PP1R3P/5RK1 b - - 5 28
g6e6,1r1r3k/1p4pp/p1pN2q1/2QnPb2/5P2/6P1/PP1R3P/5RK1 b - - 7 29
f1d3,r1bqkb1r/1p2ppnp/p5p1/2ppP3/8/2P1PN1P/PP1N1PP1/R2QKB1R w KQkq - 1 10
d1e2,r1bqkb1r/1p2pp1p/p3n1p1/2ppP3/8/2PBPN1P/PP1N1PP1/R2QK2R w KQkq - 3 11
h3h4,r1bqk2r/1p2ppbp/p3n1p1/2ppP3/8/2PBPN1P/PP1NQPP1/R3K2R w KQkq - 5 12
c3d4,r1bqk2r/1p2ppbp/p3n1p1/2p1P3/3p3P/2PBPN2/PP1NQPP1/R3K2R w KQkq - 0 13
e1c1,r1bqk2r/1p2ppbp/p3n1p1/4P3/3p3P/3BPN2/PP1NQPP1/R3K2R w KQkq - 0 14
c1b1,r1bqk2r/1p2pp1p/p3n1pb/4P3/3p3P/3BPN2/PP1NQPP1/2KR3R w kq - 2 15
f2e3,r1bqk2r/1p2pp1p/p3n1pb/4P3/7P/3BpN2/PP1NQPP1/1K1R3R w kq - 0 16
d2c4,r1b1k2r/1p2pp1p/pq2n1pb/4P3/7P/3BPN2/PP1NQ1P1/1K1R3R w kq - 1 17
g2g4,r1b1k2r/qp2pp1p/p3n1pb/4P3/2N4P/3BPN2/PP2Q1P1/1K1R3R w kq - 3 18
c4a5,r1b1k2r/q3pp1p/p3n1pb/1p2P3/2N3PP/3BPN2/PP2Q3/1K1R3R w kq - 0 19
e2e3,r1b1k2r/4pp1p/p3n1pb/Np2P3/6PP/3BqN2/PP2Q3/1K1R3R w kq - 0 20
d3e4,r1b1k2r/4pp1p/p3n1p1/Np2P3/6PP/3BbN2/PP6/1K1R3R w kq - 0 21
a5c6,2b1k2r/r3pp1p/p3n1p1/Np2P3/4B1PP/4bN2/PP6/1K1R3R w k - 2 22
h4h5,2b1k2r/2r1pp1p/p1N1n1p1/1p2P3/4B1PP/4bN2/PP6/1K1R3R w k - 4 23
h5g6,4k2r/1br1pp1p/p1N1n1p1/1p2P2P/4B1P1/4bN2/PP6/1K1R3R w k - 1 24
e4c6,4k2r/2r1pp1p/p1b1n1P1/1p2P3/4B1P1/4bN2/PP6/1K1R3R w k - 0 25
h1h7,4k2r/4pp1p/p1r1n1P1/1p2P3/6P1/4bN2/PP6/1K1R3R w k - 0 26
g6g7,4kr2/4pp1R/p1r1n1P1/1p2P3/6P1/4bN2/PP6/1K1R4 w - - 1 27
h7g7,4kr2/4ppnR/p1r5/1p2P3/6P1/4bN2/PP6/1K1R4 w - - 0 28
g7h7,4kr2/4ppR1/p5r1/1p2P3/6P1/4bN2/PP6/1K1R4 w - - 1 29
c2c3,r1b1k2r/pp2nppp/2n1p3/2qp4/5P2/3B1NP1/PPPN1P1P/R2QK2R w KQkq - 4 10
e1g1,r1b1k2r/pp2n1pp/2n1pp2/2qp4/5P2/2PB1NP1/PP1N1P1P/R2QK2R w KQkq - 0 11
f4e5,r1b1k2r/pp2n1pp/2n2p2/2qpp3/5P2/2PB1NP1/PP1N1P1P/R2Q1RK1 w kq - 0 12
f1e1,r1b1k2r/pp2n1pp/2n5/2qpp3/8/2PB1NP1/PP1N1P1P/R2Q1RK1 w kq - 0 13
d3e4,r1b1k2r/pp2n1pp/2n5/2qp4/4p3/2PB1NP1/PP1N1P1P/R2QR1K1 w kq - 0 14
d2e4,r1b1k2r/pp2n1pp/2n5/2q5/4p3/2P2NP1/PP1N1P1P/R2QR1K1 w kq - 0 15
e4d6,r1b1k2r/pp2n1pp/2n5/7q/4N3/2P2NP1/PP3P1P/R2QR1K1 w kq - 1 16
e1e4,r1b2k1r/pp2n1pp/2nN4/7q/8/2P2NP1/PP3P1P/R2QR1K1 w - - 3 17
d1b3,r1b2k1r/pp2n2p/2nN4/6pq/4R3/2P2NP1/PP3P1P/R2Q2K1 w - - 0 18
e4f4,r1b2k1r/pp2n2p/2nN4/6p1/4R3/1QP2qP1/PP3P1P/R5K1 w - - 0 19
g3f4,r1b2k1r/pp2n2p/2nN4/6p1/5q2/1QP3P1/PP3P1P/R5K1 w - - 0 20
a1e1,r1bn1k1r/pp2n2p/3N4/6p1/5P2/1QP5/PP3P1P/R5K1 w - - 1 21
b3b4,r1bn1k1r/pp2n2p/3N4/8/5p2/1QP5/PP3P1P/4R1K1 w - - 0 22
e1e6,r1b2k1r/pp2n2p/3Nn3/8/1Q3p2/2P5/PP3P1P/4R1K1 w - - 2 23
b4f4,r4k1r/pp2n2p/3Nb3/8/1Q3p2/2P5/PP3P1P/6K1 w - - 0 24
f4f6,r5kr/pp2n2p/3Nb3/8/5Q2/2P5/PP3P1P/6K1 w - - 1 25
c8g4,r1bq1rk1/ppp2ppp/5nn1/3p4/2PP4/2NBP3/PP4PP/R1BQ1RK1 b - - 1 10
f8e8,r2q1rk1/ppp2ppp/5nn1/3p4/2PP2b1/2NBP3/PP4PP/R1B1QRK1 b - - 3 11
g4e6,r2qr1k1/ppp2ppp/5nn1/3p4/2PP2b1/2NBP1Q1/PP4PP/R1B2RK1 b - - 5 12
c7c5,r2qr1k1/ppp2ppp/4bnn1/3p4/2PP4/1PNBP1Q1/P5PP/R1B2RK1 b - - 0 13
c5d4,r2qr1k1/pp3ppp/4bnn1/2pp4/2PP4/1PNBP1QP/P5P1/R1B2RK1 b - - 0 14
d5c4,r2qr1k1/pp3ppp/4bnn1/3p4/2PP4/1PNB2QP/P5P1/R1B2RK1 b - - 0 15
d5b4,r1b1k2r/ppp2ppp/8/3nP3/2P5/8/P3PPPP/R3KBNR b KQkq - 0 10
c8f5,r1b1k2r/ppp2ppp/8/4P3/1nP5/8/P2KPPPP/R4BNR b kq - 2 11
c7c5,r3k2r/ppp2ppp/8/4Pb2/1nP5/2K5/P3PPPP/R4BNR b kq - 4 12
b4c6,r3k2r/pp3ppp/8/2p1Pb2/1nP5/P1K5/4PPPP/R4BNR b kq - 0 13
e8c8,r3k2r/pp3ppp/2n5/2p1Pb2/2P2P2/P1K5/4P1PP/R4BNR b kq - 0 14
d8d7,2kr3r/pp3ppp/2n5/2p1Pb2/2P2P2/P1K2N2/4P1PP/R4B1R b - - 2 15
h8d8,2k4r/pp1r1ppp/2n5/2p1Pb2/2P2P2/P1K1PN2/6PP/R4B1R b - - 0 16
d7d3,2kr4/pp1r1ppp/2n5/2p1Pb2/2P2P2/P1K1PN2/4B1PP/R6R b - - 2 17
d8d3,2kr4/pp3ppp/2n5/2p1Pb2/2P2P2/P1KBPN2/6PP/R6R b - - 0 18
c6a5,2k5/pp3ppp/2n5/2p1Pb2/2P2P2/P2rPN2/1K4PP/R6R b - - 1 19
d3e3,2k5/pp3ppp/8/n1p1Pb2/2P2P2/P2rPN2/1K4PP/2R4R b - - 3 20
f5e6,2k5/pp3ppp/8/n1p1Pb2/2P2P2/P3rN2/1K4PP/2RR4 b - - 1 21
e3e2,2k5/pp3ppp/4b3/n1p1P3/2P2P2/P3r3/1K1N2PP/2RR4 b - - 3 22
e2g2,2k5/pp3ppp/4b3/n1p1P3/2P2P2/P7/1KRNr1PP/3R4 b - - 5 23
a5c4,2k5/pp3ppp/4b3/n1p1P3/2P2P2/P7/1KR3rP/3R1N2 b - - 1 24
g2c2,2k5/pp3ppp/4b3/2p1P3/2n2P2/P7/2R3rP/2KR1N2 b - - 1 25
c4a3,2k5/pp3ppp/4b3/2p1P3/2n2P2/P7/2K4P/3R1N2 b - - 0 26
a3c4,2k5/pp3ppp/4b3/2p1P3/5P2/n7/7P/2KR1N2 b - - 1 27
e6f5,2k5/pp3ppp/4b3/2p1P3/2n2P2/3R4/7P/2K2N2 b - - 3 28
g7g6,2k5/pp3ppp/8/2p1Pb2/2n2P2/6R1/7P/2K2N2 b - - 5 29
f1b5,r2qkb1r/pp1n1ppp/2n1p3/3p4/Q2P1B2/2P2N2/PP3PPP/R3KB1R w KQkq - 2 10
e1g1,r1q1kb1r/pp1n1ppp/2n1p3/1B1p4/Q2P1B2/2P2N2/PP3PPP/R3K2R w KQkq - 4 11
a1e1,r1q1k2r/pp1nbppp/2n1p3/1B1p4/Q2P1B2/2P2N2/PP3PPP/R4RK1 w kq - 6 12
g1h1,r1q2rk1/pp1nbppp/2n1p3/1B1p4/Q2P1B2/2P2N2/PP3PPP/4RRK1 w - - 8 13
b5d3,r1q2rk1/1p1nbppp/p1n1p3/1B1p4/Q2P1B2/2P2N2/PP3PPP/4RR1K w - - 0 14
a4c2,r1q2rk1/3nbppp/p1n1p3/1p1p4/Q2P1B2/2PB1N2/PP3PPP/4RR1K w - - 0 15
e1e3,r1q2rk1/3nbpp1/p1n1p2p/1p1p4/3P1B2/2PB1N2/PPQ2PPP/4RR1K w - - 0 16
f3e5,r1q2rk1/3nbpp1/p1n1p2p/3p4/1p1P1B2/2PBRN2/PPQ2PPP/5R1K w - - 0 17
d4e5,r1q2rk1/4bpp1/p1n1p2p/3pn3/1p1P1B2/2PBR3/PPQ2PPP/5R1K w - - 0 18
b2c3,r1q2rk1/4bpp1/p1n1p2p/3pP3/5B2/2pBR3/PPQ2PPP/5R1K w - - 0 19
e5f6,r1q2rk1/4b1p1/p1n1p2p/3pPp2/5B2/2PBR3/P1Q2PPP/5R1K w - f6 0 20
e3g3,r1q2rk1/6p1/p1n1pb1p/3p4/5B2/2PBR3/P1Q2PPP/5R1K w - - 0 21
c2d2,r1q2r1k/6p1/p1n1pb1p/3p4/5B2/2PB2R1/P1Q2PPP/5R1K w - - 2 22
g3h3,r1q2r1k/8/p1n1pb1p/3p2p1/5B2/2PB2R1/P2Q1PPP/5R1K w - - 0 23
f4d6,r1q2r2/6k1/p1n1pb1p/3p2p1/5B2/2PB3R/P2Q1PPP/5R1K w - - 2 24
d6g3,r1qr4/6k1/p1nBpb1p/3p2p1/8/2PB3R/P2Q1PPP/5R1K w - - 4 25
d2e2,r1qr4/6k1/p1n2b1p/3pp1p1/8/2PB2BR/P2Q1PPP/5R1K w - - 0 26
e2h5,r1qr4/6k1/p1n2b1p/3p2p1/4p3/2PB2BR/P3QPPP/5R1K w - - 0 27
d3e2,r1q4r/6k1/p1n2b1p/3p2pQ/4p3/2PB2BR/P4PPP/5R1K w - - 2 28
h5g4,r3q2r/6k1/p1n2b1p/3p2pQ/4p3/2P3BR/P3BPPP/5R1K w - - 4 29
e6e5,r2q1rk1/pp3ppp/2nppn2/3p4/3P4/2P1P2P/PP1N1PP1/R2QKB1R b KQ - 0 10
e5e4,r2q1rk1/pp3ppp/2np1n2/3pp3/3P4/2PBP2P/PP1N1PP1/R2QK2R b KQ - 1 11
f6d7,r2q1rk1/pp3ppp/2np1n2/3p4/3Pp3/2P1P2P/PP1NBPP1/R2QK2R b KQ - 1 12
f7f5,r2q1rk1/pp1n1ppp/2np4/3p4/3Pp3/2P1P2P/PP1NBPP1/R2Q1RK1 b - - 3 13
g7g5,r2q1rk1/pp1n2pp/2np4/3p1p2/3PpP2/2P1P2P/PP1NB1P1/R2Q1RK1 b - f3 0 14
d8g5,r2q1rk1/pp1n3p/2np4/3p1pP1/3Pp3/2P1P2P/PP1NB1P1/R2Q1RK1 b - - 0 15
c6e7,r4rk1/pp1n3p/2np4/3p1pq1/3PpR2/2P1P2P/PP1NB1P1/R2Q2K1 b - - 1 16
e7g6,r4rk1/pp1nn2p/3p4/3p1pq1/3PpR2/2P1P2P/PP2B1P1/R2Q1NK1 b - - 3 17
f5f4,r4rk1/pp1n3p/3p2n1/3p1pq1/3Pp3/2P1P2P/PP2BRP1/R2Q1NK1 b - - 5 18
g6f4,r4rk1/pp1n3p/3p2n1/3p2q1/3PpP2/2P4P/PP2BRP1/R2Q1NK1 b - - 0 19
d7f6,r4rk1/pp1n3p/3p4/3p2q1/3PpnB1/2P4P/PP3RP1/R2Q1NK1 b - - 1 20
g8h8,r4rk1/pp5p/3p1n2/3p2q1/3PpnB1/2P4P/PP3RPK/R2Q1N2 b - - 3 21
f4h3,r4r1k/pp5p/3p1n2/3p2q1/3PpnB1/2P1N2P/PP3RPK/R2Q4 b - - 5 22
g5e3,r4r1k/pp5p/3p1n2/3p2q1/3Pp3/2P1N2B/PP3RPK/R2Q4 b - - 0 23
f6g4,r4r1k/pp5p/3p1n2/3p4/3Pp3/2P1q2B/PP3RPK/R4Q2 b - - 1 24
f2f3,r4rk1/pppq1pbp/2np1np1/4p3/2B1P1b1/P1NP2Q1/1PP1NPPP/R1B1K2R w KQ - 4 10
e1g1,r4rk1/pppq1pbp/2npbnp1/4p3/2B1P3/P1NP1PQ1/1PP1N1PP/R1B1K2R w KQ - 1 11
g3h4,r4rk1/pppq1pbp/2npb1p1/4p2n/2B1P3/P1NP1PQ1/1PP1N1PP/R1B2RK1 w - - 3 12
e2d4,r4rk1/pppq1pbp/3pb1p1/4p2n/2BnP2Q/P1NP1P2/1PP1N1PP/R1B2RK1 w - - 5 13
c3d5,r4rk1/pppq1pbp/3pb1p1/7n/2BpP2Q/P1NP1P2/1PP3PP/R1B2RK1 w - - 0 14
c4d5,r4rk1/pppq1pbp/3p2p1/3b3n/2BpP2Q/P2P1P2/1PP3PP/R1B2RK1 w - - 0 15
d5b3,r4rk1/pp1q1pbp/2pp2p1/3B3n/3pP2Q/P2P1P2/1PP3PP/R1B2RK1 w - - 0 16
e4d5,r4rk1/pp1q1pbp/2p3p1/3p3n/3pP2Q/PB1P1P2/1PP3PP/R1B2RK1 w - - 0 17
c1g5,r4rk1/pp1q1pbp/6p1/3p3n/3p3Q/PB1P1P2/1PP3PP/R1B2RK1 w - - 0 18
g5e7,r4rk1/pp1q1pb1/6pp/3p2Bn/3p3Q/PB1P1P2/1PP3PP/R4RK1 w - - 0 19
a1e1,r3r1k1/pp1qBpb1/6pp/3p3n/3p3Q/PB1P1P2/1PP3PP/R4RK1 w - - 2 20
h4h5,r3r1k1/pp1qBpb1/7p/3p2pn/3p3Q/PB1P1P2/1PP3PP/4RRK1 w - - 0 21
e1e7,r5k1/pp1qrpb1/7p/3p2pQ/3p4/PB1P1P2/1PP3PP/4RRK1 w - - 0 22
b3d5,r5k1/pp2qpb1/7p/3p2pQ/3p4/PB1P1P2/1PP3PP/5RK1 w - - 0 23
g1h1,r5k1/pp3pb1/7p/3B2pQ/3p4/P2PqP2/1PP3PP/5RK1 w - - 1 24
f3f4,5rk1/pp3pb1/7p/3B2pQ/3p4/P2PqP2/1PP3PP/5R1K w - - 3 25
h5f5,5rk1/pp3pb1/7p/3B3Q/3p1p2/P2Pq3/1PP3PP/5R1K w - - 0 26
f5f4,5rk1/pp3pb1/7p/3B1Q2/3p1p2/P2P4/1PP1q1PP/5R1K w - - 2 27
d5e4,5rk1/pp2qpb1/7p/3B4/3p1Q2/P2P4/1PP3PP/5R1K w - - 1 28
g1h3,2kr1b1r/pppqp1pp/n4n2/3p4/3P1B2/2N4b/PPPQPP2/2KR2NR w - - 0 10
h3g5,2kr1b1r/pppq2pp/n3pn2/3p4/3P1B2/2N4N/PPPQPP2/2KR3R w - - 0 11
f4e5,2kr3r/pppq2pp/n2bpn2/3p2N1/3P1B2/2N5/PPPQPP2/2KR3R w - - 2 12
g5f3,2kr3r/pppq2p1/n2bpn1p/3pB1N1/3P4/2N5/PPPQPP2/2KR3R w - - 0 13
c1b1,2kr3r/pppq2p1/3bpn1p/3pB3/1n1P4/2N2N2/PPPQPP2/2KR3R w - - 2 14
e5f6,2kr3r/pppq2p1/2nbpn1p/3pB3/3P4/2N2N2/PPPQPP2/1K1R3R w - - 4 15
h1h6,2kr3r/pppq4/2nbpp1p/3p4/3P4/2N2N2/PPPQPP2/1K1R3R w - - 0 16
h6h8,2kr3r/ppp3q1/2nbpp1R/3p4/3P4/2N2N2/PPPQPP2/1K1R4 w - - 1 17
d1g1,2k4r/ppp3q1/2nbpp2/3p4/3P4/2N2N2/PPPQPP2/1K1R4 w - - 0 18
a2a3,2k4r/ppp2q2/2nbpp2/3p4/3P4/2N2N2/PPPQPP2/1K4R1 w - - 2 19
e2e4,2k4r/1pp2q2/p1nbpp2/3p4/3P4/P1N2N2/1PPQPP2/1K4R1 w - - 0 20
e4d5,2k5/1pp2q2/p1nbpp2/3p4/3PP3/P1N2N1r/1PPQ1P2/1K4R1 w - - 1 21
d2d3,2k5/1pp2q2/p1nb1p2/3p4/3P4/P1N2N1r/1PPQ1P2/1K4R1 w - - 0 22
g1g8,2k5/1pp5/p1nb1p2/3p3q/3P4/P1NQ1N1r/1PP2P2/1K4R1 w - - 2 23
d3e2,2kn2R1/1pp5/p2b1p2/3p3q/3P4/P1NQ1N1r/1PP2P2/1K6 w - - 4 24
e2e6,2kn2R1/1pp5/p2b1p2/3p3q/3P4/P1N2r2/1PP1QP2/1K6 w - - 0 25
g8d8,1k1n2R1/1pp5/p2bQp2/3p3q/3P4/P1N2r2/1PP2P2/1K6 w - - 2 26
b1a2,3R4/kpp5/p2bQp2/3p3q/3P4/P1N2r2/1PP2P2/1K6 w - - 1 27
e6g8,3R4/kpp5/p2bQp2/3p1q2/3P4/P1N2r2/KPP2P2/8 w - - 3 28
d8a8,3R2Q1/kpp5/p2b1p2/3p4/3P4/P1N2r2/KPq2P2/8 w - - 0 29
e5f3,r3k2r/ppp1qppp/5n2/2bpn3/8/5NP1/PPP1PPBP/R1BQ1RK1 b kq - 5 10
e8c8,r3k2r/ppp1qppp/5n2/2bp4/8/5PP1/PPP2PBP/R1BQ1RK1 b kq - 0 11
h7h5,2kr3r/ppp1qppp/5n2/2bp4/8/2P2PP1/PP3PBP/R1BQ1RK1 b - - 0 12
h5h4,2kr3r/ppp1qpp1/5n2/2bp2Bp/8/2P2PP1/PP3PBP/R2Q1RK1 b - - 1 13
h8h4,2kr3r/ppp1qpp1/5n2/2bp4/7B/2P2PP1/PP3PBP/R2Q1RK1 b - - 0 14
f6h5,2kr4/ppp1qpp1/5n2/2bp4/7P/2P2P2/PP3PBP/R2Q1RK1 b - - 0 15
f7f5,2kr4/ppp1qpp1/8/2bp3n/Q6P/2P2P2/PP3PBP/R4RK1 b - - 2 16
c7c6,2kr4/ppp1q1p1/8/2bp1p1n/Q6P/2P2P2/PP3PBP/3R1RK1 b - - 1 17
e7f6,2kr4/pp2q1p1/2p5/2bp1p1n/Q6P/2P2P2/PP3PBP/3RR1K1 b - - 1 18
c5f2,2kr4/pp4p1/2p2q2/2bp1p1n/Q6P/2P2P2/PP3PBP/3RR2K b - - 3 19
f2b6,2kr4/pp4p1/2p2q2/3p1p1n/Q6P/2P2P2/PP2RbBP/3R3K b - - 1 20
g7g5,2kr4/pp4p1/1bp2q2/3p1p1n/Q6P/2P2P2/PP2R1BP/4R2K b - - 3 21
f6h8,2kr4/pp6/1bp1Rq2/3p1ppn/Q6P/2P2P2/PP4BP/4R2K b - - 1 22
h5f4,2kr3q/pp6/1bp1R3/3p1ppn/Q6P/2P2P1B/PP5P/4R2K b - - 3 23
c8b8,2kr3q/pp6/1bR5/3p1pp1/Q4n1P/2P2P1B/PP5P/4R2K b - - 0 24
h8h4,1k1r3q/pp6/1bR5/3p1Bp1/Q4n1P/2P2P2/PP5P/4R2K b - - 0 25
h4f2,1k1r4/pp2R3/1bR5/3p1Bp1/Q4n1q/2P2P2/PP5P/7K b - - 1 26
d8d7,r2qk1nr/2p1b1pp/p1np4/1p1Qp3/B7/2Pb1N2/PP1P1PPP/RNB1R1K1 b kq - 1 10
b5a4,r3k1nr/2pqb1pp/p1np4/1p2p3/B7/2PQ1N2/PP1P1PPP/RNB1R1K1 b kq - 0 11
g8f6,r3k1nr/2pqb1pp/p1np4/4p3/p7/2P2N2/PPQP1PPP/RNB1R1K1 b kq - 1 12
e8g8,r3k2r/2pqb1pp/p1np1n2/4p3/p7/2PP1N2/PPQ2PPP/RNB1R1K1 b kq - 0 13
g8h8,r4rk1/2pqb1pp/p1np1n2/4p3/p7/2PP1N2/PPQN1PPP/R1B1R1K1 b - - 2 14
f6d5,r4r1k/2pqb1pp/p1np1n2/4p3/Q7/2PP1N2/PP1N1PPP/R1B1R1K1 b - - 0 15
d5f4,r4r1k/2pqb1pp/p1np4/3np3/8/2PP1N2/PP1N1PPP/R1BQR1K1 b - - 2 16
d7g4,r4r1k/2pqb1pp/p1np4/4p3/4Nn2/2PP1N2/PP3PPP/R1BQR1K1 b - - 4 17
f8f4,r4r1k/2p1b1pp/p1np4/4p3/4NBq1/2PP1N2/PP3PPP/R2QR1K1 b - - 0 18
g4g6,r6k/2p1b1pp/p1np4/4p3/4Nrq1/2PP1N1P/PP3PP1/R2QR1K1 b - - 0 19
a8f8,r6k/2p1b1pp/p1np2q1/4p3/5r2/2PP1NNP/PP3PP1/R2QR1K1 b - - 2 20
h7h5,5r1k/2p1b1pp/p1np2q1/4p3/5r2/2PP1NNP/PP2QPP1/R3R1K1 b - - 4 21
h5h4,5r1k/2p1b1p1/p1np2q1/4p2p/5r2/2PP1NNP/PP2QPP1/R3R2K b - - 1 22
f4f3,5r1k/2p1b1p1/p1np2q1/4p3/5r1p/2PP1N1P/PP2QPP1/R3RN1K b - - 1 23
g6e6,5r1k/2p1b1p1/p1np2q1/4p3/7p/2PP1P1P/PP2QP2/R3RN1K b - - 0 24
e6g6,5r1k/2p1b1p1/p1npq3/4p3/7p/2PP1P1P/PP2QPK1/R3RN2 b - - 2 25
g6f5,5r1k/2p1b1p1/p1np2q1/4p3/7p/2PP1P1P/PP2QP2/R3RN1K b - - 4 26
e7g5,5r1k/2p1b1p1/p1np4/4pq2/7p/2PP1P1P/PP2QP1N/R3R2K b - - 6 27
c6e7,5r1k/2p3p1/p1np4/4pqb1/6Np/2PP1P1P/PP2QP2/R3R2K b - - 8 28
f5f7,5r1k/2p1n1p1/p2p4/4pqb1/4Q1Np/2PP1P1P/PP3P2/R3R2K b - - 10 29
d3e4,rn1q1rk1/pp3ppp/2pbbn2/8/4pP2/2NP4/PPP1N1BP/R1BQ1RK1 w - - 0 10
g1h1,rn1q1rk1/pp3ppp/2p1bn2/2b5/4PP2/2N5/PPP1N1BP/R1BQ1RK1 w - - 1 11
d1e1,rn1q1rk1/pp3ppp/2p2n2/2b5/4PPb1/2N5/PPP1N1BP/R1BQ1R1K w - - 3 12
e4e5,rn1qr1k1/pp3ppp/2p2n2/2b5/4PPb1/2N5/PPP1N1BP/R1B1QR1K w - - 5 13
c3e4,rn1qr1k1/pp3ppp/2p5/2bnP3/5Pb1/2N5/PPP1N1BP/R1B1QR1K w - - 1 14
e1g3,rn1qrbk1/pp3ppp/2p5/3nP3/4NPb1/8/PPP1N1BP/R1B1QR1K w - - 3 15
e2d4,rn1qrbk1/pp3ppp/2p5/3nPb2/4NP2/6Q1/PPP1N1BP/R1B2R1K w - - 5 16
g2e4,rn1qrbk1/pp3ppp/2p5/3nP3/3NbP2/6Q1/PPP3BP/R1B2R1K w - - 0 17
e4g2,rn1qrbk1/pp3ppp/2p2n2/4P3/3NBP2/6Q1/PPP4P/R1B2R1K w - - 1 18
c1e3,rn2rbk1/pp3ppp/2p2n2/4P3/3q1P2/6Q1/PPP3BP/R1B2R1K w - - 0 19
a1b1,rn2rbk1/pp3ppp/2p2n2/4P3/5P2/4B1Q1/PqP3BP/R4R1K w - - 0 20
b1b3,rn2rbk1/pp3ppp/2p2n2/4P3/5P2/2q1B1Q1/P1P3BP/1R3R1K w - - 2 21
e5f6,rn2rbk1/pp3ppp/2p2n2/4P3/5P2/1R2B1Q1/P1q3BP/5R1K w - - 0 22
f6g7,r3rbk1/pp1n1ppp/2p2P2/8/5P2/1R2B1Q1/P1q3BP/5R1K w - - 1 23
e3d4,r3r1k1/pp1n1pbp/2p5/8/5P2/1R2B1Q1/P1q3BP/5R1K w - - 0 24
g3h4,r3r1k1/pp1n1pbp/2p3q1/8/3B1P2/1R4Q1/P5BP/5R1K w - - 2 25
b3g3,r3r1k1/pp1n1p1p/2p3q1/8/3b1P1Q/1R6/P5BP/5R1K w - - 0 26
g3g6,r3r1k1/pp1n1p1p/2p2bq1/8/5P1Q/6R1/P5BP/5R1K w - - 2 27
h4h3,r3r1k1/pp1n1p2/2p2bp1/8/5P1Q/8/P5BP/5R1K w - - 0 28
f4f5,r3r1k1/pp3p2/1np2bp1/8/5P2/7Q/P5BP/5R1K w - - 2 29
e7e6,rn1qkb1r/pp2pppp/1n4b1/2pP4/2P5/2N2N2/PP2BPPP/R1BQK2R b KQkq - 1 10
e6d5,rn1qkb1r/pp3ppp/1n2p1b1/2pP4/2P5/2N2N2/PP2BPPP/R1BQ1RK1 b kq - 1 11
f8d6,rn1qkb1r/pp3ppp/1n4b1/2pP4/8/2N2N2/PP2BPPP/R1BQ1RK1 b kq - 0 12
b8d7,rn1qk2r/pp3ppp/1n1b2b1/1BpP4/8/2N2N2/PP3PPP/R1BQ1RK1 b kq - 2 13
e8f8,r2qk2r/pp1n1ppp/1n1b2b1/1BpP4/8/2N2N2/PP3PPP/R1BQR1K1 b kq - 4 14
h7h6,r2q1k1r/pp1n1ppp/1n1b2b1/1BpP4/8/2N2N1P/PP3PP1/R1BQR1K1 b - - 0 15
a7a6,r2q1k1r/pp1n1pp1/1n1b2bp/1BpP4/P7/2N2N1P/1P3PP1/R1BQR1K1 b - - 0 16
d7f6,r2q1k1r/1p1n1pp1/pn1b2bp/2pP4/P7/2N2N1P/1P3PP1/R1BQRBK1 b - - 1 17
g6h5,r2q1k1r/1p3pp1/pn1b1nbp/2pPN3/P7/2N4P/1P3PP1/R1BQRBK1 b - - 3 18
d6e5,r2q1k1r/1p3pp1/pn1b1n1p/2pPN2b/P5P1/2N4P/1P3P2/R1BQRBK1 b - - 0 19
h5g6,r2q1k1r/1p3pp1/pn3n1p/2pPR2b/P5P1/2N4P/1P3P2/R1BQ1BK1 b - - 0 20
b6c4,r2q1k1r/1p3pp1/pn3nbp/2pPR3/P4BP1/2N4P/1P3P2/R2Q1BK1 b - - 2 21
f6d7,r2q1k1r/1p3pp1/p4nbp/2pPR3/P1B2BP1/2N4P/1P3P2/R2Q2K1 b - - 0 22
d8f6,r2q1k1r/1p1n1pp1/p5bp/2pP4/P1B2BP1/2N4P/1P3P2/R2QR1K1 b - - 2 23
d7b6,r4k1r/1p1n1pp1/p4qbp/2pP4/P1B2BP1/2N4P/1P1Q1P2/R3R1K1 b - - 4 24
f8g8,r4k1r/1p3pp1/pn3qbp/2pP4/P4BP1/2N4P/1P1Q1P2/R3RBK1 b - - 6 25
f6h4,r5kr/1p3pp1/pn3qbp/2pPB3/P5P1/2N4P/1P1Q1P2/R3RBK1 b - - 8 26
g8h7,r5kr/1p3pp1/pn4bp/2pPB3/P4QPq/2N4P/1P3P2/R3RBK1 b - - 10 27
h4d8,r6r/1p3ppk/pn4bp/2pPB3/P5Pq/2N3QP/1P3P2/R3RBK1 b - - 12 28
h8e8,r2q3r/1p3ppk/pn4bp/2pPB3/P5P1/2N3QP/1P3P2/3RRBK1 b - - 14 29
f1d3,rnb1kb1r/1p1p1ppp/p3pn2/q7/3P1B2/1RN2N2/P1PQ1PPP/4KB1R w Kkq - 2 10
e1g1,rnb1kb1r/1p3ppp/p2ppn2/q7/3P1B2/1RNB1N2/P1PQ1PPP/4K2R w Kkq - 0 11
f1e1,rnb1k2r/1p2bppp/p2ppn2/q7/3P1B2/1RNB1N2/P1PQ1PPP/5RK1 w kq - 2 12
f4g5,rnb2rk1/1p2bppp/p2ppn2/q7/3P1B2/1RNB1N2/P1PQ1PPP/4R1K1 w - - 4 13
h2h3,r1b2rk1/1p1nbppp/p2ppn2/q5B1/3P4/1RNB1N2/P1PQ1PPP/4R1K1 w - - 6 14
d2f4,r1b1r1k1/1p1nbppp/p2ppn2/q5B1/3P4/1RNB1N1P/P1PQ1PP1/4R1K1 w - - 1 15
g5h6,r1b1r1k1/1p1nbpp1/p2ppn1p/q5B1/3P1Q2/1RNB1N1P/P1P2PP1/4R1K1 w - - 0 16
f4h6,r1b1r1k1/1p1nbp2/p2ppn1p/q7/3P1Q2/1RNB1N1P/P1P2PP1/4R1K1 w - - 0 17
h6d2,r1b1r1k1/1p1nbp2/p2ppn1Q/7q/3P4/1RNB1N1P/P1P2PP1/4R1K1 w - - 1 18
c3e4,r1b1rbk1/1p1n1p2/p2ppn2/7q/3P4/1RNB1N1P/P1PQ1PP1/4R1K1 w - - 3 19
e1e4,r1b1rbk1/1p1n1p2/p2pp3/7q/3Pn3/1R1B1N1P/P1PQ1PP1/4R1K1 w - - 0 20
e4h4,r1b1rbk1/1p1n4/p2pp3/5p1q/3PR3/1R1B1N1P/P1PQ1PP1/6K1 w - - 0 21
h4g4,r1b1rbk1/1p1n4/p2pp1q1/5p2/3P3R/1R1B1N1P/P1PQ1PP1/6K1 w - - 2 22
d3g6,r1b1rbk1/1p1n4/p2pp1q1/8/3P2p1/1R1B1N1P/P1PQ1PP1/6K1 w - - 0 23
h5h2,r1bqk2r/pp2ppbp/2p2n2/3p3Q/3P1B2/2N1PN2/PPP2PP1/R3KB2 w Qkq - 3 10
e1c1,r2qk2r/pp2ppbp/2p2n2/3p1b2/3P1B2/2N1PN2/PPP2PPQ/R3KB2 w Qkq - 5 11
f3e5,r2qk2r/pp2ppbp/2p2nb1/3p4/3P1B2/2N1PN2/PPP2PPQ/2KR1B2 w kq - 7 12
c1b1,r3k2r/pp2ppbp/2p2nb1/q2pN3/3P1B2/2N1P3/PPP2PPQ/2KR1B2 w kq - 9 13
f1d3,2kr3r/pp2ppbp/2p2nb1/q2pN3/3P1B2/2N1P3/PPP2PPQ/1K1R1B2 w - - 11 14
h2h3,2kr3r/pp1nppbp/2p3b1/q2pN3/3P1B2/2NBP3/PPP2PPQ/1K1R4 w - - 13 15
e5f3,2kr3r/pp1n1pbp/2p1p1b1/q2pN3/3P1B2/2NBP2Q/PPP2PP1/1K1R4 w - - 0 16
d1d3,2kr3r/pp1n1pbp/2p1p3/q2p4/3P1B2/2NbPN1Q/PPP2PP1/1K1R4 w - - 0 17
f3g5,2kr3r/pp1n1pbp/4p3/q1pp4/3P1B2/2NRPN1Q/PPP2PP1/1K6 w - - 0 18
d3d1,2kr3r/pp1n1pbp/4p3/q2p2N1/2pP1B2/2NRP2Q/PPP2PP1/1K6 w - - 0 19
e3e4,2k2r1r/pp1n1pbp/4p3/q2p2N1/2pP1B2/2N1P2Q/PPP2PP1/1K1R4 w - - 2 20
g5f3,2k2r1r/pp1n1pb1/4p2p/q2p2N1/2pPPB2/2N4Q/PPP2PP1/1K1R4 w - - 0 21
f3e5,2k2r1r/pp3pb1/4pn1p/q2p4/2pPPB2/2N2N1Q/PPP2PP1/1K1R4 w - - 2 22
c3e4,2k2r1r/pp3pb1/4p2p/q2pN3/2pPnB2/2N4Q/PPP2PP1/1K1R4 w - - 0 23
e5c4,2k2r1r/pp3pb1/4p2p/q3N3/2pPpB2/7Q/PPP2PP1/1K1R4 w - - 0 24
c4d6,2k2r1r/pp3pb1/q3p2p/8/2NPpB2/7Q/PPP2PP1/1K1R4 w - - 1 25
d4d5,5r1r/pp1k1pb1/q2Np2p/8/3PpB2/7Q/PPP2PP1/1K1R4 w - - 3 26
d5e6,5r1r/pp1k1pb1/3Np2p/3P4/4pB2/7Q/PPP1qPP1/1K1R4 w - - 1 27
h3h1,5r1r/pp1k2b1/3Np2p/8/4pB2/7Q/PPP1qPP1/1K1R4 w - - 0 28
d6f7,7r/pp1k2b1/3Np2p/8/4pr2/8/PPP1qPP1/1K1R3Q w - - 0 29
g4h5,r2qkb1r/1pp2ppp/pnn1p3/8/3P2b1/2NBBN1P/PPP2PP1/R2QK2R b KQkq - 0 10
h5g6,r2qkb1r/1pp2ppp/pnn1p3/7b/3P2P1/2NBBN1P/PPP2P2/R2QK2R b KQkq - 0 11
h7g6,r2qkb1r/1pp2ppp/pnn1p1B1/8/3P2P1/2N1BN1P/PPP2P2/R2QK2R b KQkq - 0 12
c6b4,r2qkb1r/1pp2pp1/pnn1p1p1/8/3P2P1/2NQBN1P/PPP2P2/R3K2R b KQkq - 1 13
b4d5,r2qkb1r/1pp2pp1/pn2p1p1/8/1n1P2P1/2N1BN1P/PPP1QP2/R3K2R b KQkq - 3 14
f8b4,r2qkb1r/1pp2pp1/pn2p1p1/3n4/3P2P1/2N2N1P/PPPBQP2/R3K2R b KQkq - 5 15
b4d2,r2qk2r/1pp2pp1/pn2p1p1/3N4/1b1P2P1/5N1P/PPPBQP2/R3K2R b KQkq - 0 16
d8d5,r2qk2r/1pp2pp1/pn2p1p1/3N4/3P2P1/5N1P/PPPKQP2/R6R b kq - 0 17
e8c8,r3k2r/1pp2pp1/pn2p1p1/3q4/3P2P1/2P2N1P/PP1KQP2/R6R b kq - 0 18
d5a5,2kr3r/1pp2pp1/pn2p1p1/3q4/3P2P1/2P2N1P/PPK1QP2/R6R b - - 2 19
h8f8,2kr3r/1pp2pp1/pn2p1p1/q3N3/3P2P1/2P4P/PPK1QP2/R6R b - - 4 20
b6d5,2kr1r2/1pp2pp1/pn2p1p1/q3N3/3P2P1/1PP4P/P1K1QP2/R6R b - - 0 21
c7c5,2kr1r2/1pp2pp1/p3p1p1/q2nN3/3P2P1/1PP2Q1P/P1K2P2/R6R b - - 2 22
a5c7,2kr1r2/1p3pp1/p3p1p1/q1pn4/2NP2P1/1PP2Q1P/P1K2P2/R6R b - - 1 23
c5d4,2kr1r2/1pq2pp1/p3p1p1/2pn4/2NP2P1/1PP2Q1P/PK3P2/R6R b - - 3 24
c8b8,2kr1r2/1pq2pp1/p3p1p1/3n4/2NP2P1/1P3Q1P/PK3P2/R6R b - - 0 25
c7e7,1k1r1r2/1pq2pp1/p3p1p1/3n4/2NP2P1/1P3Q1P/PK3P2/2R4R b - - 2 26
b8a7,1k1r1r2/1p2qpp1/p3p1p1/3n4/2NP2P1/PP3Q1P/1K3P2/2R4R b - - 0 27
d8c8,3r1r2/kp2qpp1/p3p1p1/3n4/2NP2P1/PP3Q1P/1K3P2/2RR4 b - - 2 28
g6g5,2r2r2/kp2qpp1/p3p1p1/3nN3/3P2P1/PP3Q1P/1K3P2/2RR4 b - - 4 29
g1h3,r1b4r/pppnkppp/8/4p3/2B1P1n1/2N5/PPP2PPP/2KR2NR w - - 0 10
c4e2,r1b4r/pp1nkppp/2p5/4p3/2B1P1n1/2N4N/PPP2PPP/2KR3R w - - 0 11
d1d2,r1b4r/pp2kppp/2p5/2n1p3/4P1n1/2N4N/PPP1BPPP/2KR3R w - - 2 12
h3g5,r1b4r/pp2kppp/2p2n2/2n1p3/4P3/2N4N/PPPRBPPP/2K4R w - - 4 13
b2b4,r1b4r/pp2kpp1/2p2n1p/2n1p1N1/4P3/2N5/PPPRBPPP/2K4R w - - 0 14
b4c5,r1b4r/pp2kpp1/2p2n2/2n1p1p1/1P2P3/2N5/P1PRBPPP/2K4R w - - 0 15
c3a4,r1b4r/pp1nkpp1/2p5/2P1p1p1/4P3/2N5/P1PRBPPP/2K4R w - - 1 16
c5b6,r1b4r/p2nkpp1/2p5/1pP1p1p1/N3P3/8/P1PRBPPP/2K4R w - b6 0 17
a4c3,r1b4r/3nkpp1/1pp5/4p1p1/N3P3/8/P1PRBPPP/2K4R w - - 0 18
c1b2,r1b4r/3nkpp1/2p5/1p2p1p1/4P3/2N5/P1PRBPPP/2K4R w - - 0 19
a2a3,r1b4r/4kpp1/2p5/1pn1p1p1/4P3/2N5/PKPRBPPP/7R w - - 2 20
c3b1,r6r/4kpp1/2p1b3/1pn1p1p1/4P3/P1N5/1KPRBPPP/7R w - - 1 21
e2f3,r6r/4kpp1/2p1b3/1p2p1p1/4n3/P7/1KPRBPPP/1N5R w - - 0 22
b1d2,r6r/4kpp1/2p1b3/1p2p1p1/8/P4B2/1KPn1PPP/1N5R w - - 0 23
h1e1,7r/4kpp1/r1p1b3/1p2p1p1/8/P4B2/1KPN1PPP/7R w - - 1 24
d2e4,7r/4k1p1/r1p1bp2/1p2p1p1/8/P4B2/1KPN1PPP/4R3 w - - 0 25
e4c5,7r/4k1p1/r1p2p2/1p1bp1p1/4N3/P4B2/1KP2PPP/4R3 w - - 2 26
f3e4,7r/r3k1p1/2p2p2/1pNbp1p1/8/P4B2/1KP2PPP/4R3 w - - 4 27
e1e3,r7/r3k1p1/2p2p2/1pNbp1p1/4B3/P7/1KP2PPP/4R3 w - - 6 28
c5e4,r7/r3k1p1/2p2p2/1pN1p1p1/4b3/P3R3/1KP2PPP/8 w - - 0 29
f3g5,r3kbnr/pp1q3p/2n1pp2/1B1p1bp1/Q2P1B2/2P2N2/PP1N1PPP/R3K2R w KQkq - 0 10
b5c6,r3kbnr/pp1q3p/2n1p3/1B1p1bp1/Q2P1B2/2P5/PP1N1PPP/R3K2R w KQkq - 0 11
f4e5,r3kbnr/p2q3p/2p1p3/3p1bp1/Q2P1B2/2P5/PP1N1PPP/R3K2R w KQkq - 0 12
h7g6,r2qkb1r/pppn1ppp/1n2p1N1/8/2PP2P1/2N4P/PP3P2/R1BQKB1R b KQkq - 0 10
f8b4,r2qkb1r/pppn1pp1/1n2p1p1/8/2PP2P1/2N1B2P/PP3P2/R2QKB1R b KQkq - 1 11
b4c3,r2qk2r/pppn1pp1/1n2p1p1/8/1bPP2P1/1QN1B2P/PP3P2/R3KB1R b KQkq - 3 12
d8e7,r2qk2r/pppn1pp1/1n2p1p1/8/2PP2P1/2Q1B2P/PP3P2/R3KB1R b KQkq - 0 13
c7c6,r3k2r/pppnqpp1/1n2p1p1/8/2PP2P1/2Q1B2P/PP3PB1/R3K2R b KQkq - 2 14
e8g8,r3k2r/pp1nqpp1/1np1p1p1/8/2PP2P1/2Q1B2P/PP3PB1/R4RK1 b kq - 1 15
a8c8,r4rk1/pp1nqpp1/1np1p1p1/8/2PP2P1/2Q1B2P/PP3PB1/R3R1K1 b - - 3 16
a7a5,2r2rk1/pp1nqpp1/1np1p1p1/8/2PP2P1/2Q1B2P/PP3PB1/3RR1K1 b - - 5 17
b6c4,2r2rk1/1p1nqpp1/1np1p1p1/Q7/2PP2P1/4B2P/PP3PB1/3RR1K1 b - - 0 18
c4e3,2r2rk1/1p1nqpp1/2p1p1p1/8/2nP2P1/2Q1B2P/PP3PB1/3RR1K1 b - - 1 19
d7b6,2r2rk1/1p1nqpp1/2p1p1p1/8/3P2P1/2Q1P2P/PP4B1/3RR1K1 b - - 0 20
e7c7,2r2rk1/1p2qpp1/1np1p1p1/2Q5/3P2P1/4P2P/PP4B1/3RR1K1 b - - 2 21
f8d8,2r2rk1/1pq2pp1/1np1p1p1/2Q5/3P2P1/1P2P2P/P5B1/3RR1K1 b - - 0 22
b6d7,2rr2k1/1pq2pp1/1np1p1p1/2Q5/3PP1P1/1P5P/P5B1/3RR1K1 b - - 0 23
c8a8,2rr2k1/1pqn1pp1/2p1p1p1/8/3PP1P1/1P5P/P5B1/2QRR1K1 b - - 2 24
c7b6,r2r2k1/1pqn1pp1/2p1p1p1/8/P2PP1P1/1P5P/6B1/2QRR1K1 b - - 0 25
a8a5,r2r2k1/1p1n1pp1/1qp1p1p1/8/P2PP1P1/1P2Q2P/6B1/3RR1K1 b - - 2 26
b6e3,3r2k1/1p1n1pp1/1qp1p1p1/r2P4/P3P1P1/1P2Q2P/6B1/3RR1K1 b - - 0 27
c6d5,3r2k1/1p1n1pp1/2p1p1p1/r2P4/P3P1P1/1P2R2P/6B1/3R2K1 b - - 0 28
d7f6,3r2k1/1p1n1pp1/4p1p1/r2P4/P5P1/1P2R2P/6B1/3R2K1 b - - 0 29
d2e4,r1bqkb1r/3p1ppp/p1n1p3/2pn4/3P1B2/2PBPN2/P2N1PPP/R2Q1RK1 w kq - 1 10
e3f4,r1bqkb1r/3p1ppp/p1n1p3/2p5/3PNn2/2PBPN2/P4PPP/R2Q1RK1 w kq - 0 11
c3d4,r1bqkb1r/3p1ppp/p1n1p3/8/3pNP2/2PB1N2/P4PPP/R2Q1RK1 w kq - 0 12
d4d5,r1bqk2r/3pbppp/p1n1p3/8/3PNP2/3B1N2/P4PPP/R2Q1RK1 w kq - 1 13
e4g3,r1bqk2r/3pbppp/p1n5/3p4/4NP2/3B1N2/P4PPP/R2Q1RK1 w kq - 0 14
f1e1,r1bq1rk1/3pbppp/p1n5/3p4/5P2/3B1NN1/P4PPP/R2Q1RK1 w - - 2 15
f3e5,r1bq1rk1/3p1ppp/p1n2b2/3p4/5P2/3B1NN1/P4PPP/R2QR1K1 w - - 4 16
a1c1,r1bq1rk1/3p1p1p/p1n2bp1/3pN3/5P2/3B2N1/P4PPP/R2QR1K1 w - - 0 17
d1g4,r2q1rk1/1b1p1p1p/p1n2bp1/3pN3/5P2/3B2N1/P4PPP/2RQR1K1 w - - 2 18
f4e5,r2q1rk1/1b1p1p1p/p4bp1/3pn3/5PQ1/3B2N1/P4PPP/2R1R1K1 w - - 0 19
h2h4,r2q1rk1/1b1p1pbp/p5p1/3pP3/6Q1/3B2N1/P4PPP/2R1R1K1 w - - 1 20
f2f4,r2qr1k1/1b1p1pbp/p5p1/3pP3/6QP/3B2N1/P4PP1/2R1R1K1 w - - 1 21
g1h2,r3r1k1/1b1p1pbp/pq4p1/3pP3/5PQP/3B2N1/P5P1/2R1R1K1 w - - 1 22
g4d7,2r1r1k1/1b1p1pbp/pq4p1/3pP3/5PQP/3B2N1/P5PK/2R1R3 w - - 3 23
d7g4,2r1r1k1/3Q1pbp/pqb3p1/3pP3/5P1P/3B2N1/P5PK/2R1R3 w - - 1 24
e5e6,2r1r1k1/5pbp/pqb3p1/4P3/3p1PQP/3B2N1/P5PK/2R1R3 w - - 0 25
e1e6,2r1r1k1/6bp/pqb1p1p1/8/3p1PQP/3B2N1/P5PK/2R1R3 w - - 0 26
e6e8,2r1r1k1/3b2bp/pq2R1p1/8/3p1PQP/3B2N1/P5PK/2R5 w - - 1 27
g4d7,4r1k1/3b2bp/pq4p1/8/3p1PQP/3B2N1/P5PK/2R5 w - - 0 28
d8d7,r2qkb1r/p1pB1ppp/4n3/3np3/4N3/2P5/PP1P1PPP/RNBQK2R b KQkq - 0 10
e5d4,r3kb1r/p1pq1ppp/4n3/3np3/3PN3/2P5/PP3PPP/RNBQK2R b KQkq - 0 11
f8b4,r3kb1r/p1pq1ppp/4n3/3n4/3PN3/8/PP3PPP/RNBQK2R b KQkq - 0 12
e8g8,r3k2r/p1pq1ppp/4n3/3n4/1b1PN3/2N5/PP3PPP/R1BQK2R b KQkq - 2 13
f7f5,r4rk1/p1pq1ppp/4n3/3n4/1b1PN3/2N5/PP3PPP/R1BQ1RK1 b - - 4 14
d7d5,r4rk1/p1pq2pp/4n3/3N1p2/1b1PN3/8/PP3PPP/R1BQ1RK1 b - - 0 15
b4c3,r4rk1/p1p3pp/4n3/3q1p2/1b1P4/2N5/PP3PPP/R1BQ1RK1 b - - 1 16
f5f4,r4rk1/p1p3pp/4n3/3q1p2/3P4/2P5/P4PPP/R1BQ1RK1 b - - 0 17
d5f5,r4rk1/p1p3pp/4n3/3q4/3P1p2/1QP5/P4PPP/R1B2RK1 b - - 1 18
f8f6,r4rk1/p1p3pp/4n3/5q2/3P1p2/1QP5/P4PPP/R1B1R1K1 b - - 3 19
f5g6,r5k1/p1p3pp/4nr2/4Rq2/3P1p2/1QP5/P4PPP/R1B3K1 b - - 5 20
g8h8,r5k1/p1p3pp/4nrq1/4R3/3P1p2/1QP2P2/P5PP/R1B3K1 b - - 0 21
e6g5,r6k/p1p3pp/4nrq1/4R3/3P1p2/BQP2P2/P5PP/R5K1 b - - 2 22
g6h5,r6k/p1p3pp/5rq1/4R1n1/3P1p2/BQP2P2/P5PP/R6K b - - 4 23
c7c6,r6k/p1p3pp/5r2/3QR1nq/3P1p2/B1P2P2/P5PP/R6K b - - 6 24
h5h4,r6k/p5pp/2p2r2/3Q2Rq/3P1p2/B1P2P2/P5PP/R6K b - - 0 25
h4f2,r6k/p5pp/2p2r2/4Q1R1/3P1p1q/B1P2P2/P5PP/R6K b - - 2 26
f6f7,r6k/p3B1pp/2p2r2/4Q1R1/3P1p2/2P2P2/P4qPP/R6K b - - 4 27
f2b2,r6k/p3Brpp/2p1Q3/6R1/3P1p2/2P2P2/P4qPP/R6K b - - 6 28
h2h3,r2q1rk1/pbpn2pp/1p1bpn2/3pNp2/3P1B2/3BP3/PPPNQPPP/2KR3R w - - 6 10
d4e5,r2q1rk1/pbpn2pp/1p2pn2/3pbp2/3P1B2/3BP2P/PPPNQPP1/2KR3R w - - 0 11
g2g4,r2q1rk1/pbpn2pp/1p2p3/3pPp2/4nB2/3BP2P/PPPNQPP1/2KR3R w - - 1 12
g4f5,r2q1rk1/pbpn2pp/1p2p3/2npPp2/5BP1/3BP2P/PPPNQP2/2KR3R w - - 1 13
c2d3,r2q1rk1/pbpn2pp/1p2p3/3pPP2/5B2/3nP2P/PPPNQP2/2KR3R w - - 0 14
d2f3,r2q2k1/pbpn2pp/1p2p3/3pPr2/5B2/3PP2P/PP1NQP2/2KR3R w - - 0 15
h1g1,r5k1/pbpnq1pp/1p2p3/3pPr2/5B2/3PPN1P/PP2QP2/2KR3R w - - 2 16
f3d4,5rk1/pbpnq1pp/1p2p3/3pPr2/5B2/3PPN1P/PP2QP2/2KR2R1 w - - 4 17
e3f4,5rk1/pbpnq1pp/1p2p3/3pP3/3N1r2/3PP2P/PP2QP2/2KR2R1 w - - 0 18
d4c2,6k1/pbpnq1pp/1p2p3/3pP3/3N1r2/3P3P/PP2QP2/2KR2R1 w - - 0 19
g1g3,6k1/pbpnq1pp/1p2p3/4P3/3p1r2/3P3P/PPN1QP2/2KR2R1 w - - 0 20
d1g1,6k1/pb1nq1pp/1p2p3/2p1P3/3p1r2/3P2RP/PPN1QP2/2KR4 w - - 0 21
g3g4,6k1/pb1nq2p/1p2p1p1/2p1P3/3p1r2/3P2RP/PPN1QP2/2K3R1 w - - 0 22
f2f4,6k1/pb1nq2p/1p2p1p1/2p1Pr2/3p2R1/3P3P/PPN1QP2/2K3R1 w - - 2 23
e2d2,5qk1/pb1n3p/1p2p1p1/2p1Pr2/3p1PR1/3P3P/PPN1Q3/2K3R1 w - - 1 24
g4h4,5qk1/p2n3p/1p2p1p1/2p1Pr2/3p1PR1/3P1b1P/PPNQ4/2K3R1 w - - 3 25
d2f2,6k1/p2nq2p/1p2p1p1/2p1Pr2/3p1P1R/3P1b1P/PPNQ4/2K3R1 w - - 5 26
h4g4,6k1/p2nq2p/1p2p1p1/2pbPr2/3p1P1R/3P3P/PPN2Q2/2K3R1 w - - 7 27
g4g3,6k1/p3q2p/1p2p1p1/2pbnr2/3p1PR1/3P3P/PPN2Q2/2K3R1 w - - 0 28
h3h4,6k1/p2nq2p/1p2p1p1/2pb1r2/3p1P2/3P2RP/PPN2Q2/2K3R1 w - - 2 29
c6d4,2kr2nr/ppp2ppp/2n1b3/4p3/1bP1P3/4BP2/PP3KPP/RN3BNR b - - 4 10
g8f6,2kr2nr/ppp2ppp/4b3/4p3/1bPnP3/3BBP2/PP3KPP/RN4NR b - - 6 11
b4c3,2kr3r/ppp2ppp/4bn2/4p3/1bPnP3/2NBBP2/PP3KPP/R5NR b - - 8 12
d4f3,2kr3r/ppp2ppp/4bn2/4p3/2PnP3/2PBBP2/P4KPP/R5NR b - - 0 13
e8c8,r3k2r/pppqbppp/3p1n2/4p3/2BnPP2/2NP3P/PPP2QP1/R1B2RK1 b kq - 4 10
c7c5,2kr3r/pppqbppp/3p1n2/4p3/2BnPP2/2NPB2P/PPP2QP1/R4RK1 b - - 6 11
d6e5,2kr3r/pp1qbppp/3p1n2/2p1P3/2BnP3/2NPB2P/PPP2QP1/R4RK1 b - - 0 12
c8b8,2kr3r/pp1qbppp/5n2/2pNp3/2BnP3/3PB2P/PPP2QP1/R4RK1 b - - 1 13
d4e6,1k1r3r/pp1qbppp/5n2/2pNp3/2BnP3/2PPB2P/PP3QP1/R4RK1 b - - 0 14
h8f8,1k1r3r/pp1qbppp/4nn2/2pNp3/P1B1P3/2PPB2P/1P3QP1/R4RK1 b - - 0 15
d8c8,1k1r1r2/pp1qbppp/4nn2/P1pNp3/2B1P3/2PPB2P/1P3QP1/R4RK1 b - - 0 16
f6d5,1kr2r2/pp1qbppp/4nn2/P1pNp3/1PB1P3/2PPB2P/5QP1/R4RK1 b - - 0 17
e6c7,1kr2r2/pp1qbppp/4n3/P1pBp3/1P2P3/2PPB2P/5QP1/R4RK1 b - - 0 18
f7f5,1kr2r2/ppnqbppp/8/P1pBp3/1PP1P3/3PB2P/5QP1/R4RK1 b - - 0 19
e7c5,1kr2r2/ppnqb1pp/8/P1BBpp2/1PP1P3/3P3P/5QP1/R4RK1 b - - 0 20
c7e6,1kr2r2/ppnq2pp/8/P1QBpp2/1PP1P3/3P3P/6P1/R4RK1 b - - 0 21
d7e6,1kr2r2/pp1q2pp/4B3/P1Q1pp2/1PP1P3/3P3P/6P1/R4RK1 b - - 0 22
e6d5,1kr2r2/pp4pp/4q3/P2Qpp2/1PP1P3/3P3P/6P1/R4RK1 b - - 1 23
b8c7,1kr2r2/pp4pp/8/P2Ppp2/1PP5/3P3P/6P1/R4RK1 b - - 0 24
c8d8,2r2r2/ppk3pp/8/P1PPpp2/1P6/3P3P/6P1/R4RK1 b - - 0 25
c7c6,3r1r2/ppk3pp/3P4/P1P1pp2/1P6/3P3P/6P1/R4RK1 b - - 0 26
c6d5,3r1r2/pp4pp/2kP4/P1P1pp2/1P6/3P3P/6P1/4RRK1 b - - 2 27
g7g6,3r1r2/pp4pp/3P4/P1Pkpp2/1P6/3P1R1P/6P1/4R1K1 b - - 4 28
f8e8,3r1r2/pp5p/3P2p1/P1Pkpp2/1P6/3PR2P/6P1/4R1K1 b - - 1 29
f3h4,r3k2r/pp2ppbp/1qn2np1/3p1b2/2pP1B2/2P1PN2/PP1N1PPP/R1Q1KB1R w KQkq - 4 10
h4f5,r4rk1/pp2ppbp/1qn2np1/3p1b2/2pP1B1N/2P1P3/PP1N1PPP/R1Q1KB1R w KQ - 6 11
f1e2,r4rk1/pp2ppbp/1qn2n2/3p1p2/2pP1B2/2P1P3/PP1N1PPP/R1Q1KB1R w KQ - 0 12
e1g1,r1r3k1/pp2ppbp/1qn2n2/3p1p2/2pP1B2/2P1P3/PP1NBPPP/R1Q1K2R w KQ - 2 13
g1h1,r1rq2k1/pp2ppbp/2n2n2/3p1p2/2pP1B2/2P1P3/PP1NBPPP/R1Q2RK1 w - - 4 14
f1g1,r1rq2k1/p3ppbp/2n2n2/1p1p1p2/2pP1B2/2P1P3/PP1NBPPP/R1Q2R1K w - - 0 15
g2g4,r1r3k1/p2qppbp/2n2n2/1p1p1p2/2pP1B2/2P1P3/PP1NBPPP/R1Q3RK w - - 2 16
g1g2,r1r3k1/p2qppbp/2n5/1p1p1p2/2pP1Bn1/2P1P3/PP1NBP1P/R1Q3RK w - - 0 17
d2f3,r1r4k/p2qppbp/2n5/1p1p1p2/2pP1Bn1/2P1P3/PP1NBPRP/R1Q4K w - - 2 18
f3g5,r5rk/p2qppbp/2n5/1p1p1p2/2pP1Bn1/2P1PN2/PP2BPRP/R1Q4K w - - 4 19
e2g4,5rrk/p2qppbp/2n5/1p1p1pN1/2pP1Bn1/2P1P3/PP2BPRP/R1Q4K w - - 6 20
c1c2,5rrk/p2qppbp/2n5/1p1p2N1/2pP1Bp1/2P1P3/PP3PRP/R1Q4K w - - 0 21
g2g4,5rrk/p2qp1bp/2n5/1p1p1pN1/2pP1Bp1/2P1P3/PPQ2PRP/R6K w - - 0 22
g4h4,5rrk/p2qp1b1/2n4p/1p1p1pN1/2pP1BR1/2P1P3/PPQ2P1P/R6K w - - 0 23
a1g1,6rk/p2qp1b1/2n2r1p/1p1p1pN1/2pP1B1R/2P1P3/PPQ2P1P/R6K w - - 2 24
g5f7,6rk/p2qp1b1/2n3rp/1p1p1pN1/2pP1B1R/2P1P3/PPQ2P1P/6RK w - - 4 25
g1g6,6r1/p2qpNbk/2n3rp/1p1p1p2/2pP1B1R/2P1P3/PPQ2P1P/6RK w - - 6 26
f7h6,6r1/p2qpNb1/2n3kp/1p1p1p2/2pP1B1R/2P1P3/PPQ2P1P/7K w - - 0 27
h6g8,6r1/p2q2b1/2n1p1kN/1p1p1p2/2pP1B1R/2P1P3/PPQ2P1P/7K w - - 0 28
g4g5,rn1q1rk1/pb3ppp/1p2pn2/2pp4/3P1PP1/3B1N2/PPPNQP1P/R3K2R w KQ - 0 10
e2e3,rn1q1rk1/pb3ppp/1p2p3/2pp2Pn/3P1P2/3B1N2/PPPNQP1P/R3K2R w KQ - 1 11
c2c3,r2q1rk1/pb3ppp/1pn1p3/2pp2Pn/3P1P2/3BQN2/PPPN1P1P/R3K2R w KQ - 3 12
f3e5,r4rk1/pbq2ppp/1pn1p3/2pp2Pn/3P1P2/2PBQN2/PP1N1P1P/R3K2R w KQ - 1 13
c3d4,r4rk1/pbq2ppp/1pn1p3/3pN1Pn/3p1P2/2PBQ3/PP1N1P1P/R3K2R w KQ - 0 14
d3h7,r4rk1/pbq3pp/1pn1pp2/3pN1Pn/3P1P2/3BQ3/PP1N1P1P/R3K2R w KQ - 0 15
g5g6,r4r2/pbq3pk/1pn1pp2/3pN1Pn/3P1P2/4Q3/PP1N1P1P/R3K2R w KQ - 0 16
e5c6,r4rk1/pbq3p1/1pn1ppP1/3pN2n/3P1P2/4Q3/PP1N1P1P/R3K2R w KQ - 1 17
e3h3,r3r1k1/pbq3p1/1pN1ppP1/3p3n/3P1P2/4Q3/PP1N1P1P/R3K2R w KQ - 1 18
h3h5,r3r1k1/p1q3p1/1pb1ppP1/3p3n/3P1P2/7Q/PP1N1P1P/R3K2R w KQ - 0 19
h5h7,r3r1k1/p5p1/1pb1ppP1/3p3Q/3P1q2/8/PP1N1P1P/R3K2R w KQ - 0 20
h7h8,r3rk2/p5pQ/1pb1ppP1/3p4/3P1q2/8/PP1N1P1P/R3K2R w KQ - 2 21
h8g7,r3r2Q/p3k1p1/1pb1ppP1/3p4/3P1q2/8/PP1N1P1P/R3K2R w KQ - 4 22
e1c1,r2kr3/p5Q1/1pb1ppP1/3p4/3P1q2/8/PP1N1P1P/R3K2R w KQ - 1 23
c1b1,r2kr3/p2b2Q1/1p2ppP1/3p4/3P1q2/8/PP1N1P1P/2KR3R w - - 3 24
h1f1,r2kr3/p2b2Q1/1p2ppP1/3p4/3P4/8/PP1N1q1P/1K1R3R w - - 0 25
d2f3,r2kr3/p2b2Q1/1p2ppP1/3p4/3q4/8/PP1N3P/1K1R1R2 w - - 0 26
b1a1,r2kr3/p2b2Q1/1p2ppP1/3p4/4q3/5N2/PP5P/1K1R1R2 w - - 2 27
g7f6,2rkr3/p2b2Q1/1p2ppP1/3p4/4q3/5N2/PP5P/K2R1R2 w - - 4 28
f3e5,2r1r3/p1kb4/1p2pQP1/3p4/4q3/5N2/PP5P/K2R1R2 w - - 1 29
h8e8,2kr3r/ppp2ppp/2n5/2bpp2n/P6q/N1P1PP1P/1P1PK2P/R1BQ1B1R b - - 8 10
h5f4,2krr3/ppp2ppp/2n5/2bpp2n/P6q/N1P1PP1P/1P1PK2P/R1BQ1BR1 b - - 10 11
c5g1,2krr3/ppp2ppp/2n5/2bpp3/P4P1q/N1P2P1P/1P1PK2P/R1BQ1BR1 b - - 0 12
h4f2,2krr3/ppp2ppp/2n5/3pp3/P4P1q/N1PP1P1P/1P2K2P/R1BQ1Bb1 b - - 0 13
e6d5,r2q1rk1/ppp1bppp/2n1b3/3Np3/2B5/P2P3P/1PP1NPP1/R1BQ1RK1 b - - 0 10
d8d5,r2q1rk1/ppp1bppp/2n5/3Bp3/8/P2P3P/1PP1NPP1/R1BQ1RK1 b - - 0 11
d5e6,r4rk1/ppp1bppp/2n5/3qp3/8/P1NP3P/1PP2PP1/R1BQ1RK1 b - - 1 12
f7f5,r4rk1/ppp1bppp/2n1q3/4p3/8/P1NPB2P/1PP2PP1/R2Q1RK1 b - - 3 13
a8d8,r4rk1/ppp1b1pp/2n1q3/4pp2/8/P1NPBP1P/1PP3P1/R2Q1RK1 b - - 0 14
e6g6,3r1rk1/ppp1b1pp/2n1q3/4pp2/8/P1NPBP1P/1PP1Q1P1/R4RK1 b - - 2 15
e7d6,3r1rk1/ppp1b1pp/2n3q1/4pp2/8/P1NPBP1P/1PP1Q1P1/4RRK1 b - - 4 16
a7a6,3r1rk1/ppp3pp/2nb2q1/1N2pp2/8/P2PBP1P/1PP1Q1P1/4RRK1 b - - 6 17
c7d6,3r1rk1/1pp3pp/p1nN2q1/4pp2/8/P2PBP1P/1PP1Q1P1/4RRK1 b - - 0 18
d8e8,3r1rk1/1p4pp/p1np2q1/4pp2/5P2/P2PB2P/1PP1Q1P1/4RRK1 b - - 0 19
d6e5,4rrk1/1p4pp/p1np2q1/4Pp2/8/P2PB2P/1PP1Q1P1/4RRK1 b - - 0 20
f8f7,4rrk1/1p4pp/p1n3q1/2B1pp2/8/P2P3P/1PP1Q1P1/4RRK1 b - - 1 21
h7h6,4r1k1/1p3rpp/p1n3q1/2B1pp2/1P6/P2P3P/2P1Q1P1/4RRK1 b - - 0 22
g8h7,4r1k1/1p3rp1/p1n3qp/2B1pp2/1PP5/P2P3P/4Q1P1/4RRK1 b - - 0 23
b7b6,4r3/1p3rpk/p1n3qp/2B1pp2/PPP5/3P3P/4Q1P1/4RRK1 b - - 0 24
c6b4,4r3/5rpk/pBn3qp/4pp2/PPP5/3P3P/4Q1P1/4RRK1 b - - 0 25
f5f4,4r3/5rpk/pB4qp/P3pp2/1nP5/3P3P/4Q1P1/4RRK1 b - - 0 26
f7d7,4r3/5rpk/pB4qp/P3p3/1nP2p2/3P1R1P/4Q1P1/4R1K1 b - - 1 27
e5e4,4r3/3r2pk/pB4qp/P3p3/1nPP1p2/5R1P/4Q1P1/4R1K1 b - - 0 28
b4d3,4r3/3r2pk/pB4qp/P7/1nPPpR2/7P/4Q1P1/4R1K1 b - - 0 29
e1g1,r3k2r/pp2nppp/2nqp3/1B1p1b2/3P4/2P2N2/PP1N1PPP/R2QK2R w KQkq - 2 10
d1e2,r4rk1/pp2nppp/2nqp3/1B1p1b2/3P4/2P2N2/PP1N1PPP/R2Q1RK1 w - - 4 11
f3e5,r4rk1/pp2npp1/2nqp2p/1B1p1b2/3P4/2P2N2/PP1NQPPP/R4RK1 w - - 0 12
e5f3,r4rk1/pp2n1p1/2nqpp1p/1B1pNb2/3P4/2P5/PP1NQPPP/R4RK1 w - - 0 13
b5d3,r4rk1/1p2n1p1/p1nqpp1p/1B1p1b2/3P4/2P2N2/PP1NQPPP/R4RK1 w - - 0 14
f1e1,3r1rk1/1p2n1p1/p1nqpp1p/3p1b2/3P4/2PB1N2/PP1NQPPP/R4RK1 w - - 2 15
a1d1,3rr1k1/1p2n1p1/p1nqpp1p/3p1b2/3P4/2PB1N2/PP1NQPPP/R3R1K1 w - - 4 16
e2d3,3rr1k1/1p2n1p1/p1nqpp1p/3p4/3P4/2Pb1N2/PP1NQPPP/3RR1K1 w - - 0 17
d2f1,1n1rr1k1/1p2n1p1/p2qpp1p/3p4/3P4/2PQ1N2/PP1N1PPP/3RR1K1 w - - 1 18
f1g3,3rr1k1/1p1nn1p1/p2qpp1p/3p4/3P4/2PQ1N2/PP3PPP/3RRNK1 w - - 3 19
g3h5,3rr1k1/1p1n2p1/p1nqpp1p/3p4/3P4/2PQ1NN1/PP3PPP/3RR1K1 w - - 5 20
h5f4,3rrqk1/1p1n2p1/p1n1pp1p/3p3N/3P4/2PQ1N2/PP3PPP/3RR1K1 w - - 7 21
e1e2,3rr1k1/1p1n1qp1/p1n1pp1p/3p4/3P1N2/2PQ1N2/PP3PPP/3RR1K1 w - - 9 22
d1e1,3rr1k1/1p3qp1/pnn1pp1p/3p4/3P1N2/2PQ1N2/PP2RPPP/3R2K1 w - - 11 23
d4e5,3rr1k1/1p3qp1/pnn2p1p/3pp3/3P1N2/2PQ1N2/PP2RPPP/4R1K1 w - - 0 24
d3e3,3rr1k1/1p3qp1/pnn4p/3pp3/5N2/2PQ1N2/PP2RPPP/4R1K1 w - - 0 25
e3c5,3rr1k1/1p3qp1/p1n4p/3pp3/2n2N2/2P1QN2/PP2RPPP/4R1K1 w - - 2 26
b2b3,3rr1k1/1p4p1/p1n4p/2Qpp3/2n2q2/2P2N2/PP2RPPP/4R1K1 w - - 0 27
c5d5,3rr1k1/1p4p1/p1nn3p/2Qpp3/5q2/1PP2N2/P3RPPP/4R1K1 w - - 1 28
d5c5,3rr1k1/1p3np1/p1n4p/3Qp3/5q2/1PP2N2/P3RPPP/4R1K1 w - - 1 29
c1b1,r2qkb1r/1b2pp1p/p2p1np1/1pn5/5B2/2NBPN2/PPPQ1PPP/2KR3R w kq - 0 10
h2h4,r2qk2r/1b2ppbp/p2p1np1/1pn5/5B2/2NBPN2/PPPQ1PPP/1K1R3R w kq - 2 11
f4g5,r2q1rk1/1b2ppbp/p2p1np1/1pn5/5B1P/2NBPN2/PPPQ1PP1/1K1R3R w - - 1 12
h4h5,2rq1rk1/1b2ppbp/p2p1np1/1pn3B1/7P/2NBPN2/PPPQ1PP1/1K1R3R w - - 3 13
c3e2,2rq1rk1/1b2ppbp/p2p1np1/2n3BP/1p6/2NBPN2/PPPQ1PP1/1K1R3R w - - 0 14
h5g6,2rq1rk1/1b2ppbp/3p1np1/p1n3BP/1p6/3BPN2/PPPQNPP1/1K1R3R w - - 0 15
g5h6,2rq1rk1/1b2ppb1/3p1np1/p1n3B1/1p6/3BPN2/PPPQNPP1/1K1R3R w - - 0 16
d2e1,2rq1rk1/1b2ppb1/3p1npB/p7/1p2n3/3BPN2/PPPQNPP1/1K1R3R w - - 2 17
e1g1,2r2rk1/1bq1ppb1/3p1npB/p7/1p2n3/3BPN2/PPP1NPP1/1K1RQ2R w - - 4 18
f3d4,2r2rk1/1bq1ppb1/5npB/p2p4/1p2n3/3BPN2/PPP1NPP1/1K1R2QR w - - 0 19
d4f3,2r2rk1/1bq2pb1/5npB/p2pp3/1p1Nn3/3BP3/PPP1NPP1/1K1R2QR w - - 0 20
h6g7,2r2rk1/1bq2pb1/6pB/p2pp3/1p2n1n1/3BPN2/PPP1NPP1/1K1R2QR w - - 2 21
h1h4,2r2r2/1bq2pk1/6p1/p2pp3/1p2n1n1/3BPN2/PPP1NPP1/1K1R2QR w - - 0 22
d1c1,2r2r2/1bq2pk1/6p1/p2pp3/1p4nR/3BPN2/PPP1NnP1/1K1R2Q1 w - - 0 23
f3h2,2r2r2/1bq2pk1/6p1/p2p4/1p2p1nR/3BPN2/PPP1NnP1/1KR3Q1 w - - 0 24
h2g4,2r2r2/1bq2pk1/6p1/p2p4/1p4nR/3pP3/PPP1NnPN/1KR3Q1 w - - 0 25
g1f2,2r2r2/1bq2pk1/6p1/p2p4/1p4NR/4P3/PPPpNnP1/1KR3Q1 w - - 0 26
e2c1,2r2r2/1bq2pk1/6p1/p2p4/1p4NR/4P3/PPP1NQP1/1Kq5 w - - 0 27
g4h2,2r2r2/1bq3k1/6p1/p2p1p2/1p4NR/4P3/PPP2QP1/1KN5 w - - 0 28
h4d4,2r2r2/1bq3k1/6p1/p4p2/1p1p3R/4P3/PPP2QPN/1KN5 w - - 0 29
f8d6,r2qkb1r/1pp3pp/p1n2n2/3p1b2/3Pp3/2P5/PPBN1PPP/RNBQ1RK1 b kq - 3 10
e8g8,r2qk2r/1pp3pp/p1nb1n2/3p1b2/3Pp3/2P2P2/PPBN2PP/RNBQ1RK1 b kq - 0 11
f6e4,r2q1rk1/1pp3pp/p1nb1n2/3p1b2/3PP3/2P5/PPBN2PP/RNBQ1RK1 b - - 0 12
d5e4,r2q1rk1/1pp3pp/p1nb4/3p1b2/3PN3/2P5/PPB3PP/RNBQ1RK1 b - - 0 13
d8h4,r2q1rk1/1pp3pp/p1nb4/5b2/3Pp3/2P5/PPBN2PP/R1BQ1RK1 b - - 1 14
h4g3,r4rk1/1pp3pp/p1nb4/5b2/3Pp2q/2P4P/PPBN2P1/R1BQ1RK1 b - - 0 15
b5c6,r3k2r/pp1nbppp/1qn1p3/1Bpp1b2/Q2P1B2/2P1PN2/PP1N1PPP/R4RK1 w kq - 6 10
a4c6,r3k2r/pp1nbppp/2q1p3/2pp1b2/Q2P1B2/2P1PN2/PP1N1PPP/R4RK1 w kq - 0 11
d4c5,r3k2r/p2nbppp/2p1p3/2pp1b2/3P1B2/2P1PN2/PP1N1PPP/R4RK1 w kq - 0 12
f3d4,r3k2r/p2n1ppp/2p1p3/2bp1b2/5B2/2P1PN2/PP1N1PPP/R4RK1 w kq - 0 13
e3d4,r3k2r/p2n1ppp/2p1p3/3p1b2/3b1B2/2P1P3/PP1N1PPP/R4RK1 w kq - 0 14
f4d6,r3k2r/p2n1ppp/4p3/2pp1b2/3P1B2/2P5/PP1N1PPP/R4RK1 w kq - 0 15
c3d4,r3k2r/p2n1ppp/3Bp3/3p1b2/3p4/2P5/PP1N1PPP/R4RK1 w kq - 0 16
a1c1,2kr3r/p2n1ppp/3Bp3/3p1b2/3P4/8/PP1N1PPP/R4RK1 w - - 1 17
c1c7,3r3r/pk1n1ppp/3Bp3/3p1b2/3P4/8/PP1N1PPP/2R2RK1 w - - 3 18
f1c1,k2r3r/p1Rn1ppp/3Bp3/3p1b2/3P4/8/PP1N1PPP/5RK1 w - - 5 19
d6c5,k2r3r/p1R2ppp/1n1Bp3/3p1b2/3P4/8/PP1N1PPP/2R3K1 w - - 7 20
c5b6,k2r3r/p1R2ppp/1n2p1b1/2Bp4/3P4/8/PP1N1PPP/2R3K1 w - - 9 21
d2f3,k2r3r/2R2ppp/1p2p1b1/3p4/3P4/8/PP1N1PPP/2R3K1 w - - 0 22
c1c6,k2r3r/2R3pp/1p2ppb1/3p4/3P4/5N2/PP3PPP/2R3K1 w - - 0 23
h2h4,kr5r/2R3pp/1pR1ppb1/3p4/3P4/5N2/PP3PPP/6K1 w - - 2 24
c7b7,k6r/1rR3pp/1pR1ppb1/3p4/3P3P/5N2/PP3PP1/6K1 w - - 1 25
c6e6,7r/1k4pp/1pR1ppb1/3p4/3P3P/5N2/PP3PP1/6K1 w - - 0 26
e6e7,2r5/1k4pp/1p2Rpb1/3p4/3P3P/5N2/PP3PP1/6K1 w - - 1 27
f3e1,2r5/4R1pp/kp3pb1/3p4/3P3P/5N2/PP3PP1/6K1 w - - 3 28
f2f3,8/4R1pp/kp3pb1/3p4/3P3P/8/PP3PP1/2r1N1K1 w - - 5 29
f8c5,r1bqkb2/pppp1pp1/8/4P1p1/3Qn2r/1B6/PPP3PP/RNB2RK1 b q - 2 10
e8f8,r1bqk3/pppp1Bp1/8/2b1P1p1/3Qn2r/8/PPP3PP/RNB2RK1 b q - 0 11
h4f4,r1bq1k2/pppp2p1/8/2bBP1p1/3Qn2r/8/PPP3PP/RNB2RK1 b - - 2 12
g5f4,r1bq1k2/pppp2p1/8/2bBP1p1/3QnB2/8/PPP3PP/RN3RK1 b - - 0 13
f8e8,r1bq1k2/pppp2p1/8/2bBP3/3QnR2/8/PPP3PP/RN4K1 b - - 0 14
c5d4,r1bqk3/pppp2p1/8/2bBP3/3QR3/8/PPP3PP/RN4K1 b - - 0 15
d8g5,r1bqk3/pppp2p1/8/3BP3/3R4/8/PPP3PP/RN4K1 b - - 0 16
c7c6,r1b1k3/pppp2p1/8/3BP1q1/8/8/PPP3PP/RN1R2K1 b - - 2 17
d7d5,r1b1k3/pp1p2p1/2p5/4P1q1/8/5B2/PPP3PP/RN1R2K1 b - - 1 18
c8f5,r1b1k3/pp4p1/2pP4/6q1/8/5B2/PPP3PP/RN1R2K1 b - - 0 19
f5d7,r3k3/pp1P2p1/2p5/5bq1/8/5B2/PPP3PP/RN1R2K1 b - - 0 20
e8d8,r3k3/pp1b2p1/2p5/6q1/8/5B2/PPP3PP/RN2R1K1 b - - 1 21
d8c7,r2k4/pp1b2p1/2p5/6q1/8/2N2B2/PPP3PP/R3R1K1 b - - 3 22
g5b5,r7/ppkb2p1/2p5/6q1/4N3/5B2/PPP3PP/R3R1K1 b - - 5 23
a8f8,r7/ppkb2p1/2p5/1q6/4N3/5B2/PPP3PP/R2R2K1 b - - 7 24
b5b6,5r2/ppkb2p1/2p5/1q6/4N3/1P3B2/P1P3PP/R2R2K1 b - - 0 25
d7f5,5r2/ppkb2p1/1qp5/8/4N3/1P3B2/P1P3PP/R2R3K b - - 2 26
f5c2,5r2/ppk3p1/1qpN4/5b2/8/1P3B2/P1P3PP/R2R3K b - - 4 27
b6c5,5r2/ppk3p1/1qp5/8/2N5/1P3B2/P1b3PP/R2R3K b - - 1 28
c2d3,5r2/ppk3p1/2p5/2q5/2N5/1P3B2/P1b3PP/R3R2K b - - 3 29
e2e3,r2qk2r/ppp1ppb1/2np2pp/8/3PbB2/5N2/PPPQPPPP/2KR1B1R w kq - 0 10
f1d3,r2q1rk1/ppp1ppb1/2np2pp/8/3PbB2/4PN2/PPPQ1PPP/2KR1B1R w - - 1 11
g2f3,r2q1rk1/ppp1ppb1/2np2pp/8/3P1B2/3BPb2/PPPQ1PPP/2KR3R w - - 0 12
d4e5,r2q1rk1/ppp2pb1/2np2pp/4p3/3P1B2/3BPP2/PPPQ1P1P/2KR3R w - - 0 13
h2h4,r2q1rk1/ppp2pb1/3p2pp/4n3/5B2/3BPP2/PPPQ1P1P/2KR3R w - - 0 14
h4h5,r2q1rk1/pp3pb1/2pp2pp/4n3/5B1P/3BPP2/PPPQ1P2/2KR3R w - - 0 15
f4e5,r2q1rk1/pp3pb1/2pp3p/4n1pP/5B2/3BPP2/PPPQ1P2/2KR3R w - - 0 16
f3f4,r2q1rk1/pp3p2/2pp3p/4b1pP/8/3BPP2/PPPQ1P2/2KR3R w - - 0 17
f4g5,r2q1rk1/pp3p2/2pp1b1p/6pP/5P2/3BP3/PPPQ1P2/2KR3R w - - 1 18
d2b4,r2q1rk1/pp3p2/2pp1b2/6pP/8/3BP3/PPPQ1P2/2KR3R w - - 0 19
b4e4,r4rk1/pp3p2/1qpp1b2/6pP/1Q6/3BP3/PPP2P2/2KR3R w - - 2 20
c1d2,r4rk1/pp3p2/2pp1b2/6pP/4Q3/3BP3/PqP2P2/2KR3R w - - 0 21
e4h7,r3r1k1/pp3p2/2pp1b2/6pP/4Q3/3BP3/PqPK1P2/3R3R w - - 2 22
d1b1,r3rk2/pp3p1Q/2pp1b2/6pP/8/3BP3/PqPK1P2/3R3R w - - 4 23
d2d1,r3rk2/pp3p1Q/2pp1b2/6pP/8/2qBP3/P1PK1P2/1R5R w - - 6 24
h7h6,r3rk2/p4p1Q/2pp1b2/1p4pP/8/2qBP3/P1P2P2/1R1K3R w - - 0 25
h6g5,r3rk2/p4pb1/2pp3Q/1p4pP/8/2qBP3/P1P2P2/1R1K3R w - - 2 26
h5h6,r3r1k1/p4pb1/2pp4/1p4QP/8/2qBP3/P1P2P2/1R1K3R w - - 1 27
f7f5,r2q1rk1/ppp1bppp/1nn1p3/8/2PP2b1/1PN1BN2/P3BPPP/R2Q1RK1 b - - 2 10
g4h5,r2q1rk1/ppp1b1pp/1nn1p3/5p2/2PP2b1/1PN1BN1P/P3BPP1/R2Q1RK1 b - - 0 11
h5f3,r2q1rk1/ppp1b1pp/1nn1p3/5p1b/2PP1B2/1PN2N1P/P3BPP1/R2Q1RK1 b - - 2 12
c6d4,r2q1rk1/ppp1b1pp/1nn1p3/5p2/2PP1B2/1PN2B1P/P4PP1/R2Q1RK1 b - - 0 13
a8b8,r2q1rk1/pBp1b1pp/1n2p3/5p2/2Pn1B2/1PN4P/P4PP1/R2Q1RK1 b - - 0 14
e7f6,1r1q1rk1/p1p1b1pp/1n2p3/5p2/2Pn1B2/1PN2B1P/P4PP1/R2Q1RK1 b - - 2 15
b6d7,1r1q1rk1/p1p3pp/1n2pb2/5p2/2Pn1B2/1PN2B1P/P4PP1/R2QR1K1 b - - 4 16
e6e5,1r1q1rk1/p1pn2pp/4pb2/1N3p2/2Pn1B2/1P3B1P/P4PP1/R2QR1K1 b - - 6 17
e5d4,1r1q1rk1/p1pn2pp/5b2/4pp2/2PN1B2/1P3B1P/P4PP1/R2QR1K1 b - - 0 18
g7g6,1r1q1rk1/p1pn2pp/5b2/5p2/2Pp1B2/1P1Q1B1P/P4PP1/R3R1K1 b - - 1 19
g8g7,1r1q1rk1/p1pn3p/5bp1/2P2p2/3p1B2/1P1Q1B1P/P4PP1/R3R1K1 b - - 0 20
d7b6,1r1q1r2/p1pn2kp/2P2bp1/5p2/3p1B2/1P1Q1B1P/P4PP1/R3R1K1 b - - 0 21
b6d5,1r1q1r2/p1p3kp/1nP2bp1/5p2/3p1B2/1P1Q1B1P/P4PP1/3RR1K1 b - - 2 22
d5c3,1r1q1r2/p1p3kp/2P2bp1/3nBp2/3p4/1P1Q1B1P/P4PP1/3RR1K1 b - - 4 23
f6e5,1r1q1r2/p1p3kp/2P2bp1/4Bp2/3p4/1PnQ1B1P/P2R1PP1/4R1K1 b - - 6 24
d8f6,1r1q1r2/p1p3kp/2P3p1/4Rp2/3p4/1PnQ1B1P/P2R1PP1/6K1 b - - 0 25
b8d8,1r3r2/p1p3kp/2P2qp1/4Rp2/3Q4/1Pn2B1P/P2R1PP1/6K1 b - - 0 26
c2c3,r1b1k2r/pp3ppp/2n1pn2/2qp4/5P2/3B1NP1/PPPN1P1P/R2QK2R w KQkq - 2 10
e1g1,r3k2r/pp1b1ppp/2n1pn2/2qp4/5P2/2PB1NP1/PP1N1P1P/R2QK2R w KQkq - 1 11
d1e2,r3k2r/pp1b1pp1/2n1pn1p/2qp4/5P2/2PB1NP1/PP1N1P1P/R2Q1RK1 w kq - 0 12
f3e5,r3k2r/1p1b1pp1/p1n1pn1p/2qp4/5P2/2PB1NP1/PP1NQP1P/R4RK1 w kq - 0 13
a1d1,r4rk1/1p1b1pp1/p1n1pn1p/2qpN3/5P2/2PB2P1/PP1NQP1P/R4RK1 w - - 2 14
d2b3,r4rk1/3b1pp1/p1n1pn1p/1pqpN3/5P2/2PB2P1/PP1NQP1P/3R1RK1 w - - 0 15
d3b1,r4rk1/3b1pp1/pqn1pn1p/1p1pN3/5P2/1NPB2P1/PP2QP1P/3R1RK1 w - - 2 16
e2d3,r4rk1/3b1pp1/pqn1pn1p/3pN3/1p3P2/1NP3P1/PP2QP1P/1B1R1RK1 w - - 0 17
f4e5,r4rk1/3b1pp1/pq2pn1p/3pn3/1p3P2/1NPQ2P1/PP3P1P/1B1R1RK1 w - - 0 18
d3f3,r4rk1/5pp1/pq2pn1p/1b1pP3/1p6/1NPQ2P1/PP3P1P/1B1R1RK1 w - - 1 19
f1e1,r4rk1/5pp1/pq2p2p/1b1pP3/1p2n3/1NP2QP1/PP3P1P/1B1R1RK1 w - - 3 20
b2c3,r4rk1/5pp1/pq2p2p/1b1pP3/4n3/1Np2QP1/PP3P1P/1B1RR1K1 w - - 0 21
e1e3,2r2rk1/5pp1/pq2p2p/1b1pP3/4n3/1NP2QP1/P4P1P/1B1RR1K1 w - - 1 22
e3e4,2r2rk1/5pp1/pq2p2p/3pP3/b3n3/1NP1RQP1/P4P1P/1B1R2K1 w - - 3 23
e4b4,2r2rk1/5pp1/pq2p2p/3pP3/4R3/1bP2QP1/P4P1P/1B1R2K1 w - - 0 24
c3b4,2r2rk1/5pp1/p3p2p/3pP3/1q6/1bP2QP1/P4P1P/1B1R2K1 w - - 0 25
f3d1,2r2rk1/5pp1/p3p2p/3pP3/1P6/5QP1/P4P1P/1B1b2K1 w - - 0 26
c8g4,r1bqk2r/1pp2pp1/p1np4/2bNp3/4P1Pp/8/PPPPNPB1/R1BQ1RK1 b kq - 0 10
c6e7,r2qk2r/1pp2pp1/p1np4/2bNp3/4P1bp/8/PPPPNPBK/R1BQ1R2 b kq - 1 11
g4e6,r2qk2r/1pp1npp1/p2p4/2bNp3/4P1bp/5P2/PPPPN1BK/R1BQ1R2 b kq - 0 12
d8e7,r2qk2r/1pp1Npp1/p2pb3/2b1p3/4P2p/5P2/PPPPN1BK/R1BQ1R2 b kq - 0 13
c5b6,r3k2r/1pp1qpp1/p2pb3/2b1p3/3PP2p/5P2/PPP1N1BK/R1BQ1R2 b kq - 0 14
e6g4,r3k2r/1pp1qpp1/pb1pb3/4p3/3PPP1p/8/PPP1N1BK/R1BQ1R2 b kq - 0 15
g4f3,r3k2r/1pp1qpp1/pb1p4/4p3/3PPPbp/5B2/PPP1N2K/R1BQ1R2 b kq - 2 16
e8c8,r3k2r/1pp1qpp1/pb1p4/4p3/3PPP1p/5R2/PPP1N2K/R1BQ4 b kq - 0 17
e5f4,2kr3r/1pp1qpp1/pb1p4/4p3/3PPP1p/4BR2/PPP1N2K/R2Q4 b - - 2 18
e7e4,2kr3r/1pp1qpp1/pb1p4/8/3PPN1p/4BR2/PPP4K/R2Q4 b - - 0 19
f7f6,2kr3r/1pp2pp1/pb1p4/8/3Pq2p/4BR1N/PPP4K/R2Q4 b - - 1 20
e4e7,2kr3r/1pp3p1/pb1p1p2/8/3Pq2p/4BR2/PPP2N1K/R2Q4 b - - 1 21
c8b8,2kr3r/1pp1q1p1/pb1p1p2/8/3P3p/3QBR2/PPP2N1K/R7 b - - 3 22
e7d7,1k1r3r/1pp1q1p1/pb1p1p2/8/3P3p/3QBR2/PPP2N1K/4R3 b - - 5 23
g7g5,1k1r3r/1ppq2p1/pb1p1p2/8/3P3p/3Q1R2/PPPB1N1K/4R3 b - - 7 24
g5g4,1k1r3r/1ppq4/pb1p1p2/6p1/3P3p/3QR3/PPPB1N1K/4R3 b - - 1 25
g4g3,1k1r3r/1ppqR3/pb1p1p2/8/3P2pp/3Q4/PPPB1N1K/4R3 b - - 1 26
g3f2,1k1r3r/1ppqR3/pb1p1p2/8/3P3p/3Q2p1/PPPB1NK1/4R3 b - - 1 27
f2e1n,1k1r3r/1ppR4/pb1p1p2/8/3P3p/3Q4/PPPB1pK1/4R3 b - - 0 28
d8d7,1k1r3r/1ppR4/pb1p1p2/8/3P3p/3Q4/PPP3K1/4B3 b - - 0 29
f4h6,rnbq1rk1/p2nppbp/2p3p1/3pP3/1p1P1B2/5P2/PPPQN1PP/2KR1BNR w - - 1 10
h2h4,rnbq1rk1/p2nppbp/6pB/2ppP3/1p1P4/5P2/PPPQN1PP/2KR1BNR w - - 0 11
h4h5,rnbq1rk1/p2n1pbp/4p1pB/2ppP3/1p1P3P/5P2/PPPQN1P1/2KR1BNR w - - 0 12
d2h6,rnbq1rk1/p2n1p1p/4p1pb/2ppP2P/1p1P4/5P2/PPPQN1P1/2KR1BNR w - - 0 13
g1h3,rnbq1rk1/p2n1p1p/4p2Q/2ppP1pP/1p1P4/5P2/PPP1N1P1/2KR1BNR w - - 0 14
e5f6,rnbq1rk1/p2n3p/4pp1Q/2ppP1pP/1p1P4/5P1N/PPP1N1P1/2KR1B1R w - - 0 15
h6g5,rnb2rk1/p2n3p/4pq1Q/2pp2pP/1p1P4/5P1N/PPP1N1P1/2KR1B1R w - - 0 16
g5f6,rnb2r1k/p2n3p/4pq2/2pp2QP/1p1P4/5P1N/PPP1N1P1/2KR1B1R w - - 1 17
d4c5,rnb4k/p2n3p/4pr2/2pp3P/1p1P4/5P1N/PPP1N1P1/2KR1B1R w - - 0 18
e2d4,rnb4k/p6p/4pr2/2np3P/1p6/5P1N/PPP1N1P1/2KR1B1R w - - 0 19
f1b5,rn5k/p2b3p/4pr2/2np3P/1p1N4/5P1N/PPP3P1/2KR1B1R w - - 2 20
d4b5,rn5k/p6p/4pr2/1bnp3P/1p1N4/5P1N/PPP3P1/2KR3R w - - 0 21
b5d4,r6k/p6p/2n1pr2/1Nnp3P/1p6/5P1N/PPP3P1/2KR3R w - - 1 22
h1e1,r6k/p6p/4pr2/2npn2P/1p1N4/5P1N/PPP3P1/2KR3R w - - 3 23
b2b3,r6k/p6p/4pr2/2np3P/1pnN4/5P1N/PPP3P1/2KRR3 w - - 5 24
d4c6,r6k/p6p/3npr2/2np3P/1p1N4/1P3P1N/P1P3P1/2KRR3 w - - 1 25
c1b2,r6k/7p/2Nnpr2/p1np3P/1p6/1P3P1N/P1P3P1/2KRR3 w - - 0 26
c6d4,r6k/7p/2N1pr2/pnnp3P/1p6/1P3P1N/PKP3P1/3RR3 w - - 2 27
d1a1,r6k/7p/4pr2/p1np3P/1p1N4/1Pn2P1N/PKP3P1/3RR3 w - - 4 28
a2a3,r6k/7p/4pr2/2np3P/pp1N4/1Pn2P1N/PKP3P1/R3R3 w - - 0 29
e8c8,r3k2r/1ppq1pp1/p1npbn2/2b1p2p/4P2N/2NP2PP/PPP2PBK/R1BQ1R2 b kq - 4 10
e5f4,2kr3r/1ppq1pp1/p1npbn2/2b1p2p/4PP1N/2NP2PP/PPP3BK/R1BQ1R2 b - - 0 11
f6g4,2kr3r/1ppq1pp1/p1npbn2/2b4p/4PP1N/2NP3P/PPP3BK/R1BQ1R2 b - - 0 12
h5g4,2kr3r/1ppq1pp1/p1npb3/2b4p/4PPPN/2NP4/PPP3BK/R1BQ1R2 b - - 0 13
d7e7,2kr3r/1ppq1pp1/p1npb3/2b5/4PPpN/2NP2K1/PPP3B1/R1BQ1R2 b - - 1 14
h8h4,2kr3r/1pp1qpp1/p1npb3/2b5/4PPpN/2NP2K1/PPP3B1/R1BQ3R b - - 3 15
e7h4,2kr4/1pp1qpp1/p1npb3/2b5/4PPpR/2NP2K1/PPP3B1/R1BQ4 b - - 0 16
c5f2,2kr4/1pp2pp1/p1npb3/2b5/4PPpK/2NP4/PPP3B1/R1BQ4 b - - 0 17
f7f6,2kr4/1pp2pp1/p1npb3/6K1/4PPp1/2NP4/PPP2bB1/R1BQ4 b - - 2 18
c6e7,2kr4/1pp3p1/p1npbpK1/8/4PPp1/2NP4/PPP2bB1/R1BQ4 b - - 1 19
f6f5,2kr4/1pp1n1pK/p2pbp2/8/4PPp1/2NP4/PPP2bB1/R1BQ4 b - - 3 20
e6d5,2kr4/1pp1n1pK/p2pb3/3N1p2/4PPp1/3P4/PPP2bB1/R1BQ4 b - - 1 21
f2d4,2kr4/1pp1n1pK/p2p4/3P1p2/5Pp1/3P4/PPP2bB1/R1BQ4 b - - 0 22
d4f6,2kr4/1pp1n1pK/p2p4/3P1p2/3b1Pp1/3PB3/PPP3B1/R2Q4 b - - 2 23
g7g6,2kr4/1pp1n1pK/p2p1b2/3P1p2/4BPp1/3PB3/PPP5/R2Q4 b - - 4 24
g6f5,2kr4/1pp1n2K/p2p1bp1/3P1B2/5Pp1/3PB3/PPP5/R2Q4 b - - 0 25
d8h8,2kr4/1pp1n2K/p2p1b2/3P1p2/3B1Pp1/3P4/PPP5/R2Q4 b - - 1 26
a2a3,2kr1b1r/pppq2p1/2n1bp2/3p1p1p/3P3P/2NBPN2/PPPQ1PP1/R3K2R w KQ - 0 10
b2b4,1k1r1b1r/pppq2p1/2n1bp2/3p1p1p/3P3P/P1NBPN2/1PPQ1PP1/R3K2R w KQ - 1 11
a1b1,1k1r1b1r/pppqn1p1/4bp2/3p1p1p/1P1P3P/P1NBPN2/2PQ1PP1/R3K2R w KQ - 1 12
a3a4,1knr1b1r/pppq2p1/4bp2/3p1p1p/1P1P3P/P1NBPN2/2PQ1PP1/1R2K2R w K - 3 13
b4b5,1k1r1b1r/pppq2p1/3nbp2/3p1p1p/PP1P3P/2NBPN2/2PQ1PP1/1R2K2R w K - 1 14
d3e4,1k1r1b1r/pppq2p1/4bp2/1P1p1p1p/P2Pn2P/2NBPN2/2PQ1PP1/1R2K2R w K - 1 15
f3g1,1k1r1b1r/pppq2p1/4bp2/1P1p3p/P2Pp2P/2N1PN2/2PQ1PP1/1R2K2R w K - 0 16
g1e2,1k1r1b1r/pppq4/4bp2/1P1p2pp/P2Pp2P/2N1P3/2PQ1PP1/1R2K1NR w K - 0 17
a4a5,1k1r1b1r/pppq4/4bp2/1P1p3p/P2Pp2p/2N1P3/2PQNPP1/1R2K2R w K - 0 18
e2f4,1k1r1br1/pppq4/4bp2/PP1p3p/3Pp2p/2N1P3/2PQNPP1/1R2K2R w K - 1 19
c3e2,1k1r2r1/pppq4/3bbp2/PP1p3p/3PpN1p/2N1P3/2PQ1PP1/1R2K2R w K - 3 20
f4d5,1k1r2r1/pppq4/3b1p2/PP1p3p/3PpNbp/4P3/2PQNPP1/1R2K2R w K - 5 21
d2e2,1k1r2r1/pppq4/3b1p2/PP1N3p/3Pp2p/4P3/2PQbPP1/1R2K2R w K - 0 22
c2c4,1k1r2r1/ppp2q2/3b1p2/PP1N3p/3Pp2p/4P3/2P1QPP1/1R2K2R w K - 1 23
b5b6,1k1r4/ppp2q2/3b1p2/PP1N3p/2PPp2p/4P3/4QPr1/1R2K2R w K - 0 24
a5b6,1k1r4/pp3q2/1p1b1p2/P2N3p/2PPp2p/4P3/4QPr1/1R2K2R w K - 0 25
b6a7,1k1r4/pp3q2/1P3p2/3N3p/2PPp2p/4P1b1/4QPr1/1R2K2R w K - 1 26
b1a1,3r4/kp3q2/5p2/3N3p/2PPp2p/4P1b1/4QPr1/1R2K2R w K - 0 27
e2a2,1k1r4/1p3q2/5p2/3N3p/2PPp2p/4P1b1/4QPr1/R3K2R w K - 2 28
c4d5,1k6/1p3q2/5p2/3r3p/2PPp2p/4P1b1/Q4Pr1/R3K2R w K - 0 29
f1d3,r1bq1rk1/1p1nppb1/2p2npp/p2pN3/3P1B1P/2N1P3/PPPQ1PP1/2KR1B1R w - - 0 10
f4e5,r1bq1rk1/1p2ppb1/2p2npp/p2pn3/3P1B1P/2NBP3/PPPQ1PP1/2KR3R w - - 0 11
f2f3,r1bq1rk1/4ppb1/2p2npp/pp1pB3/3P3P/2NBP3/PPPQ1PP1/2KR3R w - - 0 12
c3e2,r1bq1rk1/4ppb1/2p2npp/1p1pB3/p2P3P/2NBPP2/PPPQ2P1/2KR3R w - - 0 13
c2c3,r1b2rk1/4ppb1/2p2npp/qp1pB3/p2P3P/3BPP2/PPPQN1P1/2KR3R w - - 2 14
g2g4,2b2rk1/r3ppb1/2p2npp/qp1pB3/p2P3P/2PBPP2/PP1QN1P1/2KR3R w - - 1 15
e5g7,2b1nrk1/r3ppb1/2p3pp/qp1pB3/p2P2PP/2PBPP2/PP1QN3/2KR3R w - - 1 16
h4h5,2b1nr2/r3ppk1/2p3pp/qp1p4/p2P2PP/2PBPP2/PP1QN3/2KR3R w - - 0 17
f3f4,2b1nr2/r3ppk1/2p4p/qp1p2pP/p2P2P1/2PBPP2/PP1QN3/2KR3R w - - 0 18
d3c2,2b1nr2/r3p1k1/2p2p1p/qp1p2pP/p2P1PP1/2PBP3/PP1QN3/2KR3R w - - 0 19
d2d3,2b2r2/r3p1k1/2pn1p1p/qp1p2pP/p2P1PP1/2P1P3/PPBQN3/2KR3R w - - 2 20
e2g3,2b2r2/r3p1k1/2p2p1p/qp1p2pP/p2PnPP1/2PQP3/PPB1N3/2KR3R w - - 4 21
g3e4,5r2/r3p1k1/2p2p1p/qp1p2pP/p2PnPb1/2PQP1N1/PPB5/2KR3R w - - 0 22
f4g5,5r2/r3p1k1/2p2p1p/qp1p1bpP/p2PNP2/2PQP3/PPB5/2KR3R w - - 1 23
d3e2,5r2/r3p1k1/2p4p/qp1p1bpP/p2PN3/2PQP3/PPB5/2KR3R w - - 0 24
a2a3,5r2/r3p1k1/2p4p/qp3bpP/p2Pp3/2P1P3/PPB1Q3/2KR3R w - - 0 25
h1g1,5r2/r5k1/2p1p2p/qp3bpP/p2Pp3/P1P1P3/1PB1Q3/2KR3R w - - 0 26
e2g2,5r1k/r7/2p1p2p/qp3bpP/p2Pp3/P1P1P3/1PB1Q3/2KR2R1 w - - 2 27
c2e4,5r1k/2r5/2p1p2p/qp3bpP/p2Pp3/P1P1P3/1PB3Q1/2KR2R1 w - - 4 28
d4c5,5r1k/2r5/4p2p/qpp2bpP/p2PB3/P1P1P3/1P4Q1/2KR2R1 w - - 0 29
e1c1,r2qk2r/1ppn1pbp/p3pnp1/3pN3/3P1B1P/2N1P3/PPP1QPP1/R3K2R w KQkq - 1 10
c1b1,r3k2r/1ppnqpbp/p3pnp1/3pN3/3P1B1P/2N1P3/PPP1QPP1/2KR3R w kq - 3 11
e5c6,2kr3r/1ppnqpbp/p3pnp1/3pN3/3P1B1P/2N1P3/PPP1QPP1/1K1R3R w - - 5 12
c6d8,2krq2r/1ppn1pbp/p1N1pnp1/3p4/3P1B1P/2N1P3/PPP1QPP1/1K1R3R w - - 7 13
e3e4,2kq3r/1ppn1pbp/p3pnp1/3p4/3P1B1P/2N1P3/PPP1QPP1/1K1R3R w - - 0 14
c3e4,2kq3r/1ppn1pbp/p3pnp1/8/3PpB1P/2N5/PPP1QPP1/1K1R3R w - - 0 15
f4g5,2kq3r/1pp2pbp/pn2pnp1/8/3PNB1P/8/PPP1QPP1/1K1R3R w - - 1 16
g5f6,2kq3r/1pp2pb1/pn2pnpp/6B1/3PN2P/8/PPP1QPP1/1K1R3R w - - 0 17
e4f6,2kq3r/1pp2p2/pn2pbpp/8/3PN2P/8/PPP1QPP1/1K1R3R w - - 0 18
e2e5,2k4r/1pp2p2/pn2pqpp/8/3P3P/8/PPP1QPP1/1K1R3R w - - 0 19
d4e5,2k4r/1pp2p2/pn2p1pp/4q3/3P3P/8/PPP2PP1/1K1R3R w - - 0 20
c2c4,2k4r/1pp2p2/p3p1pp/3nP3/7P/8/PPP2PP1/1K1R3R w - - 1 21
b1c2,2k4r/1pp1np2/p3p1pp/4P3/2P4P/8/PP3PP1/1K1R3R w - - 1 22
f2f4,2k4r/1pp2p2/p1n1p1pp/4P3/2P4P/8/PPK2PP1/3R3R w - - 3 23
h4h5,2k4r/1pp1np2/p3p1pp/4P3/2P2P1P/8/PPK3P1/3R3R w - - 1 24
d1d3,2k4r/1pp2p2/p3p1pp/4Pn1P/2P2P2/8/PPK3P1/3R3R w - - 1 25
f4g5,2k4r/1pp2p2/p3p2p/4PnpP/2P2P2/3R4/PPK3P1/7R w - - 0 26
g2g4,2k4r/1pp2p2/p3p3/4PnpP/2P5/3R4/PPK3P1/7R w - - 0 27
d3f3,2k4r/1pp2p2/p3p2n/4P1pP/2P3P1/3R4/PPK5/7R w - - 1 28
h1g1,2k5/1pp2p1r/p3p2n/4P1pP/2P3P1/5R2/PPK5/7R w - - 3 29
f5h3,r4rk1/1ppqnppp/p1np4/2b1pb2/2P5/P1NP1NP1/1P1BPPBP/R2QR1K1 b - - 4 10
f7f5,r4rk1/1ppqnppp/p1np4/2b1p3/2P5/P1NP1NPb/1P1BPP1P/R2QR1KB b - - 6 11
c5a7,r4rk1/1ppqn1pp/p1np4/2b1pp2/1PP5/P1NP1NPb/3BPP1P/R2QR1KB b - - 0 12
a6b5,r4rk1/bppqn1pp/p1np4/1P2pp2/2P5/P1NP1NPb/3BPP1P/R2QR1KB b - - 0 13
c6d8,r4rk1/bppqn1pp/2np4/1P2pp2/8/P1NP1NPb/3BPP1P/R2QR1KB b - - 0 14
f5f4,r2n1rk1/bppqn1pp/3p4/1P2pp2/P7/2NP1NPb/3BPP1P/R2QR1KB b - - 0 15
g8h8,r2n1rk1/bppqn1pp/3p4/1P2p3/P4p2/1QNP1NPb/3BPP1P/R3R1KB b - - 1 16
f4g3,r2n1r1k/bppqn1pp/3p4/1P2p1N1/P4p2/1QNP2Pb/3BPP1P/R3R1KB b - - 3 17
g3f2,r2n1r1k/bppqn1pp/3p4/1P2p1N1/P7/1QNP1Bpb/3BPP1P/R3R1K1 b - - 1 18
f2e1q,r2n1r1k/bppqn1pp/3p4/1P2p1N1/P7/1QNP1B1b/3BPp1P/R3R2K b - - 1 19
h7h6,r2n1r1k/bppqn1pp/3p4/1P2p1N1/P7/1QNP1B1b/3BP2P/4R2K b - - 0 20
d8e6,r2n1r1k/bppqn1p1/3p3p/1P2p3/P3N3/1QNP1B1b/3BP2P/4R2K b - - 1 21
h3g2,r4r1k/bppqn1p1/3pn2p/1P2p3/P3N3/1QNP3b/3BP1BP/4R2K b - - 3 22
e6d4,r4r1k/bppqn1p1/3pn2p/1P2p3/P3N3/1QNP4/3BP1KP/4R3 b - - 0 23
d7g4,r4r1k/bppqn1p1/3p3p/1P2p3/P2nN3/2NP4/3BP1KP/3QR3 b - - 2 24
f8f7,r4r1k/bpp1n1p1/3p3p/1P2p3/P2nN1q1/2NP4/3BP2P/3QR2K b - - 4 25
g4h5,r6k/bpp1nrp1/3p3p/1P2p3/P2nN1q1/2NP4/3BP2P/3Q2RK b - - 6 26
h5h3,r6k/bpp1nrp1/3p3p/1P2p2q/P2n4/2NP2N1/3BP2P/3Q2RK b - - 8 27
a8f8,r6k/bpp1nrp1/3p3p/1P2p3/P2nN3/3P2Nq/3BP2P/3Q2RK b - - 10 28
d4f3,5r1k/bpp1nrp1/3p3p/1P2p3/P2nN3/3PB1Nq/4P2P/3Q2RK b - - 12 29
