e5d4,r1bq1rk1/ppp1npb1/2n3pp/4p3/3PP3/3P1NP1/PP2NPBP/R1BQ1RK1 b - - 0 10
a7a5,r1bq1rk1/ppp1npb1/2n3pp/8/3pP3/P2P1NP1/1P2NPBP/R1BQ1RK1 b - - 0 11
a5a4,r1bq1rk1/1pp1npb1/2n3pp/p7/3pP2N/P2P2P1/1P2NPBP/R1BQ1RK1 b - - 1 12
c6a5,r1bq1rk1/1pp1npb1/2n3pp/8/p2pPP1N/P2P2P1/1P2N1BP/R1BQ1RK1 b - - 0 13
a8a6,r1bq1rk1/1pp1npb1/6pp/n4P2/p2pP2N/P2P2P1/1P2N1BP/R1BQ1RK1 b - - 0 14
a5b3,2bq1rk1/1pp1npb1/r5pp/n4P2/p2pP2N/P2P2P1/1P2N1BP/R1BQ1R1K b - - 2 15
g6g5,2bq1rk1/1pp1npb1/r5pp/5P2/p2pP2N/Pn1P2P1/1P2N1BP/1RBQ1R1K b - - 4 16
c7c5,2bq1rk1/1pp1npb1/r6p/5Pp1/p2pP3/Pn1P1NP1/1P2N1BP/1RBQ1R1K b - - 1 17
b3c1,2bq1rk1/1p2npb1/r6p/2p2Pp1/p2pP3/Pn1P2P1/1P1NN1BP/1RBQ1R1K b - - 1 18
b7b6,2bq1rk1/1p2npb1/r6p/2p2Pp1/p2pP3/P2P2P1/1P1NN1BP/2RQ1R1K b - - 0 19
g7f6,2bq1rk1/4npb1/rp3P1p/2p3p1/p2pP3/P2P2P1/1P1NN1BP/2RQ1R1K b - - 0 20
e7g6,2bq1rk1/4np2/rp3R1p/2p3p1/p2pP3/P2P2P1/1P1NN1BP/2RQ3K b - - 0 21
g8g7,2bq1rk1/5p2/rp3Rnp/2p3p1/p2pP3/P2P2P1/1P1NN1BP/2R2Q1K b - - 2 22
g6e5,2bq1r2/5pk1/rp4np/2p3p1/p2pP3/P2P2P1/1P1NNRBP/2R2Q1K b - - 4 23
e5g4,2bq1r2/5pk1/rp5p/2p1n1p1/p2pP3/P2P2P1/1P1N1RBP/2R2QNK b - - 6 24
g4e3,2bq1r2/5pk1/rp5p/2p3p1/p2pP1n1/P2P2P1/1P1NR1BP/2R2QNK b - - 8 25
e3g4,2bq1r2/5pk1/rp5p/2p3p1/p2pP3/P2Pn1P1/1P1NRQBP/2R3NK b - - 10 26
c8e6,2bq1r2/5pk1/rp5p/2p3p1/p2pP1n1/P2P2P1/1P1NR1BP/2R1Q1NK b - - 12 27
g4e5,3q1r2/5pk1/rp2b2p/2p3p1/p2pP1n1/P2P2P1/1P2R1BP/2R1QNNK b - - 14 28
e6g4,3q1r2/5pk1/rp2b2p/2p1n1p1/p2pP3/P2P2P1/1P1R2BP/2R1QNNK b - - 16 29
a2a3,r2q1rk1/pbpn1pp1/1p1ppn1p/8/1bPP3B/2NBPN2/PPQ2PPP/R3K2R w KQ - 2 10
b2c3,r2q1rk1/pbpn1pp1/1p1ppn1p/8/2PP3B/P1bBPN2/1PQ2PPP/R3K2R w KQ - 0 11
f3d2,r2q1rk1/pb1n1pp1/1p1ppn1p/2p5/2PP3B/P1PBPN2/2Q2PPP/R3K2R w KQ - 0 12
e1g1,2rq1rk1/pb1n1pp1/1p1ppn1p/2p5/2PP3B/P1PBP3/2QN1PPP/R3K2R w KQ - 2 13
c2b2,2r2rk1/pbqn1pp1/1p1ppn1p/2p5/2PP3B/P1PBP3/2QN1PPP/R4RK1 w - - 4 14
d4d5,2r2rk1/pbqn1pp1/1p1p1n1p/2p1p3/2PP3B/P1PBP3/1Q1N1PPP/R4RK1 w - - 0 15
f2f3,4rrk1/pbqn1pp1/1p1p1n1p/2pPp3/2P4B/P1PBP3/1Q1N1PPP/R4RK1 w - - 1 16
a3a4,2b1rrk1/p1qn1pp1/1p1p1n1p/2pPp3/2P4B/P1PBPP2/1Q1N2PP/R4RK1 w - - 1 17
b2c2,2b1rrk1/2qn1pp1/1p1p1n1p/p1pPp3/P1P4B/2PBPP2/1Q1N2PP/R4RK1 w - - 0 18
g2g4,2b1rrk1/2qn1pp1/1p1p3p/p1pPp2n/P1P4B/2PBPP2/2QN2PP/R4RK1 w - - 2 19
h4g3,2b1rrk1/2qn1pp1/1p1p1n1p/p1pPp3/P1P3PB/2PBPP2/2QN3P/R4RK1 w - - 1 20
h2h4,2b1rr1k/2qn1pp1/1p1p1n1p/p1pPp3/P1P3P1/2PBPPB1/2QN3P/R4RK1 w - - 3 21
g1g2,2b1r1rk/2qn1pp1/1p1p1n1p/p1pPp3/P1P3PP/2PBPPB1/2QN4/R4RK1 w - - 1 22
f1h1,2b1rnrk/2q2pp1/1p1p1n1p/p1pPp3/P1P3PP/2PBPPB1/2QN2K1/R4R2 w - - 3 23
d2e4,2b1rnrk/4qpp1/1p1p1n1p/p1pPp3/P1P3PP/2PBPPB1/2QN2K1/R6R w - - 5 24
d3e4,2b1rnrk/4qpp1/1p1p3p/p1pPp3/P1P1n1PP/2PBPPB1/2Q3K1/R6R w - - 0 25
g4g5,2b1rnrk/4qp2/1p1p2pp/p1pPp3/P1P1B1PP/2P1PPB1/2Q3K1/R6R w - - 0 26
a1b1,2b1r1rk/4qp1n/1p1p2pp/p1pPp1P1/P1P1B2P/2P1PPB1/2Q3K1/R6R w - - 1 27
c2b3,2bqr1rk/5p1n/1p1p2pp/p1pPp1P1/P1P1B2P/2P1PPB1/2Q3K1/1R5R w - - 3 28
h4g5,2bqr1rk/5p1n/1p1p2p1/p1pPp1p1/P1P1B2P/1QP1PPB1/6K1/1R5R w - - 0 29
d4e5,r1bq1rk1/ppp3bp/2np2p1/4pp1n/2PP4/2N1PN1P/PP2BPPB/R2QK2R w KQ - 0 10
d1d5,r1bq1rk1/ppp3bp/2n3p1/4pp1n/2P5/2N1PN1P/PP2BPPB/R2QK2R w KQ - 0 11
d5d8,r1bq1r1k/ppp3bp/2n3p1/3Qpp1n/2P5/2N1PN1P/PP2BPPB/R3K2R w KQ - 2 12
f3g5,r1br3k/ppp3bp/2n3p1/4pp1n/2P5/2N1PN1P/PP2BPPB/R3K2R w KQ - 0 13
g2g4,r1b4k/pppr2bp/2n3p1/4ppNn/2P5/2N1P2P/PP2BPPB/R3K2R w KQ - 2 14
g4f5,r1b4k/pppr2bp/2n2np1/4ppN1/2P3P1/2N1P2P/PP2BP1B/R3K2R w KQ - 1 15
h1g1,r1b4k/pppr2bp/2n2n2/4ppN1/2P5/2N1P2P/PP2BP1B/R3K2R w KQ - 0 16
e1c1,r1b4k/ppp1r1bp/2n2n2/4ppN1/2P5/2N1P2P/PP2BP1B/R3K1R1 w Q - 2 17
g5e6,r6k/ppp1r1bp/2n1bn2/4ppN1/2P5/2N1P2P/PP2BP1B/2KR2R1 w - - 4 18
c3d5,r6k/ppp3bp/2n1rn2/4pp2/2P5/2N1P2P/PP2BP1B/2KR2R1 w - - 0 19
a2a3,2r4k/ppp3bp/2n1rn2/3Npp2/2P5/4P2P/PP2BP1B/2KR2R1 w - - 2 20
d5c3,2r4k/ppp1n1bp/4rn2/3Npp2/2P5/P3P2P/1P2BP1B/2KR2R1 w - - 1 21
c3e4,2r4k/ppp1n1bp/4r3/4pp2/2P1n3/P1N1P2P/1P2BP1B/2KR2R1 w - - 3 22
e2g4,2r4k/ppp1n1bp/4r3/4p3/2P1p3/P3P2P/1P2BP1B/2KR2R1 w - - 0 23
b8d7,rnbqr1k1/pp3pbp/3p1np1/2pP4/4P3/2N5/PP1NBPPP/R1BQ1RK1 b - - 4 10
d7e5,r1bqr1k1/pp1n1pbp/3p1np1/2pP4/P3P3/2N5/1P1NBPPP/R1BQ1RK1 b - - 0 11
c8g4,r1bqr1k1/pp3pbp/3p1np1/2pPn3/P3P3/R1N5/1P1NBPPP/2BQ1RK1 b - - 2 12
g4c8,r2qr1k1/pp3pbp/3p1np1/2pPn3/P3P1b1/R1N2P2/1P1NB1PP/2BQ1RK1 b - - 0 13
e5c4,r1bqr1k1/pp3pbp/3p1np1/2pPn3/P1N1P3/R1N2P2/1P2B1PP/2BQ1RK1 b - - 2 14
a7a6,r1bqr1k1/pp3pbp/3p1np1/2pP4/P1B1P3/R1N2P2/1P4PP/2BQ1RK1 b - - 0 15
a8b8,r1bqr1k1/1p3pbp/p2p1np1/P1pP4/2B1P3/R1N2P2/1P4PP/2BQ1RK1 b - - 0 16
h7h6,1rbqr1k1/1p3pbp/p2p1np1/P1pP2B1/2B1P3/R1N2P2/1P4PP/3Q1RK1 b - - 2 17
g6g5,1rbqr1k1/1p3pb1/p2p1npp/P1pP4/2B1P2B/R1N2P2/1P4PP/3Q1RK1 b - - 1 18
f6h5,1rbqr1k1/1p3pb1/p2p1n1p/P1pP2p1/2B1P3/R1N2P2/1P3BPP/3Q1RK1 b - - 1 19
h5f4,1rbqr1k1/1p3pb1/p2p3p/P1pP2pn/2B1P3/R1N2P2/1P1Q1BPP/5RK1 b - - 3 20
f4e2,1rbqr1k1/1p3pb1/p2p3p/P1pP2p1/2B1Pn2/R4P2/1P1QNBPP/5RK1 b - - 5 21
b7b5,1rbqr1k1/1p3pb1/p2p3p/P1pP2p1/4P3/R4P2/1P1QBBPP/5RK1 b - - 0 22
b8b6,1rbqr1k1/5pb1/pP1p3p/2pP2p1/4P3/R4P2/1P1QBBPP/5RK1 b - - 0 23
d8f6,2bqr1k1/5pb1/pr1p3p/2pP2p1/4P3/RP3P2/3QBBPP/5RK1 b - - 0 24
f6g6,2b1r1k1/5pb1/pr1p1q1p/2pP2p1/2B1P3/RP3P2/3Q1BPP/5RK1 b - - 2 25
h6h5,2b1r1k1/5pb1/pr1p2qp/2pP2p1/2B1P3/RP3P1P/3Q1BP1/5RK1 b - - 0 26
h5g4,2b1r1k1/5pb1/pr1p2q1/2pP2pp/2B1P1P1/RP3P1P/3Q1B2/5RK1 b - - 0 27
g7e5,2b1r1k1/5pb1/pr1p2q1/2pP2p1/2B1P1P1/RP3P2/3Q1B2/5RK1 b - - 0 28
g8g7,2b1r1k1/5p2/pr1p2q1/2pPb1p1/2B1P1P1/RP2BP2/3Q4/5RK1 b - - 2 29
h7h5,r1bqk2r/pppnn1bp/6p1/3p1p2/3Pp3/1P2P1P1/PBPN1PBP/R2QNRK1 b kq - 2 10
d7f6,r1bqk2r/pppnn1b1/6p1/3p1p1p/3Pp2P/1P2P1P1/PBPN1PB1/R2QNRK1 b kq - 0 11
e8g8,r1bqk2r/ppp1n1b1/5np1/3p1p1p/3Pp2P/1P2P1PB/PBPN1P2/R2QNRK1 b kq - 2 12
g8h7,r1bq1rk1/ppp1n1b1/5np1/3p1p1p/3Pp2P/1P2P1PB/PBPN1PN1/R2Q1RK1 b - - 4 13
c7c6,r1bq1r2/ppp1n1bk/5np1/3p1p1p/3PpN1P/1P2P1PB/PBPN1P2/R2Q1RK1 b - - 6 14
g7h6,r1bq1r2/pp2n1bk/2p2np1/3p1p1p/2PPpN1P/1P2P1PB/PB1N1P2/R2Q1RK1 b - - 0 15
c6d5,r1bq1r2/pp2n2k/2p2npb/3P1p1p/3PpN1P/1P2P1PB/PB1N1P2/R2Q1RK1 b - - 0 16
f6g4,r1bq1r2/pp2n2k/5npb/3p1p1p/3Pp2P/1P2P1PB/PB1NNP2/R2Q1RK1 b - - 1 17
e7c6,r1bq1r2/pp2n2k/6pb/3p1p1p/3PpNnP/1P2P1PB/PB1N1P2/R2Q1RK1 b - - 3 18
f8f7,r1bq1r2/pp5k/2n3pb/3p1p1p/3PpNnP/BP2P1PB/P2N1P2/R2Q1RK1 b - - 5 19
h6f4,r1bq4/pp3r1k/2n3pb/3p1p1p/3PpNnP/BP2P1PB/P1QN1P2/R4RK1 b - - 7 20
d8h4,r1bq4/pp3r1k/2n3p1/3p1p1p/3PpPnP/BP2P2B/P1QN1P2/R4RK1 b - - 0 21
g6g5,r1b5/pp3r1k/2n3p1/3p1p1p/3PpPnq/BP2P2B/P1QN1PK1/R4R2 b - - 1 22
d5c4,r1b5/pp3r1k/2n5/3p1ppp/2NPpPnq/BP2P2B/P1Q2PK1/R4R2 b - - 1 23
f7g7,r1b5/pp3r1k/2n5/5ppp/2QPpPnq/BP2P2B/P4PK1/R4R2 b - - 0 24
g5f4,r1b2B2/pp4rk/2n5/5ppp/2QPpPnq/1P2P2B/P4PK1/R4R2 b - - 2 25
f4f3,r1b5/pp4Bk/2n5/5p1p/2QPppnq/1P2P2B/P4PK1/R4R2 b - - 0 26
h4h3,r1b5/pp4Bk/2n5/5p1p/2QPp1nq/1P2Pp1B/P4P2/R4RK1 b - - 1 27
c1d2,rn1qk2r/5ppp/p1p1pn2/1p1p4/1bPP1P2/1PN1P2P/P4P2/R1BQKB1R w KQkq - 1 10
d1c2,rn1q1rk1/5ppp/p1p1pn2/1p1p4/1bPP1P2/1PN1P2P/P2B1P2/R2QKB1R w KQ - 3 11
c4c5,r2q1rk1/3n1ppp/p1p1pn2/1p1p4/1bPP1P2/1PN1P2P/P1QB1P2/R3KB1R w KQ - 5 12
d2c3,r2q1rk1/3n1ppp/p1p1pn2/1pPp4/3P1P2/1Pb1P2P/P1QB1P2/R3KB1R w KQ - 0 13
c3b2,r2q1rk1/3n1ppp/p1p1p3/1pPp4/3PnP2/1PB1P2P/P1Q2P2/R3KB1R w KQ - 1 14
e1e2,r4rk1/3n1ppp/p1p1p3/qpPp4/3PnP2/1P2P2P/PBQ2P2/R3KB1R w KQ - 3 15
h3h4,r2q1rk1/3n1ppp/p1p1p3/1pPp4/3PnP2/1P2P2P/PBQ1KP2/R4B1R w - - 5 16
f1g2,r2q1rk1/3n2pp/p1p1p3/1pPp1p2/3PnP1P/1P2P3/PBQ1KP2/R4B1R w - - 0 17
a2a3,r2q1rk1/3n2pp/2p1p3/ppPp1p2/3PnP1P/1P2P3/PBQ1KPB1/R6R w - - 0 18
b3b4,r2q1rk1/3n2pp/2p1p3/1pPp1p2/p2PnP1P/PP2P3/1BQ1KPB1/R6R w - - 0 19
a1g1,r2q2k1/3n2pp/2p1pr2/1pPp1p2/pP1PnP1P/P3P3/1BQ1KPB1/R6R w - - 1 20
h4h5,r2q2k1/3n2pp/2p1p2r/1pPp1p2/pP1PnP1P/P3P3/1BQ1KPB1/6RR w - - 3 21
g2f3,r2q2k1/3n2pp/2p1pn1r/1pPp1p1P/pP1P1P2/P3P3/1BQ1KPB1/6RR w - - 1 22
g1g5,r3q1k1/3n2pp/2p1pn1r/1pPp1p1P/pP1P1P2/P3PB2/1BQ1KP2/6RR w - - 3 23
e2d1,4q1k1/r2n2pp/2p1pn1r/1pPp1pRP/pP1P1P2/P3PB2/1BQ1KP2/7R w - - 5 24
c2e2,4q1k1/r2n2pp/2p1p2r/1pPp1pRP/pP1PnP2/P3PB2/1BQ2P2/3K3R w - - 7 25
d1c2,4q1k1/r5pp/2p1pn1r/1pPp1pRP/pP1PnP2/P3PB2/1B2QP2/3K3R w - - 9 26
h1g1,4qk2/r5pp/2p1pn1r/1pPp1pRP/pP1PnP2/P3PB2/1BK1QP2/7R w - - 11 27
h5g6,4qk2/r6p/2p1pnpr/1pPp1pRP/pP1PnP2/P3PB2/1BK1QP2/6R1 w - - 0 28
g5g2,4qk2/r7/2p1pnpr/1pPp1pR1/pP1PnP2/P3PB2/1BK1QP2/6R1 w - - 0 29
c8f5,r1bqr1k1/ppp2ppp/2np1n2/8/2P1p3/PPN1P3/1BQPBPPP/R3K2R b KQ - 1 10
f6d5,r2qr1k1/ppp2ppp/2np1n2/3N1b2/2P1p3/PP2P3/1BQPBPPP/R3K2R b KQ - 3 11
c6e5,r2qr1k1/ppp2ppp/2np4/3P1b2/4p3/PP2P3/1BQPBPPP/R3K2R b KQ - 0 12
f7f6,r2qr1k1/ppp2ppp/3p4/3Pnb2/4p3/PPQ1P3/1B1PBPPP/R3K2R b KQ - 2 13
e5d3,r2qr1k1/ppp3pp/3p1p2/3Pnb2/4pP2/PPQ1P3/1B1PB1PP/R3K2R b KQ f3 0 14
e4d3,r2qr1k1/ppp3pp/3p1p2/3P1b2/4pP2/PPQBP3/1B1P2PP/R3K2R b KQ - 0 15
f5e4,r2qr1k1/ppp3pp/3p1p2/3P1b2/5PP1/PPQpP3/1B1P3P/R3K2R b KQ - 0 16
d8d7,r2qr1k1/ppp3pp/3p1p2/3P4/4bPP1/PPQpP3/1B1P3P/R3K1R1 b Q - 2 17
f6f5,r3r1k1/pppq2pp/3p1p2/3P2P1/4bP2/PPQpP3/1B1P3P/R3K1R1 b Q - 0 18
e8e7,r3r1k1/pppq2pp/3p4/3P1pP1/4bP1P/PPQpP3/1B1P4/R3K1R1 b Q - 0 19
d7e8,r5k1/pppqr1pp/3p4/3P1pPP/4bP2/PPQpP3/1B1P4/R3K1R1 b Q - 0 20
h7h6,r3q1k1/ppp1r1pp/3p2P1/3P1p1P/4bP2/PPQpP3/1B1P4/R3K1R1 b Q - 0 21
e8b5,r3q1k1/ppp1r1p1/3p2Pp/3P1p1P/4bP2/PPQpP3/1B1P1K2/R5R1 b - - 1 22
b5d5,r5k1/ppp1r1p1/3p2Pp/1q1P1p1P/2Q1bP2/PP1pP3/1B1P1K2/R5R1 b - - 3 23
e4d5,r5k1/ppp1r1p1/3p2Pp/3Q1p1P/4bP2/PP1pP3/1B1P1K2/R5R1 b - - 0 24
a7a5,r5k1/ppp1r1p1/3p2Pp/3b1p1P/1P3P2/P2pP3/1B1P1K2/R5R1 b - - 0 25
b7b6,r5k1/1pp1r1p1/3p2Pp/p2b1p1P/1P3P2/P2pP3/1B1P1K2/R1R5 b - - 1 26
d5b3,r5k1/2p1r1p1/1p1p2Pp/pP1b1p1P/5P2/P2pP3/1B1P1K2/R1R5 b - - 0 27
b3c2,r5k1/2p1r1p1/1p1p2Pp/pP3p1P/P4P2/1b1pP3/1B1P1K2/R1R5 b - - 0 28
g8f8,r5k1/2p1r1p1/1p1p2Pp/pP3p1P/P2B1P2/3pP3/2bP1K2/R1R5 b - - 2 29
d4e5,r1bq1rk1/1p1nbppp/p1p2n2/2Ppp1B1/3P4/2NBPN2/PP3PPP/2RQK2R w K - 0 10
g5f4,r1bqnrk1/1p1nbppp/p1p5/2PpP1B1/8/2NBPN2/PP3PPP/2RQK2R w K - 1 11
d3b1,r1bqnrk1/1p2bppp/p1p5/2npP3/5B2/2NBPN2/PP3PPP/2RQK2R w K - 0 12
f4h6,r1bqnrk1/1p2bp1p/p1p3p1/2npP3/5B2/2N1PN2/PP3PPP/1BRQK2R w K - 0 13
h2h4,r1bq1rk1/1p2bpnp/p1p3pB/2npP3/8/2N1PN2/PP3PPP/1BRQK2R w K - 2 14
h4h5,r1bqr1k1/1p2bpnp/p1p3pB/2npP3/7P/2N1PN2/PP3PP1/1BRQK2R w K - 1 15
h6g7,r2qr1k1/1p2bpnp/p1p3pB/2npPb1P/8/2N1PN2/PP3PP1/1BRQK2R w K - 1 16
g7h6,r2qr1k1/1p2bpBp/p1p3p1/2npP2P/8/2N1PN2/PP3PP1/1bRQK2R w K - 0 17
e1e2,r2qr1k1/1p2bp1p/p1p3pB/3pP2P/8/2NnPN2/PP3PP1/1bRQK2R w K - 2 18
d1c1,r2qr1k1/1p2bp1p/p1p3pB/3pP2P/8/2N1PN2/PP2KPP1/1bnQ3R w - - 0 19
f3d4,r2qr1k1/1p2bp1p/p1p3pB/3pPb1P/8/2N1PN2/PP2KPP1/2Q4R w - - 1 20
h5g6,r2qr1k1/1p3p1p/p1p3pB/3pPbbP/3N4/2N1P3/PP2KPP1/2Q4R w - - 3 21
f2f4,r2qr1k1/1p3p1p/p1p3bB/3pP1b1/3N4/2N1P3/PP2KPP1/2Q4R w - - 0 22
h1h6,r2qr1k1/1p3p1p/p1p3bb/3pP3/3N1P2/2N1P3/PP2K1P1/2Q4R w - - 0 23
d4f3,r2qr1k1/1p3p1p/p5bR/2ppP3/3N1P2/2N1P3/PP2K1P1/2Q5 w - - 0 24
c3d1,r2qr1k1/1p3p1p/p5bR/2p1P3/3p1P2/2N1PN2/PP2K1P1/2Q5 w - - 0 25
d1f2,r3r1k1/1p3p1p/p5bR/2pqP3/3p1P2/4PN2/PP2K1P1/2QN4 w - - 2 26
f2g4,3rr1k1/1p3p1p/p5bR/2pqP3/3p1P2/4PN2/PP2KNP1/2Q5 w - - 4 27
g4f6,3rr1k1/1p3p1p/p5bR/2p1P3/3p1PN1/4PN2/qP2K1P1/2Q5 w - - 0 28
f3h4,3rrk2/1p3p1p/p4NbR/2p1P3/3p1P2/4PN2/qP2K1P1/2Q5 w - - 2 29
b8a6,rnbq1rk1/pp1n1pbp/3p2p1/1BpP4/P3PP2/2N2N2/1P4PP/R1BQK2R b KQ - 2 10
a6b4,r1bq1rk1/pp1n1pbp/n2p2p1/1BpP4/P3PP2/2N2N2/1P4PP/R1BQ1RK1 b - - 4 11
a7a6,r1bq1rk1/pp1n1pbp/3p2p1/1BpP4/Pn2PP2/2N2N2/1P4PP/R1BQR1K1 b - - 6 12
f8e8,r1bq1rk1/1p1n1pbp/p2p2p1/2pP4/Pn2PP2/2N2N2/1P4PP/R1BQRBK1 b - - 1 13
d7f6,r1bqr1k1/1p1n1pbp/p2p2p1/2pP4/Pn2PP2/2N1BN2/1P4PP/R2QRBK1 b - - 3 14
f6h5,r1bqr1k1/1p3pbp/p2p1np1/2pP4/Pn2PP2/2N2N2/1P3BPP/R2QRBK1 b - - 5 15
c8g4,r1bqr1k1/1p3pbp/p2p2p1/2pP3n/Pn2PP2/2N2N2/1P1Q1BPP/R3RBK1 b - - 7 16
h5f6,r2qr1k1/1p3pbp/p2p2p1/2pP3n/Pn2PPb1/2N2N2/1P1QBBPP/R3R1K1 b - - 9 17
g4f3,r2qr1k1/1p3pbp/p2p1np1/2pP4/Pn2PPb1/2N2N1P/1P1QBBP1/R3R1K1 b - - 0 18
f6d7,r2qr1k1/1p3pbp/p2p1np1/2pP4/Pn2PP2/2N2B1P/1P1Q1BP1/R3R1K1 b - - 0 19
b7b5,r2qr1k1/1p1n1pbp/p2p2p1/P1pP4/1n2PP2/2N2B1P/1P1Q1BP1/R3R1K1 b - - 0 20
d8b6,r2qr1k1/3n1pbp/pP1p2p1/2pP4/1n2PP2/2N2B1P/1P1Q1BP1/R3R1K1 b - - 0 21
b6b7,r3r1k1/3n1pbp/pq1p2p1/2pP4/1n2PP2/2N4P/1P1QBBP1/R3R1K1 b - - 1 22
d7b6,r3r1k1/1q1n1pbp/p2p2p1/2pP4/1n2PP2/2N4P/1P1Q1BP1/R3RBK1 b - - 3 23
a8d8,r3r1k1/1q3pbp/pn1p2p1/2pP4/1n2PP2/2N4P/1P1Q1BP1/3RRBK1 b - - 5 24
b7e7,3rr1k1/1q3pbp/pn1p2p1/2pP4/1n2PP2/2N4P/1P1Q1BP1/3RRB1K b - - 7 25
d6e5,3rr1k1/4qpbp/pn1p2p1/2pPP3/1n3P2/2N4P/1P1Q1BP1/3RRB1K b - - 0 26
e7b7,3rr1k1/4qpbp/pn1P2p1/2p1p3/1n3P2/2N4P/1P1Q1BP1/3RRB1K b - - 0 27
b4c6,3rr1k1/1q3pbp/pn1P2p1/2B1p3/1n3P2/2N4P/1P1Q2P1/3RRB1K b - - 0 28
c6d4,3rr1k1/1q3pbp/pnnP2p1/2B1p3/5P2/2N4P/1P1Q2P1/R3RB1K b - - 2 29
c1f4,r3kb1r/ppq2ppp/2p2n2/4nb2/P1N5/2N3P1/1P2PP1P/R1BQKB1R w KQkq - 0 10
a4a5,r3kb1r/ppqn1ppp/2p5/4nb2/P1N2B2/2N3P1/1P2PP1P/R2QKB1R w KQkq - 2 11
f1g2,r3kb1r/ppqn2pp/2p2p2/P3nb2/2N2B2/2N3P1/1P2PP1P/R2QKB1R w KQkq - 0 12
f4e5,r3kb1r/ppq3pp/2p2p2/P1n1nb2/2N2B2/2N3P1/1P2PPBP/R2QK2R w KQkq - 2 13
e1g1,r3kb1r/ppq3pp/2p5/P1n1pb2/2N5/2N3P1/1P2PPBP/R2QK2R w KQkq - 0 14
d1c1,3rkb1r/ppq3pp/2p5/P1n1pb2/2N5/2N3P1/1P2PPBP/R2Q1RK1 w k - 2 15
c1g5,3rkb1r/ppq3pp/2p5/P3pb2/2N5/1nN3P1/1P2PPBP/R1Q2RK1 w k - 4 16
a1d1,3rkb1r/ppq4p/2p3p1/P3pbQ1/2N5/1nN3P1/1P2PPBP/R4RK1 w k - 0 17
g5h6,3rk2r/ppq1b2p/2p3p1/P3pbQ1/2N5/1nN3P1/1P2PPBP/3R1RK1 w k - 2 18
h6e3,3rkb1r/ppq4p/2p3pQ/P3pb2/2N5/1nN3P1/1P2PPBP/3R1RK1 w k - 4 19
d1d8,3rk2r/ppq4p/2p3p1/P1b1pb2/2N5/1nN1Q1P1/1P2PPBP/3R1RK1 w k - 6 20
e3e5,3k3r/ppq4p/2p3p1/P1b1pb2/2N5/1nN1Q1P1/1P2PPBP/5RK1 w - - 0 21
c4e5,3k3r/pp5p/2p3p1/P1b1qb2/2N5/1nN3P1/1P2PPBP/5RK1 w - - 0 22
e5c4,3kr3/pp5p/2p3p1/P1b1Nb2/8/1nN3P1/1P2PPBP/5RK1 w - - 1 23
c4d2,3kr3/pp5p/2p1b1p1/P1b5/2N5/1nN3P1/1P2PPBP/5RK1 w - - 3 24
d2e4,3kr3/pp5p/2p1b1p1/n1b5/8/2N3P1/1P1NPPBP/5RK1 w - - 0 25
f1a1,3kr3/pp2b2p/2p1b1p1/n7/4N3/2N3P1/1P2PPBP/5RK1 w - - 2 26
a1a7,3kr3/pp2b2p/2p1b1p1/8/2n1N3/2N3P1/1P2PPBP/R5K1 w - - 4 27
b2b3,4r3/Rpk1b2p/2p1b1p1/8/2n1N3/2N3P1/1P2PPBP/6K1 w - - 1 28
c3a4,4r3/Rpk1b2p/1np1b1p1/8/4N3/1PN3P1/4PPBP/6K1 w - - 1 29
e4e5,rnb1k2r/pp3pp1/4pq1p/8/1bBpP3/2N2N2/PP3PPP/R2Q1RK1 w kq - 0 10
c3e4,rnbqk2r/pp3pp1/4p2p/4P3/1bBp4/2N2N2/PP3PPP/R2Q1RK1 w kq - 1 11
d1e2,rnbq1rk1/pp3pp1/4p2p/4P3/1bBpN3/5N2/PP3PPP/R2Q1RK1 w - - 3 12
e4g3,rnb2rk1/pp3pp1/4p2p/q3P3/1bBpN3/5N2/PP2QPPP/R4RK1 w - - 5 13
a2a3,r1b2rk1/pp1n1pp1/4p2p/q3P3/1bBp4/5NN1/PP2QPPP/R4RK1 w - - 7 14
b2b4,r1b2rk1/pp1nbpp1/4p2p/q3P3/2Bp4/P4NN1/1P2QPPP/R4RK1 w - - 1 15
c4d3,r1b2rk1/pp1nbpp1/1q2p2p/4P3/1PBp4/P4NN1/4QPPP/R4RK1 w - - 1 16
e2e4,r1b2rk1/1p1nbpp1/1q2p2p/p3P3/1P1p4/P2B1NN1/4QPPP/R4RK1 w - - 0 17
e4g4,r1b2rk1/1p1nbp2/1q2p1pp/p3P3/1P1pQ3/P2B1NN1/5PPP/R4RK1 w - - 0 18
h2h4,r1b2r1k/1p1nbp2/1q2p1pp/p3P3/1P1p2Q1/P2B1NN1/5PPP/R4RK1 w - - 2 19
g4f4,r1b3rk/1p1nbp2/1q2p1pp/p3P3/1P1p2QP/P2B1NN1/5PP1/R4RK1 w - - 1 20
h4h5,r1b3r1/1p1nbpk1/1q2p1pp/p3P3/1P1p1Q1P/P2B1NN1/5PP1/R4RK1 w - - 3 21
f4e4,r1b3r1/1p1nbpk1/1q2p2p/p3P1pP/1P1p1Q2/P2B1NN1/5PP1/R4RK1 w - - 0 22
f3d4,r1b4r/1p1nbpk1/1q2p2p/p3P1pP/1P1pQ3/P2B1NN1/5PP1/R4RK1 w - - 2 23
a3b4,r1b4r/1p1nbpk1/1q2p2p/4P1pP/1p1NQ3/P2B2N1/5PP1/R4RK1 w - - 0 24
f1a1,2b4r/1p1nbpk1/1q2p2p/4P1pP/1P1NQ3/3B2N1/5PP1/r4RK1 w - - 0 25
a1b1,2b4r/1p1n1pk1/1q2p2p/4P1pP/1b1NQ3/3B2N1/5PP1/R5K1 w - - 0 26
b1b4,2b4r/1p3pk1/1q2p2p/2n1P1pP/1b1NQ3/3B2N1/5PP1/1R4K1 w - - 2 27
e4f3,2b4r/1p3pk1/4p2p/q1n1P1pP/1R1NQ3/3B2N1/5PP1/6K1 w - - 1 28
f3f6,2b4r/1p3pk1/4p2p/2n1P1pP/1q1N4/3B1QN1/5PP1/6K1 w - - 0 29
b7c6,r1bqk2r/pp2ppnp/2B3p1/2P3P1/3p4/1P6/P1PQPP1P/RN2K1NR b KQkq - 0 10
g7e6,r1bqk2r/p3ppnp/2p3p1/2P3P1/3p4/1P3N2/P1PQPP1P/RN2K2R b KQkq - 1 11
d8d5,r1bqk2r/p3pp1p/2p1n1p1/2P3P1/3p4/NP3N2/P1PQPP1P/R3K2R b KQkq - 3 12
d5c5,r1b1k2r/p3pp1p/2p1n1p1/2Pq2P1/3p4/NP3N2/P1PQPP1P/2KR3R b kq - 5 13
e8g8,r1b1k2r/p3pp1p/2p1n1p1/2q3P1/3p4/NP3N2/PKPQPP1P/3R3R b kq - 1 14
f8d8,r1b2rk1/p3pp1p/2p1n1p1/2q3P1/3p3P/NP3N2/PKPQPP2/3R3R b - - 0 15
c8a6,r1br2k1/p3pp1p/2p1n1p1/2q3PP/3p4/NP3N2/PKPQPP2/3R3R b - - 0 16
f7g6,r2r2k1/p3pp1p/b1p1n1P1/2q3P1/3p4/NP3N2/PKPQPP2/3R3R b - - 0 17
c5f5,r2r2k1/p3p2p/b1p1n1p1/2q3P1/3p4/1P3N2/PKPQPP2/1N1R3R b - - 1 18
c6c5,r2r2k1/p3p2p/b1p1n1p1/5qP1/3p3R/1P3N2/PKPQPP2/1N1R4 b - - 3 19
e6f8,r2r2k1/p3p2p/b3n1p1/2p2qP1/3p3R/1P3N2/PKPQPP2/1N5R b - - 1 20
a8b8,r2r1nk1/p3p2p/b5p1/2p2qP1/3p3R/1P3N1R/PKPQPP2/1N6 b - - 3 21
f5e6,1r1r1nk1/p3p2p/b5p1/2p2qP1/3pP2R/1P3N1R/PKPQ1P2/1N6 b - e3 0 22
c5c4,1r1r1nk1/p3p2p/b3q1p1/2p3P1/3pP2R/1P5R/PKPQ1P1N/1N6 b - - 2 23
b8c8,1r1r1nk1/p3p2p/b3q1p1/6P1/2ppP1NR/1P5R/PKPQ1P2/1N6 b - - 1 24
g8g7,2rr1nk1/p3p2p/b3q1pN/6P1/2ppP2R/1P5R/PKPQ1P2/1N6 b - - 3 25
c4c3,2rr1n2/p3p1kp/b3q1pN/6P1/2ppPQ1R/1P5R/PKP2P2/1N6 b - - 5 26
d4d3,2rr1n2/p3p1kp/b3q1pN/6P1/3pPQ1R/1Pp4R/P1P2P2/1NK5 b - - 1 27
a6d3,2rr1n2/p3p1kp/b3q1pN/6P1/4PQ1R/1PpP3R/P4P2/1NK5 b - - 0 28
d3e2,2rr1n2/p3p1kp/4q1pN/6P1/4PQ1R/NPpb3R/P4P2/2K5 b - - 1 29
d1d3,r2qk2r/pp1n1pp1/2pbpn1p/3p4/2PP4/1PNbPN1P/PB3PP1/R2QK2R w KQkq - 0 10
e1g1,r2q1rk1/pp1n1pp1/2pbpn1p/3p4/2PP4/1PNQPN1P/PB3PP1/R3K2R w KQ - 1 11
e3e4,r4rk1/pp1nqpp1/2pbpn1p/3p4/2PP4/1PNQPN1P/PB3PP1/R4RK1 w - - 3 12
c3e4,r4rk1/pp1nqpp1/2pbpn1p/8/2PPp3/1PNQ1N1P/PB3PP1/R4RK1 w - - 0 13
d3e4,r4rk1/pp1nqpp1/2pbp2p/8/2PPn3/1P1Q1N1P/PB3PP1/R4RK1 w - - 0 14
b2c3,r4rk1/pp1nqpp1/2p1p2p/8/2PPQ3/bP3N1P/PB3PP1/R4RK1 w - - 1 15
c3b2,r4rk1/pp1nqpp1/2p1p2p/8/1bPPQ3/1PB2N1P/P4PP1/R4RK1 w - - 3 16
a1b1,r4rk1/pp1nqpp1/2p1p2p/8/2PPQ3/bP3N1P/PB3PP1/R4RK1 w - - 5 17
b1b2,r4rk1/pp1nqpp1/2p1p2p/8/2PPQ3/1P3N1P/Pb3PP1/1R3RK1 w - - 0 18
f1d1,r4rk1/1p1nqpp1/2p1p2p/p7/2PPQ3/1P3N1P/PR3PP1/5RK1 w - - 0 19
e4e2,r2r2k1/1p1nqpp1/2p1p2p/p7/2PPQ3/1P3N1P/PR3PP1/3R2K1 w - - 2 20
a2a4,r2r2k1/1p2qpp1/2p1pn1p/p7/2PP4/1P3N1P/PR2QPP1/3R2K1 w - - 4 21
b2d2,r5k1/1p2qpp1/2prpn1p/p7/P1PP4/1P3N1P/1R2QPP1/3R2K1 w - - 1 22
f3e5,3r2k1/1p2qpp1/2prpn1p/p7/P1PP4/1P3N1P/3RQPP1/3R2K1 w - - 3 23
c4c5,3r2k1/1pq2pp1/2prpn1p/p3N3/P1PP4/1P5P/3RQPP1/3R2K1 w - - 5 24
e5c4,3r2k1/1pq2pp1/2p1pn1p/p1PrN3/P2P4/1P5P/3RQPP1/3R2K1 w - - 1 25
d2d3,3r2k1/1pqr1pp1/2p1pn1p/p1P5/P1NP4/1P5P/3RQPP1/3R2K1 w - - 3 26
d3g3,3r2k1/1pqr1pp1/2p1p2p/p1Pn4/P1NP4/1P1R3P/4QPP1/3R2K1 w - - 5 27
c4e5,3r2k1/1p1r1pp1/2p1p2p/p1Pn4/P1NP1q2/1P4RP/4QPP1/3R2K1 w - - 7 28
g3f3,3r2k1/1p2rpp1/2p1p2p/p1PnN3/P2P1q2/1P4RP/4QPP1/3R2K1 w - - 9 29
d2e4,rn1qk2r/pbpp1p2/1p2p2p/6p1/2PPn3/2P3B1/P2NPPPP/R2QKB1R w KQkq - 2 10
h2h4,rn1qk2r/p1pp1p2/1p2p2p/6p1/2PPb3/2P3B1/P3PPPP/R2QKB1R w KQkq - 0 11
f2f3,rn1qk2r/p1pp1p2/1p2p2p/8/2PPb1pP/2P3B1/P3PPP1/R2QKB1R w KQkq - 0 12
g2f3,rn1qk2r/p1pp1p2/1p2p2p/8/2PPb2P/2P2pB1/P3P1P1/R2QKB1R w KQkq - 0 13
e2e4,rn1qk2r/pbpp1p2/1p2p2p/8/2PP3P/2P2PB1/P3P3/R2QKB1R w KQkq - 1 14
g3f2,rn1qk1r1/pbpp1p2/1p2p2p/8/2PPP2P/2P2PB1/P7/R2QKB1R w KQq - 1 15
h4h5,rn2k1r1/pbppqp2/1p2p2p/8/2PPP2P/2P2P2/P4B2/R2QKB1R w KQq - 3 16
f2h4,r3k1r1/pbppqp2/1pn1p2p/7P/2PPP3/2P2P2/P4B2/R2QKB1R w KQq - 1 17
d1d2,r3k1r1/pbppq3/1pn1pp1p/7P/2PPP2B/2P2P2/P7/R2QKB1R w KQq - 0 18
d2f4,r3k1r1/pbpp2q1/1pn1pp1p/7P/2PPP2B/2P2P2/P2Q4/R3KB1R w KQq - 2 19
h4f6,2kr2r1/pbpp2q1/1pn1pp1p/7P/2PPPQ1B/2P2P2/P7/R3KB1R w KQ - 4 20
f4g3,2kr2r1/pbpp4/1pn1pB1p/7P/2PPPQ2/2P2Pq1/P7/R3KB1R w KQ - 1 21
f6d8,2kr4/pbpp4/1pn1pB1p/7P/2PPP3/2P2Pr1/P7/R3KB1R w KQ - 0 22
e1f2,3k4/pbpp4/1pn1p2p/7P/2PPP3/2P2Pr1/P7/R3KB1R w KQ - 0 23
f1d3,3k4/pbpp2r1/1pn1p2p/7P/2PPP3/2P2P2/P4K2/R4B1R w - - 2 24
a1g1,8/pbppk1r1/1pn1p2p/7P/2PPP3/2PB1P2/P4K2/R6R w - - 4 25
e4e5,8/pbpp2r1/1pn1pk1p/7P/2PPP3/2PB1P2/P4K2/6RR w - - 6 26
g1g7,8/pbpp1kr1/1pn1p2p/4P2P/2PP4/2PB1P2/P4K2/6RR w - - 1 27
h1g1,8/pbpp2k1/1pn1p2p/4P2P/2PP4/2PB1P2/P4K2/7R w - - 0 28
g1g6,8/pbpp1k2/1pn1p2p/4P2P/2PP4/2PB1P2/P4K2/6R1 w - - 2 29
f8d6,r1b1kb1r/1p1q1ppp/p1n1pn2/8/P1Bp4/1N3N2/1PP1QPPP/R1B2RK1 b kq - 0 10
d7c7,r1b1k2r/1p1q1ppp/p1nbpn2/8/P1Bp4/1N3N2/1PP1QPPP/R1BR2K1 b kq - 2 11
c6d4,r1b1k2r/1pq2ppp/p1nbpn2/8/P1BN4/5N2/1PP1QPPP/R1BR2K1 b kq - 0 12
e8g8,r1b1k2r/1pq2ppp/p2bpn2/8/P1BR4/5N2/1PP1QPPP/R1B3K1 b kq - 0 13
d6e7,r1b2rk1/1pq2ppp/p2bpn2/6B1/P1BR4/5N2/1PP1QPPP/R5K1 b - - 2 14
h7h6,r1b2rk1/1pq1bppp/p3pn2/6B1/P1BR4/5N2/1PP1QPPP/3R2K1 b - - 4 15
c7c5,r1b2rk1/1pq1bpp1/p3pn1p/8/P1BR1B2/5N2/1PP1QPPP/3R2K1 b - - 1 16
c5b6,r1b2rk1/1p2bpp1/p3pn1p/2q1N3/P1BR1B2/8/1PP1QPPP/3R2K1 b - - 3 17
e7c5,r1b2rk1/1p2bpp1/pq2pn1p/4N3/P1BR1B2/2P5/1P2QPPP/3R2K1 b - - 0 18
c5e7,r1b2rk1/1p3pp1/pq2pn1p/2b1N3/P1B2B2/2PR4/1P2QPPP/3R2K1 b - - 2 19
g8h8,r1b2rk1/1p2bpp1/pq2pn1p/4N3/P1B2B2/2P3R1/1P2QPPP/3R2K1 b - - 4 20
b6c5,r1b2r1k/1p2bpp1/pq2pn1p/4N3/P4B2/2PB2R1/1P2QPPP/3R2K1 b - - 6 21
f6g8,r1b2r1k/1p2bpp1/p3pn1p/2q1N3/P4B2/2PB2R1/1P1Q1PPP/3R2K1 b - - 8 22
c5b6,r1b2rnk/1p2bpp1/p3p2p/2q1N3/PP3B2/2PB2R1/3Q1PPP/3R2K1 b - - 0 23
g7g5,r1b2rnk/1p2bpp1/pq2p2p/4N3/PP3B2/2P3R1/2BQ1PPP/3R2K1 b - - 2 24
f7f5,r1b2rnk/1p2bp2/pq2p2p/4N1p1/PP3B2/2PQ2R1/2B2PPP/3R2K1 b - - 1 25
h8h7,r1b2rnk/1p2b3/pq2p1Np/5pp1/PP3B2/2PQ2R1/2B2PPP/3R2K1 b - - 1 26
e7f8,r1b2Nn1/1p2b2k/pq2p2p/5pp1/PP3B2/2PQ2R1/2B2PPP/3R2K1 b - - 0 27
g8e7,r1b2bn1/1p5k/pq2p2p/4Bpp1/PP6/2PQ2R1/2B2PPP/3R2K1 b - - 1 28
b6d8,r1bQ1b2/1p2n2k/pq2p2p/4Bpp1/PP6/2P3R1/2B2PPP/3R2K1 b - - 3 29
f1g2,rnq1kb1r/pp3ppp/2p1pnb1/2Pp4/3P1BP1/1QN2N1P/PP2PP2/R3KB1R w KQkq - 1 10
e2e3,r1q1kb1r/pp1n1ppp/2p1pnb1/2Pp4/3P1BP1/1QN2N1P/PP2PPB1/R3K2R w KQkq - 3 11
f3d2,r1q1k2r/pp1nbppp/2p1pnb1/2Pp4/3P1BP1/1QN1PN1P/PP3PB1/R3K2R w KQkq - 1 12
e1g1,r1q2k1r/pp1nbppp/2p1pnb1/2Pp4/3P1BP1/1QN1P2P/PP1N1PB1/R3K2R w KQ - 3 13
b3d1,r1q1nk1r/pp1nbppp/2p1p1b1/2Pp4/3P1BP1/1QN1P2P/PP1N1PB1/R4RK1 w - - 5 14
g4g5,r1q1nk1r/pp1nbpp1/2p1p1b1/2Pp3p/3P1BP1/2N1P2P/PP1N1PB1/R2Q1RK1 w - - 0 15
h3h4,r1q1n1kr/pp1nbpp1/2p1p1b1/2Pp2Pp/3P1B2/2N1P2P/PP1N1PB1/R2Q1RK1 w - - 1 16
b2b4,r1q1n2r/pp1nbppk/2p1p1b1/2Pp2Pp/3P1B1P/2N1P3/PP1N1PB1/R2Q1RK1 w - - 1 17
a2a3,r1q1n2r/1p1nbppk/p1p1p1b1/2Pp2Pp/1P1P1B1P/2N1P3/P2N1PB1/R2Q1RK1 w - - 0 18
f4g3,r1q4r/1pnnbppk/p1p1p1b1/2Pp2Pp/1P1P1B1P/P1N1P3/3N1PB1/R2Q1RK1 w - - 1 19
d1b3,r1q4r/1p1nbppk/p1p1p1b1/1nPp2Pp/1P1P3P/P1N1P1B1/3N1PB1/R2Q1RK1 w - - 3 20
b3c3,r1q4r/1p1nbppk/p1p1p1b1/2Pp2Pp/1P1P3P/PQn1P1B1/3N1PB1/R4RK1 w - - 0 21
f2f4,r1q4r/1p1nb1pk/p1p1ppb1/2Pp2Pp/1P1P3P/P1Q1P1B1/3N1PB1/R4RK1 w - - 0 22
e3e4,r1q4r/1p1nb1pk/p1p1pp2/2Pp1bPp/1P1P1P1P/P1Q1P1B1/3N2B1/R4RK1 w - - 1 23
a1e1,r1q4r/1p1nb1pk/p1p1pp2/2Pp2Pp/1P1PPPbP/P1Q3B1/3N2B1/R4RK1 w - - 1 24
c3d3,r1q2n1r/1p2b1pk/p1p1pp2/2Pp2Pp/1P1PPPbP/P1Q3B1/3N2B1/4RRK1 w - - 3 25
e4d5,r1q2n1r/1p2b1pk/p1p1p3/2Pp1pPp/1P1PPPbP/P2Q2B1/3N2B1/4RRK1 w - - 0 26
g2d5,r1q2n1r/1p2b1pk/p3p3/2Pp1pPp/1P1P1PbP/P2Q2B1/3N2B1/4RRK1 w - - 0 27
d5g2,r4n1r/1p1qb1pk/p3p3/2PB1pPp/1P1P1PbP/P2Q2B1/3N4/4RRK1 w - - 1 28
d4d5,3r1n1r/1p1qb1pk/p3p3/2P2pPp/1P1P1PbP/P2Q2B1/3N2B1/4RRK1 w - - 3 29
d3c2,rnbq1rk1/p4ppp/1p2pn2/3p4/2pP1P2/2PB1N2/PP1NQPPP/R3K2R w KQ - 0 10
f3e5,r1bq1rk1/p4ppp/1pn1pn2/3p4/2pP1P2/2P2N2/PPBNQPPP/R3K2R w KQ - 2 11
g2g4,r1b2rk1/p1q2ppp/1pn1pn2/3pN3/2pP1P2/2P5/PPBNQPPP/R3K2R w KQ - 4 12
g4g5,r4rk1/pbq2ppp/1pn1pn2/3pN3/2pP1PP1/2P5/PPBNQP1P/R3K2R w KQ - 1 13
e2h5,r4rk1/pbqn1ppp/1pn1p3/3pN1P1/2pP1P2/2P5/PPBNQP1P/R3K2R w KQ - 1 14
h5h6,r4rk1/pbqn1p1p/1pn1p1p1/3pN1PQ/2pP1P2/2P5/PPBN1P1P/R3K2R w KQ - 0 15
f4e5,r4rk1/pbqn1p1p/1p2p1pQ/3pn1P1/2pP1P2/2P5/PPBN1P1P/R3K2R w KQ - 0 16
d2f3,r3r1k1/pbqn1p1p/1p2p1pQ/3pP1P1/2pP4/2P5/PPBN1P1P/R3K2R w KQ - 1 17
h2h4,r3rnk1/pbq2p1p/1p2p1pQ/3pP1P1/2pP4/2P2N2/PPB2P1P/R3K2R w KQ - 3 18
f3h2,r3rnk1/pbq2p1p/4p1pQ/1p1pP1P1/2pP3P/2P2N2/PPB2P2/R3K2R w KQ - 0 19
h2g4,r3rnk1/pbq2p1p/4p1pQ/3pP1P1/1ppP3P/2P5/PPB2P1N/R3K2R w KQ - 0 20
g4f6,r1r2nk1/pbq2p1p/4p1pQ/3pP1P1/1ppP2NP/2P5/PPB2P2/R3K2R w KQ - 2 21
h4h5,r1r2n1k/pbq2p1p/4pNpQ/3pP1P1/1ppP3P/2P5/PPB2P2/R3K2R w KQ - 4 22
b2c3,r1r2n1k/pbq2p1p/4pNpQ/3pP1PP/2pP4/2p5/PPB2P2/R3K2R w KQ - 0 23
e1d2,r1r2n1k/pb3p1p/4pNpQ/q2pP1PP/2pP4/2P5/P1B2P2/R3K2R w KQ - 1 24
h1h3,r1r2n1k/pbq2p1p/4pNpQ/3pP1PP/2pP4/2P5/P1BK1P2/R6R w - - 3 25
a1h1,r1r2n1k/1bq2p1p/4pNpQ/p2pP1PP/2pP4/2P4R/P1BK1P2/R7 w - - 0 26
h5g6,r1r2n1k/1bq2p1p/4pNpQ/3pP1PP/p1pP4/2P4R/P1BK1P2/7R w - - 0 27
h6f8,r1r2n1k/1bq4p/4pNpQ/3pP1P1/p1pP4/2P4R/P1BK1P2/7R w - - 0 28
h3h7,r4r1k/1bq4p/4pNp1/3pP1P1/p1pP4/2P4R/P1BK1P2/7R w - - 0 29
d4c3,r1bqr1k1/1pp2ppp/2n2n2/p1b1p3/3pP3/PPPP1N2/1B1NBPPP/R2Q1RK1 b - - 1 10
c6d4,r1bqr1k1/1pp2ppp/2n2n2/p1b1p3/4P3/PPBP1N2/3NBPPP/R2Q1RK1 b - - 0 11
c5d4,r1bqr1k1/1pp2ppp/5n2/p1b1p3/3BP3/PP1P1N2/3NBPPP/R2Q1RK1 b - - 0 12
d8d4,r1bqr1k1/1pp2ppp/5n2/p3p3/3NP3/PP1P4/3NBPPP/R2Q1RK1 b - - 0 13
c7c5,r1b1r1k1/1pp2ppp/5n2/p3p3/3qP3/PP1P4/2QNBPPP/R4RK1 b - - 1 14
a8a6,r1b1r1k1/1p3ppp/5n2/p1p1p3/2NqP3/PP1P4/2Q1BPPP/R4RK1 b - - 1 15
c8e6,2b1r1k1/1p3ppp/r4n2/p1p1p3/2NqP3/PP1P4/2Q1BPPP/R1R3K1 b - - 3 16
f6d7,4r1k1/1p3ppp/r3bn2/p1p1p3/2NqP3/PP1P4/2Q1BPPP/1RR3K1 b - - 5 17
g7g6,4r1k1/1p1n1ppp/r3b3/p1p1p3/2NqP3/PP1P3P/2Q1BPP1/1RR3K1 b - - 0 18
f7f5,4r1k1/1p1n1p1p/r3b1p1/p1p1p3/2NqP1B1/PP1P3P/2Q2PP1/1RR3K1 b - - 1 19
g6f5,4r1k1/1p1n3p/r3b1p1/p1p1pP2/2Nq2B1/PP1P3P/2Q2PP1/1RR3K1 b - - 0 20
b7b5,4r1k1/1p1n3p/r3b3/p1p1pp2/2Nq4/PP1P1B1P/2Q2PP1/1RR3K1 b - - 1 21
a6d6,4r1k1/3n3p/r3b3/ppp1pp2/3q4/PP1PNB1P/2Q2PP1/1RR3K1 b - - 1 22
d4f4,4r1k1/3n3p/3rb3/ppp1pp2/3q4/PP1PNB1P/2Q2PP1/1R1R2K1 b - - 3 23
b5b4,4r1k1/3n3p/3rb3/ppp1pp2/P4q2/1P1PNB1P/2Q2PP1/1R1R2K1 b - - 0 24
e6c4,4r1k1/3n3p/3rb3/p1p1pp2/PpN2q2/1P1P1B1P/2Q2PP1/1R1R2K1 b - - 1 25
d6d4,4r1k1/3n3p/3r4/p1p1pp2/PpP2q2/1P3B1P/2Q2PP1/1R1R2K1 b - - 0 26
g8g7,4r1k1/3n3p/8/p1pBpp2/PpPr1q2/1P5P/2Q2PP1/1R1R2K1 b - - 2 27
f4g5,4r3/3n2kp/8/p1pBpp2/PpPr1q2/1P4PP/2Q2P2/1R1R2K1 b - - 0 28
e8e7,4r3/3n2kp/2B5/p1p1ppq1/PpPr4/1P4PP/2Q2P2/1R1R2K1 b - - 2 29
f1e2,rn2kb1r/1pq2p1p/p1p2pp1/5b2/2PP4/1Q3N2/PP3PPP/R1B1KB1R w KQkq - 2 10
e1g1,rn2k2r/1pq2pbp/p1p2pp1/5b2/2PP4/1Q3N2/PP2BPPP/R1B1K2R w KQkq - 4 11
c1e3,rn3rk1/1pq2pbp/p1p2pp1/5b2/2PP4/1Q3N2/PP2BPPP/R1B2RK1 w - - 6 12
h2h3,r4rk1/1pqn1pbp/p1p2pp1/5b2/2PP4/1Q2BN2/PP2BPPP/R4RK1 w - - 8 13
f1e1,r3r1k1/1pqn1pbp/p1p2pp1/5b2/2PP4/1Q2BN1P/PP2BPP1/R4RK1 w - - 1 14
d4d5,r3r1k1/2qn1pbp/p1p2pp1/1p3b2/2PP4/1Q2BN1P/PP2BPP1/R3R1K1 w - - 0 15
c4b5,r3r1k1/2qn1pbp/p1p2pp1/1p1P4/2P1b3/1Q2BN1P/PP2BPP1/R3R1K1 w - - 1 16
b5b6,r3r1k1/2qn1pbp/p1p2pp1/1P1b4/8/1Q2BN1P/PP2BPP1/R3R1K1 w - - 0 17
e2c4,r3r1k1/1q1n1pbp/pPp2pp1/3b4/8/1Q2BN1P/PP2BPP1/R3R1K1 w - - 1 18
b3c4,r3r1k1/1q1n1pbp/pPp2pp1/8/2b5/1Q2BN1P/PP3PP1/R3R1K1 w - - 0 19
c4b4,r3r1k1/1q3pbp/pnp2pp1/8/2Q5/4BN1P/PP3PP1/R3R1K1 w - - 0 20
e3b6,rr4k1/1q3pbp/pnp2pp1/8/1Q6/4BN1P/PP3PP1/R3R1K1 w - - 2 21
b4f4,rr3bk1/1q3p1p/pBp2pp1/8/1Q6/5N1P/PP3PP1/R3R1K1 w - - 1 22
b2b3,rr3bk1/5p1p/pqp2pp1/8/5Q2/5N1P/PP3PP1/R3R1K1 w - - 0 23
f3d2,rr3bk1/5p1p/pq3pp1/2p5/5Q2/1P3N1P/P4PP1/R3R1K1 w - - 0 24
f4d6,rr3bk1/5p1p/p2q1pp1/2p5/5Q2/1P5P/P2N1PP1/R3R1K1 w - - 2 25
d2e4,rr4k1/5p1p/p2b1pp1/2p5/8/1P5P/P2N1PP1/R3R1K1 w - - 0 26
a1c1,rr4k1/5p1p/p4pp1/2p1b3/4N3/1P5P/P4PP1/R3R1K1 w - - 2 27
e4c5,rr4k1/5p1p/5pp1/p1p1b3/4N3/1P5P/P4PP1/2R1R1K1 w - - 0 28
c5d7,rr6/5pkp/5pp1/p1N1b3/8/1P5P/P4PP1/2R1R1K1 w - - 1 29
b8a6,rnbq1rk1/pp1n1pbp/3p2p1/1BpP4/P3PP2/2N2N2/1P4PP/R1BQK2R b KQ - 2 10
a6b4,r1bq1rk1/pp1n1pbp/n2p2p1/1BpP4/P3PP2/2N2N2/1P4PP/R1BQ1RK1 b - - 4 11
f8e8,r1bq1rk1/pp1n1pbp/3p2p1/1BpP4/Pn2PP2/2N2N2/1P4PP/R1BQR1K1 b - - 6 12
a7a6,r1bqr1k1/pp1n1pbp/3p2p1/1BpP4/Pn2PP2/2N1BN2/1P4PP/R2QR1K1 b - - 8 13
d7b6,r1bqr1k1/1p1n1pbp/p2p2p1/2pP4/PnB1PP2/2N1BN2/1P4PP/R2QR1K1 b - - 1 14
c8g4,r1bqr1k1/1p3pbp/pn1p2p1/2pP4/Pn2PP2/2N1BN2/1P4PP/R2QRBK1 b - - 3 15
b6d7,r2qr1k1/1p3pbp/pn1p2p1/P1pP4/1n2PPb1/2N1BN2/1P4PP/R2QRBK1 b - - 0 16
g4f3,r2qr1k1/1p1n1pbp/p2p2p1/P1pP4/1n2PPb1/2N2N2/1P3BPP/R2QRBK1 b - - 2 17
g7h6,r2qr1k1/1p1n1pbp/p2p2p1/P1pP4/1n2PP2/2N2P2/1P3B1P/R2QRBK1 b - - 0 18
d7f6,r2qr1k1/1p1n1p1p/p2p2pb/P1pP4/1n2PP2/2N2PB1/1P5P/R2QRBK1 b - - 2 19
f6h5,r2qr1k1/1p3p1p/p2p1npb/P1pP4/1n2PP2/2N2PB1/1P1Q3P/R3RBK1 b - - 4 20
b7b5,r2qr1k1/1p3p1p/p2p2pb/P1pP3n/1n2PP2/2N2PBB/1P1Q3P/R3R1K1 b - - 6 21
d8b6,r2qr1k1/5p1p/pP1p2pb/2pP3n/1n2PP2/2N2PBB/1P1Q3P/R3R1K1 b - - 0 22
h5f6,r3r1k1/5p1p/pq1p2pb/2pP3n/1n2PPB1/2N2PB1/1P1Q3P/R3R1K1 b - - 1 23
c5c4,r3r1k1/5p1p/pq1p1npb/2pP4/1n2PPB1/2N2PB1/1P1Q3P/R3R2K b - - 3 24
b6b7,r3r1k1/5p1p/pq1p1npb/3P4/1np1PPB1/2N2P2/1P1Q1B1P/R3R2K b - - 1 25
f6d7,r3r1k1/1q3p1p/p2p1npb/3P4/1npBPPB1/2N2P2/1P1Q3P/R3R2K b - - 3 26
d7e5,r3r1k1/1q1n1p1p/p2p2pb/3P4/1npBPPB1/5P2/1P1QN2P/R3R2K b - - 5 27
b4d3,r3r1k1/1q3p1p/p2p2pb/3Pn3/1npBPPB1/5P2/1P1QN2P/R5RK b - - 7 28
e5g4,r3r1k1/1q3p1p/p2p2pb/3Pn3/2p1PPB1/2Bn1P2/1P1QN2P/R5RK b - - 9 29
b1a3,r1bqk2r/pp2npbp/2n3p1/2p1p3/P2pP3/3P1NP1/1PPB1PBP/RN1QK2R w KQkq - 1 10
a3c4,r1bq1rk1/pp2npbp/2n3p1/2p1p3/P2pP3/N2P1NP1/1PPB1PBP/R2QK2R w KQ - 3 11
f3h4,r1bq1rk1/pp2npb1/2n3pp/2p1p3/P1NpP3/3P1NP1/1PPB1PBP/R2QK2R w KQ - 0 12
b2b3,r2q1rk1/pp2npb1/2n1b1pp/2p1p3/P1NpP2N/3P2P1/1PPB1PBP/R2QK2R w KQ - 2 13
e1g1,r4rk1/pp1qnpb1/2n1b1pp/2p1p3/P1NpP2N/1P1P2P1/2PB1PBP/R2QK2R w KQ - 1 14
f2f4,4rrk1/pp1qnpb1/2n1b1pp/2p1p3/P1NpP2N/1P1P2P1/2PB1PBP/R2Q1RK1 w - - 3 15
g3f4,4rrk1/pp1qnpb1/2n1b1pp/2p5/P1NpPp1N/1P1P2P1/2PB2BP/R2Q1RK1 w - - 0 16
e4e5,4rrk1/pp1qn1b1/2n1b1pp/2p2p2/P1NpPP1N/1P1P4/2PB2BP/R2Q1RK1 w - - 0 17
d1e2,4rrk1/pp1qn1b1/2n3pp/2pbPp2/P1Np1P1N/1P1P4/2PB2BP/R2Q1RK1 w - - 1 18
c4d6,4rr2/pp1qn1bk/2n3pp/2pbPp2/P1Np1P1N/1P1P4/2PBQ1BP/R4RK1 w - - 3 19
g2d5,1r3r2/pp1qn1bk/2nN2pp/2pbPp2/P2p1P1N/1P1P4/2PBQ1BP/R4RK1 w - - 5 20
h4g6,1r3r2/pp1q2bk/2nN2pp/2pnPp2/P2p1P1N/1P1P4/2PBQ2P/R4RK1 w - - 0 21
g1h1,1r4r1/pp1q2bk/2nN2Np/2pnPp2/P2p1P2/1P1P4/2PBQ2P/R4RK1 w - - 1 22
d2c3,1r4r1/pp1q2bk/2nN2Np/2p1Pp2/P2p1P2/1PnP4/2PBQ2P/R4R1K w - - 3 23
g6h4,1r4r1/pp1q2bk/2nN2Np/2p1Pp2/P4P2/1PpP4/2P1Q2P/R4R1K w - - 0 24
e2h5,1r4r1/pp1q2bk/3N3p/2p1Pp2/P2n1P1N/1PpP4/2P1Q2P/R4R1K w - - 2 25
h4f3,1r4r1/pp4bk/2qN3p/2p1Pp1Q/P2n1P1N/1PpP4/2P4P/R4R1K w - - 4 26
d6b5,5rr1/pp4bk/2qN3p/2p1Pp1Q/P2n1P2/1PpP1N2/2P4P/R4R1K w - - 6 27
a1c1,5rr1/pp4bk/2q4p/1Np1Pp1Q/P4P2/1PpP1N2/2n4P/R4R1K w - - 0 28
b5c3,5rr1/pp4bk/2q4p/1Np1Pp1Q/P4P2/1PpPnN2/7P/2R2R1K w - - 2 29
c8b7,rnbq1rk1/p4ppp/1p2pn2/8/1bBP4/2N2N2/PP2QPPP/R1B2RK1 b - - 1 10
b8d7,rn1q1rk1/pb3ppp/1p2pn2/8/1bBP4/2N2N2/PP2QPPP/R1BR2K1 b - - 3 11
b4c3,r2q1rk1/pb1n1ppp/1p2pn2/3P4/1bB5/2N2N2/PP2QPPP/R1BR2K1 b - - 0 12
f7e6,r2q1rk1/pb1n1ppp/1p2Pn2/8/2B5/2b2N2/PP2QPPP/R1BR2K1 b - - 0 13
g8h8,r2q1rk1/pb1n2pp/1p2pn2/8/2B5/2P2N2/P3QPPP/R1BR2K1 b - - 0 14
b7f3,r2q1r1k/pb1n2pp/1p2Qn2/8/2B5/2P2N2/P4PPP/R1BR2K1 b - - 0 15
d8c7,r2q1r1k/p2n2pp/1p2Qn2/8/2B5/2P2P2/P4P1P/R1BR2K1 b - - 0 16
c7c3,r4r1k/p1qn2pp/1p2Qn2/1B6/8/2P2P2/P4P1P/R1BR2K1 b - - 2 17
d7c5,r4r1k/p2n2pp/1p2Qn2/1B6/8/2q1BP2/P4P1P/R2R2K1 b - - 1 18
a8c8,r4r1k/p5pp/1p1Q1n2/1Bn5/8/2q1BP2/P4P1P/R2R2K1 b - - 3 19
c3a3,2r2r1k/p5pp/1p1Q1n2/1Bn5/8/2q1BP2/P4P1P/2RR2K1 b - - 5 20
a3b4,2r2r1k/p5pp/1p1Q1n2/1Bn5/8/q3BP2/P1R2P1P/3R2K1 b - - 7 21
b4b3,2r2r1k/p5pp/1p1Q1n2/1Bn5/Pq6/4BP2/2R2P1P/3R2K1 b - - 0 22
c8d8,2r2r1k/p5pp/1p1Q1n2/1Bn5/P7/1q2BP2/2R2P1P/2R3K1 b - - 2 23
f6d5,3r1r1k/p3Q1pp/1p3n2/1Bn5/P7/1q2BP2/2R2P1P/2R3K1 b - - 4 24
d5e3,3r1r1k/p5pp/1p6/1BnnQ3/P7/1q2BP2/2R2P1P/2R3K1 b - - 6 25
b3e3,3r1r1k/p5pp/1p6/1Bn5/P7/1q2QP2/2R2P1P/2R3K1 b - - 0 26
f8f3,3r1r1k/p5pp/1p6/1Bn5/P7/4PP2/2R4P/2R3K1 b - - 0 27
g7g6,3r3k/p5pp/1p6/1Bn5/P7/4Pr2/4R2P/2R3K1 b - - 1 28
d8d6,3r3k/p6p/1p4p1/PBn5/8/4Pr2/4R2P/2R3K1 b - - 0 29
e1g1,r2q1rk1/pp2ppbp/n1p1bnp1/8/8/P2P1NP1/1PQ1PPBP/RNB1K2R w KQ - 3 10
b1d2,r4rk1/pp2ppbp/n1p1bnp1/q7/8/P2P1NP1/1PQ1PPBP/RNB2RK1 w - - 5 11
b2b4,r4rk1/pp2ppbp/n1p1bnp1/7q/8/P2P1NP1/1PQNPPBP/R1B2RK1 w - - 7 12
c1b2,r4rk1/pp2ppbp/n1p2np1/7q/1P6/P2P1NPb/2QNPPBP/R1B2RK1 w - - 1 13
a3a4,r4rk1/ppn1ppbp/2p2np1/7q/1P6/P2P1NPb/1BQNPPBP/R4RK1 w - - 3 14
c2c4,r4rk1/pp2ppbp/2p2np1/3n3q/PP6/3P1NPb/1BQNPPBP/R4RK1 w - - 1 15
e2e4,r4rk1/1p2ppbp/p1p2np1/3n3q/PPQ5/3P1NPb/1B1NPPBP/R4RK1 w - - 0 16
b2e5,r4rk1/1pn1ppbp/p1p2np1/7q/PPQ1P3/3P1NPb/1B1N1PBP/R4RK1 w - - 1 17
c4c3,r4rk1/1p2ppbp/p1p1nnp1/4B2q/PPQ1P3/3P1NPb/3N1PBP/R4RK1 w - - 3 18
d3d4,r2r2k1/1p2ppbp/p1p1nnp1/4B2q/PP2P3/2QP1NPb/3N1PBP/R4RK1 w - - 5 19
f1e1,r2r2k1/1p2pp1p/p1p1nnpb/4B2q/PP1PP3/2Q2NPb/3N1PBP/R4RK1 w - - 1 20
g2h3,r2r2k1/1p2pp1p/p1p1n1pb/4B2q/PP1PP1n1/2Q2NPb/3N1PBP/R3R1K1 w - - 3 21
d2f1,r2r2k1/1p2pp1p/p1p1n1pb/4B3/PP1PP1n1/2Q2NPq/3N1P1P/R3R1K1 w - - 0 22
d4e5,r2r2k1/1p2pp1p/p1p1n1pb/4n3/PP1PP3/2Q2NPq/5P1P/R3RNK1 w - - 0 23
e1d1,r5k1/1p1rpp1p/p1p1n1pb/4P3/PP2P3/2Q2NPq/5P1P/R3RNK1 w - - 1 24
d1d7,3r2k1/1p1rpp1p/p1p1n1pb/4P3/PP2P3/2Q2NPq/5P1P/R2R1NK1 w - - 3 25
b4b5,6k1/1p1rpp1p/p1p1n1pb/4P3/PP2P3/2Q2NPq/5P1P/R4NK1 w - - 0 26
a4b5,6k1/1p1rpp1p/2p1n1pb/1p2P3/P3P3/2Q2NPq/5P1P/R4NK1 w - - 0 27
c3c8,6k1/1p1rpp1p/4n1pb/1p2P3/4P3/2Q2NPq/5P1P/R4NK1 w - - 0 28
c8b7,2Qr2k1/1p2pp1p/4n1pb/1p2P3/4P3/5NPq/5P1P/R4NK1 w - - 2 29
h7h5,r1b1k2r/pp1nbppp/2p2n2/q2p4/P2Pp3/2P1P2P/1P1N1PPB/R2QKBNR b KQkq - 0 10
a5d8,r1b1k2r/pp1nbpp1/2p2n2/q2p3p/PP1Pp3/2P1P2P/3N1PPB/R2QKBNR b KQkq - 0 11
d7f8,r1bqk2r/pp1nbpp1/2p2n2/P2p3p/1P1Pp3/2P1P2P/3N1PPB/R2QKBNR b KQkq - 0 12
e7d6,r1bqkn1r/pp2bpp1/2p2n2/P2p3p/1P1Pp3/2P1P2P/3NNPPB/R2QKB1R b KQkq - 2 13
d8d6,r1bqkn1r/pp3pp1/2pB1n2/P2p3p/1P1Pp3/2P1P2P/3NNPP1/R2QKB1R b KQkq - 0 14
f8e6,r1b1kn1r/pp3pp1/2pq1n2/P2p3p/1P1Pp3/1QP1P2P/3NNPP1/R3KB1R b KQkq - 1 15
c8d7,r1b1k2r/pp3pp1/2pqnn2/P2p3p/1PPPp3/1Q2P2P/3NNPP1/R3KB1R b KQkq - 0 16
e8g8,r3k2r/pp1b1pp1/2pqnn2/P2p3p/1PPPp3/1QN1P2P/3N1PP1/R3KB1R b KQkq - 2 17
g7g6,r4rk1/pp1b1pp1/2pqnn2/P2p3p/1PPPp3/1QN1P2P/3NBPP1/R3K2R b KQ - 4 18
d6c7,r4rk1/pp1b1p2/2pqnnp1/P1Pp3p/1P1Pp3/1QN1P2P/3NBPP1/R3K2R b KQ - 0 19
a7a6,r4rk1/ppqb1p2/2p1nnp1/PPPp3p/3Pp3/1QN1P2P/3NBPP1/R3K2R b KQ - 0 20
b7a6,r4rk1/1pqb1p2/P1p1nnp1/P1Pp3p/3Pp3/1QN1P2P/3NBPP1/R3K2R b KQ - 0 21
c7c8,r4rk1/2qb1p2/pQp1nnp1/P1Pp3p/3Pp3/2N1P2P/3NBPP1/R3K2R b KQ - 1 22
e6g5,r1q2rk1/3b1p2/pQp1nnp1/P1Pp3p/3Pp3/2N1P2P/3NBPP1/R4RK1 b - - 3 23
d7h3,r1q2rk1/3b1p2/pQp2np1/P1Pp2np/3Pp3/2N1P2P/3NBPP1/RR4K1 b - - 5 24
c8f5,r1q2rk1/1Q3p2/p1p2np1/P1Pp2np/3Pp3/2N1P2b/3NBPP1/RR4K1 b - - 1 25
h3g2,r4rk1/5p2/p1Q2np1/P1Pp1qnp/3Pp3/2N1P2b/3NBPP1/RR4K1 b - - 0 26
g2f3,r4rk1/5p2/p2Q1np1/P1Pp1qnp/3Pp3/2N1P3/3NBPb1/RR4K1 b - - 1 27
e4f3,r4rk1/5p2/p2Q1np1/P1Pp1qnp/3Pp3/2N1PB2/3N1P2/RR4K1 b - - 0 28
g5h3,r4rk1/5p2/pR1Q1np1/P1Pp1qnp/3P4/2N1Pp2/3N1P2/R5K1 b - - 1 29
b2b4,r1bqk2r/1p2bppp/p1nppn2/2p5/4P3/P1NB1N2/1PPP1PPP/1RBQR1K1 w kq - 2 10
a3b4,r1bqk2r/1p2bppp/p1nppn2/8/1p2P3/P1NB1N2/2PP1PPP/1RBQR1K1 w kq - 0 11
b4b5,r1bq1rk1/1p2bppp/p1nppn2/8/1P2P3/2NB1N2/2PP1PPP/1RBQR1K1 w - - 1 12
d3f1,r1bq1rk1/1p2bppp/p2ppn2/1P2n3/4P3/2NB1N2/2PP1PPP/1RBQR1K1 w - - 1 13
b1b3,r1b2rk1/1pq1bppp/p2ppn2/1P2n3/4P3/2N2N2/2PP1PPP/1RBQRBK1 w - - 3 14
c1b2,r4rk1/1pqbbppp/p2ppn2/1P2n3/4P3/1RN2N2/2PP1PPP/2BQRBK1 w - - 5 15
b5b6,r1r3k1/1pqbbppp/p2ppn2/1P2n3/4P3/1RN2N2/1BPP1PPP/3QRBK1 w - - 7 16
f3e5,r1rq2k1/1p1bbppp/pP1ppn2/4n3/4P3/1RN2N2/1BPP1PPP/3QRBK1 w - - 1 17
d2d3,r1rq2k1/1p1bbppp/pP2pn2/4p3/4P3/1RN5/1BPP1PPP/3QRBK1 w - - 0 18
d1f3,r1rq2k1/1p1b1ppp/pP2pn2/2b1p3/4P3/1RNP4/1BP2PPP/3QRBK1 w - - 1 19
f3g3,r1rq2k1/1p1b1ppp/pb2pn2/4p3/4P3/1RNP1Q2/1BP2PPP/4RBK1 w - - 0 20
c3e2,r1rq2k1/1p1b1ppp/p3pn2/4p3/3bP3/1RNP2Q1/1BP2PPP/4RBK1 w - - 2 21
b3b2,r1rq2k1/1p1b1ppp/p3pn2/4p3/4P3/1R1P2Q1/1bP1NPPP/4RBK1 w - - 0 22
g3e5,r1rq2k1/3b1ppp/p3pn2/1p2p3/4P3/3P2Q1/1RP1NPPP/4RBK1 w - - 0 23
e2d4,r1rq2k1/3b1ppp/4pn2/pp2Q3/4P3/3P4/1RP1NPPP/4RBK1 w - - 0 24
d4f3,r1rq2k1/3b1ppp/4pn2/p3Q3/1p1NP3/3P4/1RP2PPP/4RBK1 w - - 0 25
h2h3,r1r3k1/3b1ppp/1q2pn2/p3Q3/1p2P3/3P1N2/1RP2PPP/4RBK1 w - - 2 26
e1b1,r1r3k1/3b1ppp/1q2pn2/4Q3/pp2P3/3P1N1P/1RP2PP1/4RBK1 w - - 0 27
g2g4,rr4k1/3b1ppp/1q2pn2/4Q3/pp2P3/3P1N1P/1RP2PP1/1R3BK1 w - - 2 28
b2a2,rr4k1/3b1ppp/1q2pn2/4Q3/1p2P1P1/p2P1N1P/1RP2P2/1R3BK1 w - - 0 29
b7b6,r1bq1rk1/pp3pbp/3p1np1/n1pPp3/2P1P3/2N5/PP2BPPP/R1BQNRK1 b - - 1 10
a5b7,r1bq1rk1/p4pbp/1p1p1np1/n1pPp3/2P1P3/1PN5/P3BPPP/R1BQNRK1 b - - 0 11
f6d7,r1bq1rk1/pn3pbp/1p1p1np1/2pPp3/2P1P3/1PNN4/P3BPPP/R1BQ1RK1 b - - 2 12
d8e7,r1bq1rk1/pn1n1pbp/1p1p2p1/2pPp3/2P1P3/1PNN4/P2BBPPP/R2Q1RK1 b - - 4 13
f7f5,r1b2rk1/pn1nqpbp/1p1p2p1/2pPp3/2P1P3/1PNN4/P1QBBPPP/R4RK1 b - - 6 14
g6f5,r1b2rk1/pn1nq1bp/1p1p2p1/2pPpP2/2P5/1PNN4/P1QBBPPP/R4RK1 b - - 0 15
d7f6,r1b2rk1/pn1nq1bp/1p1p4/2pPpp2/2P5/1PNN4/P1QBBPPP/4RRK1 b - - 1 16
e7f7,r1b2rk1/pn2q1bp/1p1p1n2/2pPpp2/2P5/1PNN4/P1QB1PPP/3BRRK1 b - - 3 17
a7a6,r1b2rk1/pn3qbp/1p1p1n2/1NpPpp2/2P5/1P1N4/P1QB1PPP/3BRRK1 b - - 5 18
c8d7,r1b2rk1/1n3qbp/pp1p1n2/2pPpp2/2P5/1PNN4/P1QB1PPP/3BRRK1 b - - 1 19
e5e4,r4rk1/1n1b1qbp/pp1p1n2/2pPpp2/2P2P2/1PNN4/P1QB2PP/3BRRK1 b - - 0 20
b6b5,r4rk1/1n1b1qbp/pp1p1n2/2pP1p2/2P1pP2/1PN5/P1QB1NPP/3BRRK1 b - - 1 21
b5b4,r4rk1/1n1b1qbp/p2p1n2/1ppP1p2/2P1pP2/1PN5/P1QBBNPP/4RRK1 b - - 1 22
a6a5,r4rk1/1n1b1qbp/p2p1n2/2pP1p2/1pP1pP2/1P6/P1QBBNPP/3NRRK1 b - - 1 23
a5a4,r4rk1/1n1b1qbp/3p1n2/p1pP1p2/1pP1pP2/1P6/P1Q1BNPP/2BNRRK1 b - - 1 24
a4b3,r4rk1/1n1b1qbp/3p1n2/2pP1p2/ppP1pP2/1P6/PBQ1BNPP/3NRRK1 b - - 1 25
a8a2,r4rk1/1n1b1qbp/3p1n2/2pP1p2/1pP1pP2/1P6/1BQ1BNPP/3NRRK1 b - - 0 26
f8a8,5rk1/1n1b1qbp/3p1n2/2pP1p2/1pP1pP2/1P6/rB2BNPP/1Q1NRRK1 b - - 2 27
f6d5,r5k1/1n1b1qbp/3p1n2/2pP1p2/1pP1pP2/1P2N3/rB2BNPP/1Q2RRK1 b - - 4 28
d5e3,r5k1/1n1b1qBp/3p4/2pn1p2/1pP1pP2/1P2N3/r3BNPP/1Q2RRK1 b - - 0 29
f1c4,2kr1bnr/pp2pppp/2n5/1Q6/2pP1B2/2P1P3/P4PPP/qN2KBNR w K - 2 10
f4g3,2kr1bnr/pp3ppp/2n5/1Q2p3/2BP1B2/2P1P3/P4PPP/qN2K1NR w K - 0 11
b5b6,2kr1bnr/1p3ppp/p1n5/1Q2p3/2BP4/2P1P1B1/P4PPP/qN2K1NR w K - 0 12
g1f3,2k2bnr/1p3ppp/pQnr4/4p3/2BP4/2P1P1B1/P4PPP/qN2K1NR w K - 2 13
e1g1,2k2b1r/1p3ppp/pQnr1n2/4p3/2BP4/2P1PNB1/P4PPP/qN2K2R w K - 4 14
b6a7,2k2b1r/1p3ppp/pQ1r1n2/4p3/2Bn4/2P1PNB1/P4PPP/qN3RK1 w - - 0 15
g2f3,2k2b1r/Qp3ppp/p2r1n2/4p3/2B5/2P1PnB1/P4PPP/qN3RK1 w - - 0 16
a7a8,2k2b1r/Qp1n1ppp/p2r4/4p3/2B5/2P1PPB1/P4P1P/qN3RK1 w - - 1 17
c4f7,Q4b1r/1pkn1ppp/p2r4/4p3/2B5/2P1PPB1/P4P1P/qN3RK1 w - - 3 18
b1d2,Q4b1r/1pkn1B1p/p2r2p1/4p3/8/2P1PPB1/P4P1P/qN3RK1 w - - 0 19
d2e4,Q4b1r/1pkn1B1p/p2r2p1/4p3/8/2q1PPB1/P2N1P1P/5RK1 w - - 0 20
e4d6,Q4b1r/1pkn1B1p/p1qr2p1/4p3/4N3/4PPB1/P4P1P/5RK1 w - - 2 21
f1d1,Q4b1r/1p1n1B1p/p1qk2p1/4p3/8/4PPB1/P4P1P/5RK1 w - - 0 22
g3e5,Q4b1r/1pkn1B1p/p1q3p1/4p3/8/4PPB1/P4P1P/3R2K1 w - - 2 23
e5d6,Q6r/1pkn1B1p/p1qb2p1/4B3/8/4PP2/P4P1P/3R2K1 w - - 1 24
d1c1,Q6r/1pkn1B1p/p2q2p1/8/8/4PP2/P4P1P/3R2K1 w - - 0 25
a8h8,Q6r/1p1n1B1p/pk1q2p1/8/8/4PP2/P4P1P/2R3K1 w - - 2 26
f3f4,7Q/1p3B1p/pk1q2p1/4n3/8/4PP2/P4P1P/2R3K1 w - - 1 27
d6d5,1r1qkb1r/pp1n1p1p/2pppnp1/8/2PP2PP/1QN1BP2/PP3P2/2KR1B1R b k - 0 10
f8g7,1r1qkb1r/pp1n1p1p/2p1pnp1/3p3P/2PP2P1/1QN1BP2/PP3P2/2KR1B1R b k - 0 11
b7b6,1r1qk2r/pp1n1pbp/2p1pnp1/2Pp3P/3P2P1/1QN1BP2/PP3P2/2KR1B1R b k - 0 12
b8b6,1r1qk2r/p2n1pbp/1Pp1pnp1/3p3P/3P2P1/1QN1BP2/PP3P2/2KR1B1R b k - 0 13
e8g8,3qk2r/p2n1pbp/1rp1pnp1/3p3P/3P2P1/2N1BP2/PPQ2P2/2KR1B1R b k - 1 14
d8e7,3q1rk1/p2n1pbp/1rp1pnp1/3p3P/3P2P1/2NBBP2/PPQ2P2/2KR3R b - - 3 15
f6e8,5rk1/p2nqpbp/1rp1pnp1/3p2PP/3P4/2NBBP2/PPQ2P2/2KR3R b - - 0 16
e8d6,4nrk1/p2nqpbp/1rp1p1p1/3p2PP/N2P4/3BBP2/PPQ2P2/2KR3R b - - 2 17
a7b6,5rk1/p2nqpbp/1Npnp1p1/3p2PP/3P4/3BBP2/PPQ2P2/2KR3R b - - 0 18
c6c5,5rk1/3nqpbp/1ppnp1p1/3p2PP/3P4/3BBP2/PPQ2P2/1K1R3R b - - 1 19
h7g6,5rk1/3nqpbp/1p1np1P1/2pp2P1/3P4/3BBP2/PPQ2P2/1K1R3R b - - 0 20
f7g6,5rk1/3nqpb1/1p1np1B1/2pp2P1/3P4/4BP2/PPQ2P2/1K1R3R b - - 0 21
f8f3,5rk1/3nq1b1/1p1np1Q1/2pp2P1/3P4/4BP2/PP3P2/1K1R3R b - - 0 22
d7f8,6k1/3nq1b1/1p1np1QR/2pp2P1/3P4/4Br2/PP3P2/1K1R4 b - - 1 23
g8h8,5nkR/4q1b1/1p1np1Q1/2pp2P1/3P4/4Br2/PP3P2/1K1R4 b - - 3 24
h8g8,5n1k/4q1b1/1p1np3/2pp2PQ/3P4/4Br2/PP3P2/1K1R4 b - - 1 25
c5c4,5nk1/4q1b1/1p1np3/2pp2P1/3P4/4BQ2/PP3P2/1K1R4 b - - 0 26
e7f7,5nk1/4q1b1/1p1np3/3p2PQ/2pP4/4B3/PP3P2/1K1R4 b - - 1 27
g8f7,5nk1/5Qb1/1p1np3/3p2P1/2pP4/4B3/PP3P2/1K1R4 b - - 0 28
d6f5,5n2/5kb1/1p1np3/3p2P1/2pP1P2/4B3/PP6/1K1R4 b - - 0 29
a2a3,r1bq1rk1/ppp1bppp/1n2p3/Q2n4/2pP4/2N2NP1/PP2PPBP/R1B2RK1 w - - 4 10
f3e5,r1bq1rk1/pp2bppp/1np1p3/Q2n4/2pP4/P1N2NP1/1P2PPBP/R1B2RK1 w - - 0 11
a5d8,r1bq1rk1/pp1nbppp/2p1p3/Q2nN3/2pP4/P1N3P1/1P2PPBP/R1B2RK1 w - - 2 12
e5c4,r1br2k1/pp1nbppp/2p1p3/3nN3/2pP4/P1N3P1/1P2PPBP/R1B2RK1 w - - 0 13
c4e5,r1br2k1/pp2bppp/1np1p3/3n4/2NP4/P1N3P1/1P2PPBP/R1B2RK1 w - - 1 14
c3e4,r2r2k1/pp1bbppp/1np1p3/3nN3/3P4/P1N3P1/1P2PPBP/R1B2RK1 w - - 3 15
e5d3,r2r2k1/pp1bb1pp/1np1pp2/3nN3/3PN3/P5P1/1P2PPBP/R1B2RK1 w - - 0 16
e4c5,r2r4/pp1bbkpp/1np1pp2/3n4/3PN3/P2N2P1/1P2PPBP/R1B2RK1 w - - 2 17
e2e4,r1br4/pp2bkpp/1np1pp2/2Nn4/3P4/P2N2P1/1P2PPBP/R1B2RK1 w - - 4 18
c1e3,r1br4/ppn1bkpp/1np1pp2/2N5/3PP3/P2N2P1/1P3PBP/R1B2RK1 w - - 1 19
c5b3,r1br4/ppnnbkpp/2p1pp2/2N5/3PP3/P2NB1P1/1P3PBP/R4RK1 w - - 3 20
a1c1,r1br4/1pnnbkpp/2p1pp2/p7/3PP3/PN1NB1P1/1P3PBP/R4RK1 w - - 0 21
b3d2,r1br4/1pnnbkpp/2p1pp2/8/p2PP3/PN1NB1P1/1P3PBP/2R2RK1 w - - 0 22
d2f3,r1br4/1p1nbkpp/2p1pp2/1n6/p2PP3/P2NB1P1/1P1N1PBP/2R2RK1 w - - 2 23
f1d1,r1br1n2/1p2bkpp/2p1pp2/1n6/p2PP3/P2NBNP1/1P3PBP/2R2RK1 w - - 4 24
h2h4,r2r1n2/1p1bbkpp/2p1pp2/1n6/p2PP3/P2NBNP1/1P3PBP/2RR2K1 w - - 6 25
h4h5,r2rbn2/1p2bkpp/2p1pp2/1n6/p2PP2P/P2NBNP1/1P3PB1/2RR2K1 w - - 1 26
h5h6,r2rbnk1/1p2b1pp/2p1pp2/1n5P/p2PP3/P2NBNP1/1P3PB1/2RR2K1 w - - 1 27
e4e5,r2rbnk1/1p2b2p/2p1pp1P/1n4p1/p2PP3/P2NBNP1/1P3PB1/2RR2K1 w - - 0 28
d3c5,r2r1nk1/1p2b2p/2p1pp1P/1n2P1pb/p2P4/P2NBNP1/1P3PB1/2RR2K1 w - - 1 29
b8d7,rn1qk2r/1p2bpp1/p2pbn1p/4p3/2B1P3/2N1BN2/PPP1QPPP/R4RK1 b kq - 1 10
a8c8,r2qk2r/1p1nbpp1/p2pbn1p/4p3/2B1P3/2N1BN2/PPP1QPPP/R2R2K1 b kq - 3 11
e8g8,2rqk2r/1p1nbpp1/p2pbn1p/4p3/4P3/1BN1BN2/PPP1QPPP/R2R2K1 b k - 5 12
b7b5,2rq1rk1/1p1nbpp1/p2pbn1p/4p3/4P3/1BN1BN1P/PPP1QPP1/R2R2K1 b - - 0 13
d8c7,2rq1rk1/3nbpp1/p2pbn1p/1p2p3/4P3/1BN1BN1P/PPP1QPP1/2RR2K1 b - - 1 14
c7b7,2r2rk1/2qnbpp1/p2pbn1p/1p2p3/4P3/PBN1BN1P/1PP1QPP1/2RR2K1 b - - 0 15
d7c5,2r2rk1/1q1nbpp1/p2pbn1p/1p2p3/4P3/PBN1B2P/1PPNQPP1/2RR2K1 b - - 2 16
c5e6,2r2rk1/1q2bpp1/p2pBn1p/1pn1p3/4P3/P1N1B2P/1PPNQPP1/2RR2K1 b - - 0 17
g8h8,2r2rk1/1q2bpp1/p2pnn1p/1p2p3/4P3/P1N1BQ1P/1PPN1PP1/2RR2K1 b - - 1 18
e6g5,2r2r1k/1q2bpp1/p2pnn1p/1p2p3/4P3/P1N1BQ1P/1PP2PP1/2RR1NK1 b - - 3 19
h6g5,2r2r1k/1q2bpp1/p2p1n1p/1p2p1B1/4P3/P1N2Q1P/1PP2PP1/2RR1NK1 b - - 0 20
g7g6,2r2r1k/1q2bpp1/p2p1n2/1p2p1p1/4P3/P1N1NQ1P/1PP2PP1/2RR2K1 b - - 1 21
f6d5,2r2r1k/1q2bp2/p2p1np1/1p1Np1p1/4P3/P1N2Q1P/1PP2PP1/2RR2K1 b - - 1 22
h8g7,2r2r1k/1q2bp2/p2p2p1/1p1Np1p1/4P3/P4Q1P/1PP2PP1/2RR2K1 b - - 0 23
f8h8,2r2r2/1q2bpk1/p2p2p1/1p1Np1p1/4P3/P1P2Q1P/1P3PP1/2RR2K1 b - - 0 24
h8h4,2r4r/1q2bpk1/p2p2p1/1p1Np1p1/4P3/P1PR1Q1P/1P3PP1/2R3K1 b - - 2 25
e7d8,2r5/1q2bpk1/p2p2p1/1p1Np1p1/4P2r/P1PR1Q1P/1P3PP1/3R2K1 b - - 4 26
d8e7,2rb4/1q3pk1/p2p2p1/1p2p1p1/4P2r/P1PRNQ1P/1P3PP1/3R2K1 b - - 6 27
e7d8,2r5/1q2bpk1/p2p2p1/1p1Np1p1/4P2r/P1PR1Q1P/1P3PP1/3R2K1 b - - 8 28
c8c4,2rb4/1q3pk1/p2p2p1/1p1Np1p1/4P2r/P1PR3P/1P2QPP1/3R2K1 b - - 10 29
f4g5,r1bq1rk1/pp1nbpp1/4pn2/2pp2p1/2PP1B2/2N1PN2/PP3P1P/R2QKB1R w KQ - 0 10
h1g1,r1bq1rk1/pp1nbpp1/4pn2/2p3B1/2pP4/2N1PN2/PP3P1P/R2QKB1R w KQ - 0 11
g5h6,r1bq1rk1/p2nbpp1/4pn2/1pp3B1/2pP4/2N1PN2/PP3P1P/R2QKBR1 w Q - 0 12
d1c2,r1bq1rk1/p2nbp2/4pnpB/1pp5/2pP4/2N1PN2/PP3P1P/R2QKBR1 w Q - 0 13
f3g5,r1bq1r2/p2nbp1k/4pnpB/1pp5/2pP4/2N1PN2/PPQ2P1P/R3KBR1 w Q - 2 14
g5e6,r1bq1r1k/p2nbp2/4pnpB/1pp3N1/2pP4/2N1P3/PPQ2P1P/R3KBR1 w Q - 4 15
g1g6,r1b2r1k/p2nbp2/4NnpB/qpp5/2pP4/2N1P3/PPQ2P1P/R3KBR1 w Q - 1 16
g6g8,r1b3rk/p2nbp2/4NnRB/qpp5/2pP4/2N1P3/PPQ2P1P/R3KB2 w Q - 1 17
c2f5,r1b3k1/p2nbp2/4Nn1B/qpp5/2pP4/2N1P3/PPQ2P1P/R3KB2 w Q - 0 18
f5g5,r1b2nk1/p3bp2/4Nn1B/qpp2Q2/2pP4/2N1P3/PP3P1P/R3KB2 w Q - 2 19
e6f4,r1b3k1/p3bp2/4NnnB/qpp3Q1/2pP4/2N1P3/PP3P1P/R3KB2 w Q - 4 20
g5g1,r1b3k1/p3bp2/6nB/qpp3Q1/2pPnN2/2N1P3/PP3P1P/R3KB2 w Q - 6 21
a1c1,r5k1/p3bp2/6nB/qpp2b2/2pPnN2/2N1P3/PP3P1P/R3KBQ1 w Q - 8 22
f4g6,r5k1/p3bp2/6nB/qp3b2/2ppnN2/2N1P3/PP3P1P/2R1KBQ1 w - - 0 23
e3d4,r5k1/p3bp2/6bB/qp6/2ppn3/2N1P3/PP3P1P/2R1KBQ1 w - - 0 24
h6d2,r5k1/p4p2/6bB/qp6/1bpPn3/2N5/PP3P1P/2R1KBQ1 w - - 1 25
f1e2,4r1k1/p4p2/6b1/qp6/1bpPn3/2N5/PP1B1P1P/2R1KBQ1 w - - 3 26
e1d2,4r1k1/p4p2/6b1/qp6/1bpP4/2N5/PP1nBP1P/2R1K1Q1 w - - 0 27
c1c2,4r1k1/p4p2/6b1/1p6/1bpP4/2N5/qP1KBP1P/2R3Q1 w - - 0 28
e2d1,4r1k1/p4p2/6b1/1p6/1bpP4/1qN5/1PRKBP1P/6Q1 w - - 2 29
e6d5,r2qkb1r/1p3p2/p1npbn1p/2pNp1p1/P1B1P3/3P4/1PPN1PPP/R1BQ1RK1 b kq - 1 10
c6e7,r2qkb1r/1p3p2/p1np1n1p/2pPp1p1/P1B5/3P4/1PPN1PPP/R1BQ1RK1 b kq - 0 11
f8g7,r2qkb1r/1p2np2/p2p1n1p/2pPp1p1/P1B5/2PP4/1P1N1PPP/R1BQ1RK1 b kq - 0 12
f6h7,r2qk2r/1p2npb1/p2p1n1p/2pPp1p1/P1B1N3/2PP4/1P3PPP/R1BQ1RK1 b kq - 2 13
e8g8,r2qk2r/1p2npbn/p2p3p/2pPp1pQ/P1B1N3/2PP4/1P3PPP/R1B2RK1 b kq - 4 14
f7f5,r2q1rk1/1p2npbn/p2p3p/2pPp1pQ/P1B1N2P/2PP4/1P3PP1/R1B2RK1 b - - 0 15
d6c5,r2q1rk1/1p2n1bn/p2p3p/2NPpppQ/P1B4P/2PP4/1P3PP1/R1B2RK1 b - - 0 16
g8h8,r2q1rk1/1p2n1bn/p2P3p/2p1pppQ/P1B4P/2PP4/1P3PP1/R1B2RK1 b - - 0 17
d8e7,r2q1r1k/1p2P1bn/p6p/2p1pppQ/P1B4P/2PP4/1P3PP1/R1B2RK1 b - - 0 18
h6g5,r4r1k/1p2q1bn/p6p/2p1ppPQ/P1B5/2PP4/1P3PP1/R1B2RK1 b - - 0 19
a8d8,r4r1k/1p2q1bn/p7/2p1pppQ/P1B5/2PP2P1/1P3P2/R1B2RK1 b - - 0 20
d8d6,3r1r1k/1p2q1bn/p7/2p1pppQ/P1B5/2PP2P1/1P3PK1/R1B2R2 b - - 2 21
d6h6,5r1k/1p2q1bn/p2r4/2p1pppQ/P1B5/2PP2P1/1P3PK1/R1B4R b - - 4 22
h6h1,5r1k/1p2q1bn/p6r/2p1ppp1/P1B5/2PP2P1/1P3PK1/R1BQ3R b - - 6 23
f5f4,5r1k/1p2q1bn/p7/2p1ppp1/P1B5/2PP2P1/1P3PK1/R1B4Q b - - 0 24
f4f3,5r1k/1p2q1bn/p7/2pBp1p1/P4p2/2PP2P1/1P3PK1/R1B4Q b - - 1 25
e7f6,5r1k/1p2q1bn/p7/2p1p1p1/P7/2PP1BP1/1P3PK1/R1B4Q b - - 0 26
f2f3,rnbqr1k1/pp2bpp1/2p2n1p/3p4/3P3B/2NBP3/PP2NPPP/R2QK2R w KQ - 6 10
h4f2,rnbqr1k1/p3bpp1/2p2n1p/1p1p4/3P3B/2NBPP2/PP2N1PP/R2QK2R w KQ - 0 11
e1g1,r1bqr1k1/p2nbpp1/2p2n1p/1p1p4/3P4/2NBPP2/PP2NBPP/R2QK2R w KQ - 2 12
b2b3,r1bqr1k1/p3bpp1/1np2n1p/1p1p4/3P4/2NBPP2/PP2NBPP/R2Q1RK1 w - - 4 13
d1d2,r1bqr1k1/4bpp1/pnp2n1p/1p1p4/3P4/1PNBPP2/P3NBPP/R2Q1RK1 w - - 0 14
d4c5,r1bqr1k1/4bpp1/pn3n1p/1ppp4/3P4/1PNBPP2/P2QNBPP/R4RK1 w - - 0 15
e2d4,r1bqr1k1/5pp1/pn3n1p/1pbp4/8/1PNBPP2/P2QNBPP/R4RK1 w - - 0 16
c3e2,r2qr1k1/3b1pp1/pn3n1p/1pbp4/3N4/1PNBPP2/P2Q1BPP/R4RK1 w - - 2 17
a1c1,r3r1k1/3bqpp1/pn3n1p/1pbp4/3N4/1P1BPP2/P2QNBPP/R4RK1 w - - 4 18
c1c2,2r1r1k1/3bqpp1/pn3n1p/1pbp4/3N4/1P1BPP2/P2QNBPP/2R2RK1 w - - 6 19
d2c1,2r1r1k1/3bqpp1/pn3n1p/1p1p4/1b1N4/1P1BPP2/P1RQNBPP/5RK1 w - - 8 20
d4c2,4r1k1/3bqpp1/pn3n1p/1p1p4/1b1N4/1P1BPP2/P1r1NBPP/2Q2RK1 w - - 0 21
c1d1,2r3k1/3bqpp1/pn3n1p/1p1p4/1b6/1P1BPP2/P1N1NBPP/2Q2RK1 w - - 1 22
c2d4,2r3k1/3bqpp1/pn1b1n1p/1p1p4/8/1P1BPP2/P1N1NBPP/3Q1RK1 w - - 3 23
d1d2,n1r3k1/3bqpp1/p2b1n1p/1p1p4/3N4/1P1BPP2/P3NBPP/3Q1RK1 w - - 5 24
f1c1,n1r3k1/3bqp2/p2b1npp/1p1p4/3N4/1P1BPP2/P2QNBPP/5RK1 w - - 0 25
d2c1,n5k1/3bqp2/p2b1npp/1p1p4/3N4/1P1BPP2/P2QNBPP/2r3K1 w - - 0 26
f2g3,6k1/2nbqp2/p2b1npp/1p1p4/3N4/1P1BPP2/P3NBPP/2Q3K1 w - - 1 27
g1f2,8/2nbqpk1/p2b1npp/1p1p4/3N4/1P1BPPB1/P3N1PP/2Q3K1 w - - 3 28
h2g3,8/2nbqpk1/p4npp/1p1p4/3N4/1P1BPPb1/P3NKPP/2Q5 w - - 0 29
b8d7,rn1q1rk1/1pp1bppp/p1b1pn2/8/P1QP1B2/5NP1/1P2PPBP/RN3RK1 b - - 2 10
e7d6,r2q1rk1/1ppnbppp/p1b1pn2/8/P1QP1B2/5NP1/1P2PPBP/RN1R2K1 b - - 4 11
d8e7,r2q1rk1/1ppn1ppp/p1bbpn2/8/P2P1B2/5NP1/1P2PPBP/RNQR2K1 b - - 6 12
d6f4,r4rk1/1ppnqppp/p1bbpn2/8/P2P1B2/2N2NP1/1P2PPBP/R1QR2K1 b - - 8 13
c6f3,r4rk1/1ppnqppp/p1b1pn2/8/P2P1Q2/2N2NP1/1P2PPBP/R2R2K1 b - - 0 14
c7c6,r4rk1/1ppnqppp/p3pn2/8/P2P1Q2/2N2BP1/1P2PP1P/R2R2K1 b - - 0 15
e6e5,r4rk1/1p1nqppp/p1p1pn2/P7/3P1Q2/2N2BP1/1P2PP1P/R2R2K1 b - - 0 16
e7d6,r4rk1/1p1nqppp/p1p2n2/P3p3/3P4/2N1QBP1/1P2PP1P/R2R2K1 b - - 1 17
c6c5,r4rk1/1p1n1ppp/p1pq1n2/P2Pp3/8/2N1QBP1/1P2PP1P/R2R2K1 b - - 0 18
f8e8,r4rk1/1p1n1ppp/p2q1n2/P1pPp3/8/1PN1QBP1/4PP1P/R2R2K1 b - - 0 19
a8b8,r3r1k1/1p1n1ppp/p2q1n2/P1pPp3/R7/1PN1QBP1/4PP1P/3R2K1 b - - 2 20
b7b5,1r2r1k1/1p1n1ppp/p2q1n2/P1pPp3/R7/1PN1QBPP/4PP2/3R2K1 b - - 0 21
b8b6,1r2r1k1/3n1ppp/pP1q1n2/2pPp3/R7/1PN1QBPP/4PP2/3R2K1 b - - 0 22
b6b4,4r1k1/3n1ppp/pr1q1n2/2pPp3/R7/1P2QBPP/4PP2/1N1R2K1 b - - 1 23
e5e4,4r1k1/3n1ppp/p2q1n2/2pPp3/Rr6/1P2QBPP/3NPP2/3R2K1 b - - 3 24
b4a4,4r1k1/3n1ppp/p2q1n2/2pP4/Rr2p3/1P2Q1PP/3NPPB1/3R2K1 b - - 1 25
d6d5,4r1k1/3n1ppp/p2q1n2/2pP4/P3p3/4Q1PP/3NPPB1/3R2K1 b - - 0 26
h7h5,4r1k1/3n1ppp/p4n2/2pq4/P3p3/4Q1PP/3NPPB1/2R3K1 b - - 1 27
e8b8,4r1k1/3n1pp1/p4n2/2pq3p/P1N1p3/4Q1PP/4PPB1/2R3K1 b - - 1 28
b8b4,1r4k1/3n1pp1/p4n2/2pq3p/P1N1p3/2Q3PP/4PPB1/2R3K1 b - - 3 29
c3d5,r1bq1rk1/pp1nbpp1/4p2p/2pn4/3P3B/2N1PN2/PP3PPP/2RQKB1R w K - 0 10
f3h4,r1bq1rk1/pp1n1pp1/4p2p/2pN4/3P3b/4PN2/PP3PPP/2RQKB1R w K - 0 11
d5c3,r1b2rk1/pp1n1pp1/4p2p/2pN4/3P3q/4P3/PP3PPP/2RQKB1R w K - 0 12
d1d4,r1b2rk1/pp1n1pp1/4p2p/8/3p3q/2N1P3/PP3PPP/2RQKB1R w K - 0 13
e3d4,r1b2rk1/pp1n1pp1/4p2p/8/3q4/2N1P3/PP3PPP/2R1KB1R w K - 0 14
g2g3,r1b2rk1/pp3pp1/4pn1p/8/3P4/2N5/PP3PPP/2R1KB1R w K - 1 15
c1d1,r1br2k1/pp3pp1/4pn1p/8/3P4/2N3P1/PP3P1P/2R1KB1R w K - 1 16
f1g2,r2r2k1/pp1b1pp1/4pn1p/8/3P4/2N3P1/PP3P1P/3RKB1R w K - 3 17
e1g1,2rr2k1/pp1b1pp1/4pn1p/8/3P4/2N3P1/PP3PBP/3RK2R w K - 5 18
f1e1,2rr2k1/pp3pp1/2b1pn1p/8/3P4/2N3P1/PP3PBP/3R1RK1 w - - 7 19
g2d5,2rr2k1/pp3pp1/2b1p2p/3n4/3P4/2N3P1/PP3PBP/3RR1K1 w - - 9 20
e1e3,2rr2k1/pp3pp1/4p2p/3b4/3P4/2N3P1/PP3P1P/3RR1K1 w - - 0 21
f2f3,2rr1k2/pp3pp1/4p2p/3b4/3P4/2N1R1P1/PP3P1P/3R2K1 w - - 2 22
g1f2,2rr1k2/1p3pp1/p3p2p/3b4/3P4/2N1RPP1/PP5P/3R2K1 w - - 0 23
a2a3,2rr1k2/5pp1/p3p2p/1p1b4/3P4/2N1RPP1/PP3K1P/3R4 w - - 0 24
d1d2,3r1k2/5pp1/p3p2p/1p1b4/2rP4/P1N1RPP1/1P3K1P/3R4 w - - 1 25
a3b4,3r1k2/5pp1/p3p2p/3b4/1prP4/P1N1RPP1/1P1R1K1P/8 w - - 0 26
c3d5,3r1k2/5pp1/p3p2p/3b4/1r1P4/2N1RPP1/1P1R1K1P/8 w - - 0 27
e3a3,5k2/5pp1/p3p2p/3r4/1r1P4/4RPP1/1P1R1K1P/8 w - - 0 28
f2e3,5k2/5pp1/4p2p/p2r4/1r1P4/R4PP1/1P1R1K1P/8 w - - 0 29
b8a6,rnbq1rk1/pp1n1pbp/3p2p1/1BpP4/P3PP2/2N2N2/1P4PP/R1BQK2R b KQ - 2 10
a6b4,r1bq1rk1/pp1n1pbp/n2p2p1/1BpP4/P3PP2/2N2N2/1P4PP/R1BQ1RK1 b - - 4 11
a7a6,r1bq1rk1/pp1n1pbp/3p2p1/1BpP4/Pn2PP2/2N2N2/1P4PP/R1BQR1K1 b - - 6 12
f8e8,r1bq1rk1/1p1n1pbp/p2p2p1/2pP4/Pn2PP2/2N2N2/1P4PP/R1BQRBK1 b - - 1 13
f7f5,r1bqr1k1/1p1n1pbp/p2p2p1/2pP4/Pn2PP2/2N1BN2/1P4PP/R2QRBK1 b - - 3 14
b7b6,r1bqr1k1/1p1n2bp/p2p2p1/2pPPp2/Pn3P2/2N1BN2/1P4PP/R2QRBK1 b - - 0 15
d6e5,r1bqr1k1/3n2bp/pp1p2p1/P1pPPp2/1n3P2/2N1BN2/1P4PP/R2QRBK1 b - - 0 16
d7e5,r1bqr1k1/3n2bp/pp4p1/P1pPPp2/1n6/2N1BN2/1P4PP/R2QRBK1 b - - 0 17
e5f3,r1bqr1k1/6bp/pP4p1/2pPnp2/1n6/2N1BN2/1P4PP/R2QRBK1 b - - 0 18
b4c2,r1bqr1k1/6bp/pP4p1/2pP1p2/1n6/2N1BQ2/1P4PP/R3RBK1 b - - 0 19
g7d4,r1bqr1k1/6bp/pP4p1/2pP1pB1/8/2N2Q2/1Pn3PP/R3RBK1 b - - 2 20
c2e1,r1bqr1k1/7p/pP4p1/2pP1pB1/3b4/2N2Q2/1Pn3PP/R3RB1K b - - 4 21
d8d7,r1bqr1k1/7p/pP4p1/2pP1pB1/3b4/2N2Q2/1P4PP/4RB1K b - - 0 22
d7e8,r1b1R1k1/3q3p/pP4p1/2pP1pB1/3b4/2N2Q2/1P4PP/5B1K b - - 0 23
c8e6,r1b1q1k1/7p/pP1P2p1/2p2pB1/3b4/2N2Q2/1P4PP/5B1K b - - 0 24
e6d7,r3q1k1/3P3p/pP2b1p1/2p2pB1/3b4/2N2Q2/1P4PP/5B1K b - - 0 25
a8b8,r3q1k1/1P1b3p/p5p1/2p2pB1/3b4/2N2Q2/1P4PP/5B1K b - - 0 26
g8g7,1r2q1k1/1P1b3p/p5p1/2pN1pB1/3b4/5Q2/1P4PP/5B1K b - - 2 27
b8b7,1r2q3/1P1b2kp/p5p1/2pN1p2/3b1B2/5Q2/1P4PP/5B1K b - - 4 28
g7f6,4q3/1r1b2kp/p4Np1/2p2p2/3b1B2/5Q2/1P4PP/5B1K b - - 1 29
h2h4,rn1q1rk1/p1p1bppp/1p2pn2/8/2pP1B2/2N1PN2/PPQ2PPP/2KR3R w - - 0 10
a2a3,r2q1rk1/p1p1bppp/1pn1pn2/8/2pP1B1P/2N1PN2/PPQ2PP1/2KR3R w - - 1 11
f3g5,r2q1rk1/2p1bppp/1pn1pn2/p7/2pP1B1P/P1N1PN2/1PQ2PP1/2KR3R w - - 0 12
g2g4,r2q1rk1/2p1bp1p/1pn1pnp1/p5N1/2pP1B1P/P1N1P3/1PQ2PP1/2KR3R w - - 0 13
a3b4,r2q1rk1/2p1bp1p/1p2pnp1/p5N1/1npP1BPP/P1N1P3/1PQ2P2/2KR3R w - - 1 14
c3b1,r2q1rk1/2p1bp1p/1p2pnp1/6N1/1ppP1BPP/2N1P3/1PQ2P2/2KR3R w - - 0 15
h4h5,r2q1rk1/2p1bp1p/4pnp1/1p4N1/1ppP1BPP/4P3/1PQ2P2/1NKR3R w - - 0 16
c2e2,r2q1rk1/2p1bp1p/4pnp1/1p4NP/2pP1BP1/1p2P3/1PQ2P2/1NKR3R w - - 0 17
h5g6,3q1rk1/2p1bp1p/4pnp1/1p4NP/2pP1BP1/1p2P3/1P2QP2/rNKR3R w - - 2 18
c1d2,3q1rk1/2p1b2p/4pnp1/1p4N1/2pP1BP1/1p2P3/1P2QP2/rNKR3R w - - 0 19
b1c3,3q1rk1/2p4p/4pnp1/1p4N1/1bpP1BP1/1p2P3/1P1KQP2/rN1R3R w - - 2 20
d2e1,3q1rk1/2p4p/4pnp1/1p4N1/1bpP1BP1/1pN1P3/rP1KQP2/3R3R w - - 4 21
e1f1,3q1rk1/2p4p/4pnp1/1p4N1/2pP1BP1/1pb1P3/rP2QP2/3RK2R w - - 0 22
e2f3,3q1rk1/2p4p/4pnp1/1p4N1/2pP1BP1/1pb1P3/1r2QP2/3R1K1R w - - 0 23
f3h3,q4rk1/2p4p/4pnp1/1p4N1/2pP1BP1/1pb1PQ2/1r3P2/3R1K1R w - - 2 24
g5f7,q5k1/2p2r1p/4pnp1/1p4N1/2pP1BP1/1pb1P2Q/1r3P2/3R1K1R w - - 4 25
f4e5,q7/2p2k1p/4pnp1/1p6/2pP1BP1/1pb1P2Q/1r3P2/3R1K1R w - - 0 26
e5f6,8/2p2k1p/4pnp1/1p2B3/2pP2P1/1pb1P2Q/qr3P2/3R1K1R w - - 2 27
f1g1,8/2p2k1p/4pBp1/1p6/2pP2P1/1pb1P2Q/q4r2/3R1K1R w - - 0 28
h3h7,8/2p2k1p/4prp1/1p6/2pP2P1/1pb1P2Q/q7/3R2KR w - - 0 29
a7a6,r1bq1rk1/pp3pp1/2n2n1p/2bp4/8/2NB1N1P/PPP2PP1/R1BQR1K1 b - - 2 10
d8d6,r1bq1rk1/1p3pp1/p1n2n1p/2bp4/8/P1NB1N1P/1PP2PP1/R1BQR1K1 b - - 0 11
c5b6,r1b2rk1/1p3pp1/p1nq1n1p/2bp4/1P6/P1NB1N1P/2P2PP1/R1BQR1K1 b - - 0 12
g7g5,r1b2rk1/1p3pp1/pbnq1n1p/3p4/1P6/P2B1N1P/2P1NPP1/R1BQR1K1 b - - 2 13
b6c7,r1b2rk1/1p3p2/pbnq1n1p/3p2p1/1PP5/P2B1N1P/4NPP1/R1BQR1K1 b - - 0 14
d6d8,r1b2rk1/1pb2p2/p1nq1n1p/2Pp2p1/1P6/P2B1N1P/4NPP1/R1BQR1K1 b - - 0 15
f6e4,r1bq1rk1/1pb2p2/p1n2n1p/2Pp2p1/1P6/P2B1N1P/1B2NPP1/R2QR1K1 b - - 2 16
f7f5,r1bq1rk1/1pb2p2/p1n4p/2Pp2p1/1P1Nn3/P2B1N1P/1B3PP1/R2QR1K1 b - - 4 17
g8h7,r1bq1rk1/1pb5/p1n4p/2Pp1pp1/1P1Nn3/PQ1B1N1P/1B3PP1/R3R1K1 b - - 1 18
c6e7,r1bq1r2/1pb4k/p1n4p/2Pp1pp1/1P1Nn3/PQ1B1N1P/1B3PP1/3RR1K1 b - - 3 19
d8e8,r1bq1r2/1pb1n2k/p6p/2Pp1pp1/1P2n3/PQ1B1N1P/1BN2PP1/3RR1K1 b - - 5 20
c8e6,r1b1qr2/1pb1n2k/p6p/2Pp1pp1/1P2n3/PQ1BNN1P/1B3PP1/3RR1K1 b - - 7 21
e6g8,r3qr2/1pb1n2k/p3b2p/2Pp1pp1/1P1Nn3/PQ1BN2P/1B3PP1/3RR1K1 b - - 9 22
c7e5,r3qrb1/1pb1n2k/p6p/2Pp1pp1/1P1Nn3/PQ1BNP1P/1B4P1/3RR1K1 b - - 0 23
e8h5,r3qrb1/1p2n2k/p6p/2Ppbpp1/1P1Nn3/PQ2NP1P/1B4P1/1B1RR1K1 b - - 2 24
d5e4,r4rb1/1p2n2k/p6p/2Ppbppq/1P1NP3/PQ2N2P/1B4P1/1B1RR1K1 b - - 0 25
e5d4,r4rb1/1p2n2k/p6p/2P1bppq/1P1Np3/P3N2P/1BQ3P1/1B1RR1K1 b - - 1 26
c3d5,r1bq1rk1/pp1nbpp1/4p2p/2pn4/3P1B2/2N1PN2/PP3PPP/2RQKB1R w K - 0 10
f1d3,r1bq1rk1/pp1nbpp1/7p/2pp4/3P1B2/4PN2/PP3PPP/2RQKB1R w K - 0 11
f3d4,r1bq1rk1/pp1nbpp1/7p/3p4/3p1B2/3BPN2/PP3PPP/2RQK2R w K - 0 12
e1g1,r1bq1rk1/pp2bpp1/7p/2np4/3N1B2/3BP3/PP3PPP/2RQK2R w K - 1 13
f4e5,r1bq1rk1/pp2bpp1/4n2p/3p4/3N1B2/3BP3/PP3PPP/2RQ1RK1 w - - 3 14
e5f6,r1bq1rk1/pp3pp1/4nb1p/3pB3/3N4/3BP3/PP3PPP/2RQ1RK1 w - - 5 15
d3b5,r1b2rk1/pp3pp1/4nq1p/3p4/3N4/3BP3/PP3PPP/2RQ1RK1 w - - 0 16
b5a4,r1b2rk1/1p3pp1/p3nq1p/1B1p4/3N4/4P3/PP3PPP/2RQ1RK1 w - - 0 17
a4b3,r1br2k1/1p3pp1/p3nq1p/3p4/B2N4/4P3/PP3PPP/2RQ1RK1 w - - 2 18
b3a4,r1br2k1/1p3pp1/4nq1p/p2p4/3N4/1B2P3/PP3PPP/2RQ1RK1 w - - 0 19
d1d4,r1br2k1/1p3pp1/5q1p/p2p4/B2n4/4P3/PP3PPP/2RQ1RK1 w - - 0 20
e3d4,r1br2k1/1p3pp1/7p/p2p4/B2q4/4P3/PP3PPP/2R2RK1 w - - 0 21
a4d7,r2r2k1/1p1b1pp1/7p/p2p4/B2P4/8/PP3PPP/2R2RK1 w - - 1 22
f1e1,r5k1/1p1r1pp1/7p/p2p4/3P4/8/PP3PPP/2R2RK1 w - - 0 23
g1f1,r4k2/1p1r1pp1/7p/p2p4/3P4/8/PP3PPP/2R1R1K1 w - - 2 24
e1e3,r4k2/1p1r1p2/6pp/p2p4/3P4/8/PP3PPP/2R1RK2 w - - 0 25
f1e2,5k2/1p1r1p2/r5pp/p2p4/3P4/4R3/PP3PPP/2R2K2 w - - 2 26
f2f3,5k2/1p1r1p2/5rpp/p2p4/3P4/4R3/PP2KPPP/2R5 w - - 4 27
b2b3,5k2/1p1r1p2/1r4pp/p2p4/3P4/4RP2/PP2K1PP/2R5 w - - 1 28
e2d2,5k2/1p1r1p2/1r4pp/3p4/p2P4/1P2RP2/P3K1PP/2R5 w - - 0 29
b7b5,1rbq1rk1/1ppn1ppp/p2bpn2/8/P7/NQ1P1NP1/1P2PPBP/R1B1K2R b KQ - 4 10
a6b5,1rbq1rk1/2pn1ppp/p2bpn2/1P6/8/NQ1P1NP1/1P2PPBP/R1B1K2R b KQ - 0 11
e6e5,1rbq1rk1/2pn1ppp/3bpn2/1p6/8/NQ1P1NP1/1P2PPBP/R1B2RK1 b - - 1 12
c8b7,1rbq1rk1/2pn1ppp/3b1n2/1p2p3/8/NQ1P1NP1/1P1BPPBP/R4RK1 b - - 1 13
h7h6,1r1q1rk1/1bpn1ppp/3b1n2/1p2p3/8/NQ1P1NP1/1P1BPPBP/R2R2K1 b - - 3 14
b7d5,1r1q1rk1/1bpn1pp1/3b1n1p/1p2p3/8/NQ1P1NP1/1P1BPPBP/2RR2K1 b - - 1 15
c7c5,1r1q1rk1/2pn1pp1/3b1n1p/1p1bp3/8/N2P1NP1/1PQBPPBP/2RR2K1 b - - 3 16
d5e6,1r1q1rk1/3n1pp1/3b1n1p/1ppbp3/4P3/N2P1NP1/1PQB1PBP/2RR2K1 b - - 0 17
f8e8,1r1q1rk1/3n1pp1/3bbn1p/1pp1p3/4P3/N2PBNP1/1PQ2PBP/2RR2K1 b - - 2 18
d6f8,1r1qr1k1/3n1pp1/3bbn1p/1pp1p3/4P3/N2PBNPP/1PQ2PB1/2RR2K1 b - - 0 19
g7g6,1r1qrbk1/3n1pp1/4bn1p/1pp1p3/4P3/N2PBNPP/1PQ2PBK/2RR4 b - - 2 20
e6b3,1r1qrbk1/3n1p2/4bnpp/1pp1p3/4P3/N2PBNPP/1P2QPBK/2RR4 b - - 1 21
f6h5,1r1qrbk1/3n1p2/5npp/1pp1p3/4P3/Nb1PBNPP/1P2QPBK/2R1R3 b - - 3 22
g8h7,1r1qrbk1/3n1p2/6pp/1pp1p2n/4P3/1b1PBNPP/1P2QPBK/1NR1R3 b - - 5 23
d7f6,1r1qrb2/3n1p1k/6pp/1pp1p2n/4P3/1bNPBNPP/1P2QPBK/2R1R3 b - - 7 24
b3e6,1r1qrb2/5p1k/5npp/1pp1p2n/4P3/1bNPB1PP/1P1NQPBK/2R1R3 b - - 9 25
d8d7,1r1qrb2/5p1k/4bnpp/1pp1p2n/4P3/2NPB1PP/1P1NQPBK/R3R3 b - - 11 26
d7c7,1r2rb2/3q1p1k/4bnpp/1pp1p2n/4P3/2NPBNPP/1P2QPBK/R3R3 b - - 13 27
e8d8,1r2rb2/2q2p1k/4bnpp/1pp1p2n/4P3/2NPBNPP/1P2QPBK/R1R5 b - - 15 28
c5c4,1r1r1b2/2q2p1k/4bnpp/1pp1p2n/4P3/2NPBNPP/1P2QPB1/R1R3K1 b - - 17 29
f1d3,r1bqk2r/pp1nbpp1/7p/2pp4/3P1B2/4PN2/PP3PPP/R2QKB1R w KQkq - 0 10
e1g1,r1bq1rk1/pp1nbpp1/7p/2pp4/3P1B2/3BPN2/PP3PPP/R2QK2R w KQ - 2 11
b2b3,r1bq1rk1/p2nbpp1/1p5p/2pp4/3P1B2/3BPN2/PP3PPP/R2Q1RK1 w - - 0 12
h2h3,r2q1rk1/pb1nbpp1/1p5p/2pp4/3P1B2/1P1BPN2/P4PPP/R2Q1RK1 w - - 1 13
a2a4,r2q1rk1/1b1nbpp1/1p5p/p1pp4/3P1B2/1P1BPN1P/P4PP1/R2Q1RK1 w - - 0 14
d1b1,r2qr1k1/1b1nbpp1/1p5p/p1pp4/P2P1B2/1P1BPN1P/5PP1/R2Q1RK1 w - - 1 15
a1a2,r2qr1k1/1b1n1pp1/1p3b1p/p1pp4/P2P1B2/1P1BPN1P/5PP1/RQ3RK1 w - - 3 16
a2c2,2rqr1k1/1b1n1pp1/1p3b1p/p1pp4/P2P1B2/1P1BPN1P/R4PP1/1Q3RK1 w - - 5 17
f1c1,2rqrnk1/1b3pp1/1p3b1p/p1pp4/P2P1B2/1P1BPN1P/2R2PP1/1Q3RK1 w - - 7 18
d3b5,2rqr1k1/1b3pp1/1p2nb1p/p1pp4/P2P1B2/1P1BPN1P/2R2PP1/1QR3K1 w - - 9 19
b5c6,2rqr1k1/5pp1/1pb1nb1p/pBpp4/P2P1B2/1P2PN1P/2R2PP1/1QR3K1 w - - 11 20
f4g3,3qr1k1/5pp1/1pr1nb1p/p1pp4/P2P1B2/1P2PN1P/2R2PP1/1QR3K1 w - - 0 21
g3e5,4r1k1/3q1pp1/1pr1nb1p/p1pp4/P2P4/1P2PNBP/2R2PP1/1QR3K1 w - - 2 22
e5g3,4r1k1/3qbpp1/1pr1n2p/p1ppB3/P2P4/1P2PN1P/2R2PP1/1QR3K1 w - - 4 23
c2c3,4r1k1/3qb1p1/1pr1np1p/p1pp4/P2P4/1P2PNBP/2R2PP1/1QR3K1 w - - 0 24
b1f5,2r3k1/3qb1p1/1pr1np1p/p1pp4/P2P4/1PR1PNBP/5PP1/1QR3K1 w - - 2 25
c3c6,2r3k1/3qb1p1/1pr1np1p/p2p1Q2/P2p4/1PR1PNBP/5PP1/2R3K1 w - - 0 26
c1c6,6k1/3qb1p1/1pr1np1p/p2p1Q2/P2p4/1P2PNBP/5PP1/2R3K1 w - - 0 27
e3d4,6k1/4b1p1/1pq1np1p/p2p1Q2/P2p4/1P2PNBP/5PP1/6K1 w - - 0 28
h3h4,6k1/3qb1p1/1p2np1p/p2p1Q2/P2P4/1P3NBP/5PP1/6K1 w - - 1 29
g7c3,rnbk3r/pp2ppbp/6p1/8/5B2/2N5/PP2PPPP/R3KB1R b KQ - 2 10
b8c6,rnbk3r/pp2pp1p/6p1/8/5B2/2P5/P3PPPP/R3KB1R b KQ - 0 11
d8e8,r1bk3r/pp2pp1p/2n3p1/8/5B2/2P5/P3PPPP/2KR1B1R b - - 2 12
c8e6,r1b1k2r/pp2pp1p/2n3p1/8/4PB2/2P5/P4PPP/2KR1B1R b - - 0 13
f7f6,r3k2r/pp2pp1p/2n1b1p1/8/P3PB2/2P5/5PPP/2KR1B1R b - - 0 14
e8f7,r3k2r/pp2p2p/2n1bpp1/1B6/P3PB2/2P5/5PPP/2KR3R b - - 1 15
b7c6,r6r/pp2pk1p/2B1bpp1/8/P3PB2/2P5/5PPP/2KR3R b - - 0 16
h8d8,r6r/p3pk1p/2p1bpp1/8/P3PB2/2P5/3R1PPP/2K4R b - - 1 17
d8d2,r2r4/p3pk1p/2p1bpp1/8/P3PB2/2P5/3R1PPP/2KR4 b - - 3 18
f7e8,r7/p3pk1p/2p1bpp1/8/P3PB2/2P5/3R1PPP/2K5 b - - 0 19
e6c8,r3k3/p3p2p/2p1bpp1/8/P3PB2/2P5/1R3PPP/2K5 b - - 2 20
e8d7,r1b1k3/p3p2p/2p2pp1/8/P3PB2/2P5/1RK2PPP/8 b - - 4 21
c8a6,r1b5/p2kp2p/2p2pp1/8/P3PB2/1KP5/1R3PPP/8 b - - 6 22
e7e5,r7/p2kp2p/b1p2pp1/8/PK2PB2/2P5/1R3PPP/8 b - - 8 23
a6f1,r7/p2k3p/b1p2pp1/K3p3/P3PB2/2P5/1R3PPP/8 b - - 1 24
d7c7,r7/p2k3p/2p2pp1/K3p3/P3P3/2P3B1/1R3PPP/5b2 b - - 3 25
a8e8,r7/p1k4p/2p2pp1/K3p3/P3PP2/2P3B1/1R4PP/5b2 b - - 0 26
f6e5,4r3/p1k4p/2p2pp1/K3P3/P3P3/2P3B1/1R4PP/5b2 b - - 0 27
f1c4,4r3/p1k4p/2p3p1/K3p3/P3P3/2P3B1/5RPP/5b2 b - - 1 28
c6c5,4r3/p1k4p/2p2Rp1/K3p3/P1b1P3/2P3B1/6PP/8 b - - 3 29
e2g3,r2qk2r/pb2bppp/1pn1p3/2ppP3/3Pn3/2PB1N2/PP2NPPP/R1BQ1RK1 w kq - 1 10
h2g3,r2qk2r/pb2bppp/1pn1p3/2ppP3/3P4/2PB1Nn1/PP3PPP/R1BQ1RK1 w kq - 0 11
c1e3,r2qk2r/1b2bppp/1pn1p3/p1ppP3/3P4/2PB1NP1/PP3PP1/R1BQ1RK1 w kq - 0 12
d3a6,r2qk2r/4bppp/bpn1p3/p1ppP3/3P4/2PBBNP1/PP3PP1/R2Q1RK1 w kq - 2 13
a2a4,3qk2r/4bppp/rpn1p3/p1ppP3/3P4/2P1BNP1/PP3PP1/R2Q1RK1 w k - 0 14
g3g4,4k2r/3qbppp/rpn1p3/p1ppP3/P2P4/2P1BNP1/1P3PP1/R2Q1RK1 w k - 1 15
g4h5,4k2r/3qbpp1/rpn1p3/p1ppP2p/P2P2P1/2P1BN2/1P3PP1/R2Q1RK1 w k - 0 16
g2g3,4k3/3qbpp1/rpn1p3/p1ppP2r/P2P4/2P1BN2/1P3PP1/R2Q1RK1 w - - 0 17
g1g2,r3k3/3qbpp1/1pn1p3/p1ppP2r/P2P4/2P1BNP1/1P3P2/R2Q1RK1 w - - 1 18
d1e2,r3k2r/3qbpp1/1pn1p3/p1ppP3/P2P4/2P1BNP1/1P3PK1/R2Q1R2 w - - 3 19
b2b3,r3k2r/3qbpp1/1pn1p3/p2pP3/P1pP4/2P1BNP1/1P2QPK1/R4R2 w - - 0 20
f1b1,r3k2r/3qbpp1/1pn1p3/p2pP3/P2P4/1pP1BNP1/4QPK1/R4R2 w - - 0 21
b1b3,2r1k2r/3qbpp1/1pn1p3/p2pP3/P2P4/1pP1BNP1/4QPK1/RR6 w - - 2 22
e3g5,2rbk2r/3q1pp1/1pn1p3/p2pP3/P2P4/1RP1BNP1/4QPK1/R7 w - - 1 23
f3d2,2rbk2r/3qnpp1/1p2p3/p2pP1B1/P2P4/1RP2NP1/4QPK1/R7 w - - 3 24
e2g4,2rbk2r/4npp1/1pq1p3/p2pP1B1/P2P4/1RP3P1/3NQPK1/R7 w - - 5 25
g5d8,2rbk2r/5pp1/1pq1p3/p2pPnB1/P2P2Q1/1RP3P1/3N1PK1/R7 w - - 7 26
d2f3,3rk2r/5pp1/1pq1p3/p2pPn2/P2P2Q1/1RP3P1/3N1PK1/R7 w - - 0 27
g4f4,1r2k2r/5pp1/1pq1p3/p2pPn2/P2P2Q1/1RP2NP1/5PK1/R7 w - - 2 28
a1b1,1r2k2r/5pp1/1p2p3/p2pPn2/P1qP1Q2/1RP2NP1/5PK1/R7 w - - 4 29
h4g3,r1b1kb1r/ppp2pp1/1nn5/4P3/7p/2NqP1P1/PP1PN1BP/R1BQ1RK1 b kq - 0 10
d3h7,r1b1kb1r/ppp2pp1/1nn5/4P3/5N2/2NqP1p1/PP1P2BP/R1BQ1RK1 b kq - 1 11
c6e5,r1b1kb1r/ppp2ppq/1nn5/4P3/5N2/2N1P1pP/PP1P2B1/R1BQ1RK1 b kq - 0 12
e5g6,r1b1kb1r/ppp2ppq/1n6/4n3/3P1N2/2N1P1pP/PP4B1/R1BQ1RK1 b kq - 0 13
g6f4,r1b1kb1r/ppp2ppq/1n4n1/8/3P1N2/4P1pP/PP2N1B1/R1BQ1RK1 b kq - 2 14
g7g5,r1b1kb1r/ppp2ppq/1n6/8/3P1N2/4P1pP/PP4B1/R1BQ1RK1 b kq - 0 15
c8h3,r1b1kb1r/ppp2p1q/1n6/6p1/3P4/3NP1pP/PP4B1/R1BQ1RK1 b kq - 1 16
h3f1,r3kb1r/pBp2p1q/1n6/6p1/3P4/3NP1pb/PP6/R1BQ1RK1 b kq - 0 17
h7h1,r3kb1r/pBp2p1q/1n6/6p1/3P4/3NP1p1/PP6/R1BQ1K2 b kq - 0 18
c3b5,r1b1kb1r/ppq2ppp/2n1p1n1/3pP3/8/2NB1NQ1/PPP2PPP/R1B1K2R w KQkq - 8 10
d3g6,rqb1kb1r/pp3ppp/2n1p1n1/1N1pP3/8/3B1NQ1/PPP2PPP/R1B1K2R w KQkq - 10 11
c2c3,rqb1kb1r/pp3pp1/2n1p1p1/1N1pP3/8/5NQ1/PPP2PPP/R1B1K2R w KQkq - 0 12
b5d4,rq2kb1r/pp1b1pp1/2n1p1p1/1N1pP3/8/2P2NQ1/PP3PPP/R1B1K2R w KQkq - 1 13
f3d4,rq2kb1r/pp1b1pp1/4p1p1/3pP3/3n4/2P2NQ1/PP3PPP/R1B1K2R w KQkq - 0 14
c1e3,r3kb1r/ppqb1pp1/4p1p1/3pP3/3N4/2P3Q1/PP3PPP/R1B1K2R w KQkq - 1 15
h2h4,r3k2r/ppqbbpp1/4p1p1/3pP3/3N4/2P1B1Q1/PP3PPP/R3K2R w KQkq - 3 16
d4f3,2kr3r/ppqbbpp1/4p1p1/3pP3/3N3P/2P1B1Q1/PP3PP1/R3K2R w KQ - 1 17
g3f4,1k1r3r/ppqbbpp1/4p1p1/3pP3/7P/2P1BNQ1/PP3PP1/R3K2R w KQ - 3 18
e1c1,1k1r3r/ppqbb1p1/4ppp1/3pP3/5Q1P/2P1BN2/PP3PP1/R3K2R w KQ - 0 19
e3d4,k2r3r/ppqbb1p1/4ppp1/3pP3/5Q1P/2P1BN2/PP3PP1/2KR3R w - - 2 20
c1b1,k1r4r/ppqbb1p1/4ppp1/3pP3/3B1Q1P/2P2N2/PP3PP1/2KR3R w - - 4 21
f4e3,k1r4r/ppq1b1p1/4ppp1/1b1pP3/3B1Q1P/2P2N2/PP3PP1/1K1R3R w - - 6 22
b2b3,k1r4r/ppq1b1p1/4ppp1/3pP3/2bB3P/2P1QN2/PP3PP1/1K1R3R w - - 8 23
d1c1,k1r4r/ppq1b1p1/b3ppp1/3pP3/3B3P/1PP1QN2/P4PP1/1K1R3R w - - 1 24
g2g3,k1r4r/ppq1b1p1/b3p1p1/3pPp2/3B3P/1PP1QN2/P4PP1/1KR4R w - - 0 25
a2a4,k1r4r/p1q1b1p1/bp2p1p1/3pPp2/3B3P/1PP1QNP1/P4P2/1KR4R w - - 0 26
b1b2,k1r4r/p2qb1p1/bp2p1p1/3pPp2/P2B3P/1PP1QNP1/5P2/1KR4R w - - 1 27
c1a1,k6r/p1rqb1p1/bp2p1p1/3pPp2/P2B3P/1PP1QNP1/1K3P2/2R4R w - - 3 28
h4h5,k1r5/p1rqb1p1/bp2p1p1/3pPp2/P2B3P/1PP1QNP1/1K3P2/R6R w - - 5 29
c8f5,rnb1kb1r/pp2pppp/3p4/2qP4/2B1n3/5N2/PPQ2PPP/RNB2K1R b kq - 6 10
c5a5,rn2kb1r/pp2pppp/3p4/2qP1b2/2B1n3/4BN2/PPQ2PPP/RN3K1R b kq - 8 11
b8d7,rn2kb1r/pp2pppp/3p4/q2P1b2/2B1n3/1Q2BN2/PP3PPP/RN3K1R b kq - 10 12
a8b8,r3kb1r/pQ1npppp/3p4/q2P1b2/2B1n3/4BN2/PP3PPP/RN3K1R b kq - 0 13
a5a7,1r2kb1r/Q2npppp/3p4/q2P1b2/2B1n3/4BN2/PP3PPP/RN3K1R b k - 0 14
b8b2,1r2kb1r/B2npppp/3p4/3P1b2/2B1n3/5N2/PP3PPP/RN3K1R b k - 0 15
b2c2,4kb1r/3npppp/3p4/3P1b2/2BBn3/5N2/Pr3PPP/RN3K1R b k - 1 16
e4d2,4kb1r/3npppp/3p4/3P1b2/2BBn3/N4N2/P1r2PPP/R4K1R b k - 3 17
c2d2,4kb1r/3npppp/3p4/3P1b2/2BB4/N7/P1rN1PPP/R4K1R b k - 0 18
f5d3,4kb1r/3npppp/3p4/3P1b2/2B5/N1B5/P2r1PPP/R4K1R b k - 1 19
d3c4,4kb1r/3npppp/3p4/3P4/2B5/N1Bb4/P2r1PPP/R5KR b k - 3 20
c4d5,4kb1r/3npppp/3p4/3P4/2b5/N7/P2B1PPP/R5KR b k - 0 21
d5c6,4kb1r/3npppp/3p4/1N1b4/8/8/P2B1PPP/R5KR b k - 1 22
d7c5,4kb1r/3npppp/2bp4/1N6/8/8/P2B1PPP/2R3KR b k - 3 23
e7e6,4kb1r/4pppp/2bp4/1Nn5/P7/8/3B1PPP/2R3KR b k - 0 24
e8d7,4kb1r/5ppp/2bpp3/1Nn5/P7/4B3/5PPP/2R3KR b k - 1 25
d6c5,5b1r/3k1ppp/2bpp3/1NB5/P7/8/5PPP/2R3KR b - - 0 26
f8e7,5b1r/3k1ppp/2b1p3/1Np5/P7/5P2/6PP/2R3KR b - - 0 27
c6b5,7r/3kbppp/2b1p3/1Np5/P7/5P2/5KPP/2R4R b - - 2 28
e7f6,7r/3kbppp/4p3/1Pp5/8/5P2/5KPP/2R4R b - - 0 29
d1d4,r1bq1rk1/pp1nbpp1/4pn1p/3p2B1/2Pp3P/2N1PN2/PPQ2PP1/2KR1B1R w - - 0 10
g2g4,r1b2rk1/pp1nbpp1/4pn1p/q2p2B1/2PR3P/2N1PN2/PPQ2PP1/2K2B1R w - - 1 11
f1c4,r1b2rk1/pp1nbpp1/4pn1p/q5B1/2pR2PP/2N1PN2/PPQ2P2/2K2B1R w - - 0 12
c4b3,r1b2rk1/p2nbpp1/4pn1p/qp4B1/2BR2PP/2N1PN2/PPQ2P2/2K4R w - - 0 13
d4d7,r4rk1/pb1nbpp1/4pn1p/qp4B1/3R2PP/1BN1PN2/PPQ2P2/2K4R w - - 2 14
g5e7,r4rk1/pb1nbpp1/4p2p/qp4B1/6PP/1BN1PN2/PPQ2P2/2K4R w - - 0 15
h1h3,r4rk1/p2nBpp1/4p2p/qp6/6PP/1BN1Pb2/PPQ2P2/2K4R w - - 0 16
e7d6,r3r1k1/p2nBpp1/4p2p/qp6/6PP/1BN1Pb1R/PPQ2P2/2K5 w - - 2 17
h3g3,r3r1k1/p2n1pp1/3Bp2p/qp6/6bP/1BN1P2R/PPQ2P2/2K5 w - - 0 18
e3e4,r3r1k1/p2n1pp1/3Bp2p/qp3b2/7P/1BN1P1R1/PPQ2P2/2K5 w - - 2 19
h4h5,r3r1k1/p2n1pp1/3Bp1bp/qp6/4P2P/1BN3R1/PPQ2P2/2K5 w - - 1 20
c2d2,r3r1k1/p2n1pp1/3Bp2p/qp5b/4P3/1BN3R1/PPQ2P2/2K5 w - - 0 21
a2a3,r3r1k1/p2n1pp1/3Bp1bp/qp6/4P3/1BN3R1/PP1Q1P2/2K5 w - - 2 22
b3c2,2r1r1k1/p2n1pp1/3Bp1bp/qp6/4P3/PBN3R1/1P1Q1P2/2K5 w - - 1 23
d6b4,2r1r1k1/p2n1pp1/3Bp1bp/q7/1p2P3/P1N3R1/1PBQ1P2/2K5 w - - 0 24
f2f4,2r1r1k1/p1qn1pp1/4p1bp/8/1B2P3/P1N3R1/1PBQ1P2/2K5 w - - 1 25
d2g2,2r1r1k1/p1q2pp1/4p1bp/2n5/1B2PP2/P1N3R1/1PBQ4/2K5 w - - 1 26
c1b1,2r1r1k1/p4pp1/4p1bp/2n5/1B2Pq2/P1N3R1/1PB3Q1/2K5 w - - 0 27
c3b5,2rr2k1/p4pp1/4p1bp/2n5/1B2Pq2/P1N3R1/1PB3Q1/1K6 w - - 2 28
b4c3,2rr2k1/p2n1pp1/4p1bp/1N6/1B2Pq2/P5R1/1PB3Q1/1K6 w - - 4 29
d8e7,r2qk1nr/1bpn1pb1/p2pp1p1/1p4Np/3PP2P/2N1BP2/PPPQ2P1/2KR1B1R b kq - 1 10
g8f6,r3k1nr/1bpnqpb1/p2pp1p1/1p4Np/3PP2P/2N1BP2/PPPQ2P1/1K1R1B1R b kq - 3 11
d7b6,r3k2r/1bpnqpb1/p2ppnp1/1p4Np/3PP2P/2N1BPP1/PPPQ4/1K1R1B1R b kq - 0 12
f6d7,r3k2r/1bp1qpb1/pn1ppnp1/1p4Np/3PP2P/1PN1BPP1/P1PQ4/1K1R1B1R b kq - 0 13
c7c5,r3k2r/1bpnqpb1/pn1pp1p1/1p4Np/3PP2P/1PN1BPP1/P1PQ2B1/1K1R3R b kq - 2 14
c5c4,r3k2r/1b1nqpb1/pn1pp1p1/1pp3Np/3PPP1P/1PN1B1P1/P1PQ2B1/1K1R3R b kq - 0 15
b5b4,r3k2r/1b1nqpb1/pn1pp1p1/1p3PNp/2pPP2P/1PN1B1P1/P1PQ2B1/1K1R3R b kq - 0 16
f7e6,r3k2r/1b1nqpb1/pn1pP1p1/6Np/1ppPP2P/1PN1B1P1/P1PQ2B1/1K1R3R b kq - 0 17
c4c3,r3k2r/1b1nq1b1/pn1pp1p1/6Np/1ppPP2P/1P2B1P1/P1PQN1B1/1K1R3R b kq - 1 18
a6a5,r3k2r/1b1nq1b1/pn1pp1p1/6Np/1p1PP2P/1Pp1B1P1/P1P1N1B1/1K1RQ2R b kq - 1 19
d7f8,r3k2r/1b1nq1b1/1n1pp1p1/p5Np/1p1PPN1P/1Pp1B1P1/P1P3B1/1K1RQ2R b kq - 1 20
e6e5,r3kn1r/1b2q1b1/1n1pp1p1/p5Np/1p1PPN1P/1Pp1B1PB/P1P5/1K1RQ2R b kq - 3 21
d6e5,r3kn1r/1b2q1b1/1n1p2p1/p3P1Np/1p2PN1P/1Pp1B1PB/P1P5/1K1RQ2R b kq - 0 22
f8e6,r3kn1r/1b2q1b1/1n2N1p1/p3p1Np/1p2P2P/1Pp1B1PB/P1P5/1K1RQ2R b kq - 1 23
a8a6,r3k2r/1b2q1b1/1n2B1p1/p3p1Np/1p2P2P/1Pp1B1P1/P1P5/1K1RQ2R b kq - 0 24
e7f7,4k2r/1b2qBb1/rn4p1/p3p1Np/1p2P2P/1Pp1B1P1/P1P5/1K1RQ2R b k - 2 25
e8f7,4k2r/1b3Nb1/rn4p1/p3p2p/1p2P2P/1Pp1B1P1/P1P5/1K1RQ2R b k - 0 26
f7g8,7r/1b3kb1/rn4p1/p3p2p/1p2P2P/1Pp1B1P1/P1P5/1K1RQR2 b - - 1 27
a6b6,6kr/1b4b1/rB4p1/p3p2p/1p2P2P/1Pp3P1/P1P5/1K1RQR2 b - - 0 28
g8h7,6kr/1b1R2b1/1r4p1/p3p2p/1p2P2P/1Pp3P1/P1P5/1K2QR2 b - - 1 29
f1d3,rnbq1rk1/5ppp/pp2pn2/3p4/3P1P2/2N2N2/PP3PPP/R2QKB1R w KQ - 1 10
d1e2,rn1q1rk1/1b3ppp/pp2pn2/3p4/3P1P2/2NB1N2/PP3PPP/R2QK2R w KQ - 3 11
g2g3,r2q1rk1/1b3ppp/ppn1pn2/3p4/3P1P2/2NB1N2/PP2QPPP/R3K2R w KQ - 5 12
e1g1,r2q1rk1/1b3ppp/p1n1pn2/1p1p4/3P1P2/2NB1NP1/PP2QP1P/R3K2R w KQ - 0 13
e2e3,r4rk1/1b3ppp/pqn1pn2/1p1p4/3P1P2/2NB1NP1/PP2QP1P/R4RK1 w - - 2 14
f1c1,2r2rk1/1b3ppp/pqn1pn2/1p1p4/3P1P2/2NBQNP1/PP3P1P/R4RK1 w - - 4 15
h2h4,2r2rk1/1b3p1p/pqn1pnp1/1p1p4/3P1P2/2NBQNP1/PP3P1P/R1R3K1 w - - 0 16
c3e2,2r2rk1/1b2np1p/pq2pnp1/1p1p4/3P1P1P/2NBQNP1/PP3P2/R1R3K1 w - - 1 17
e3d2,2r2rk1/1b3p1p/pq2pnp1/1p1p1n2/3P1P1P/3BQNP1/PP2NP2/R1R3K1 w - - 3 18
d2e1,2r2rk1/1b3p1p/pq2p1p1/1p1p1n2/3PnP1P/3B1NP1/PP1QNP2/R1R3K1 w - - 5 19
c1c8,2r2rk1/1b3p1p/pq2p1p1/3p1n2/1p1PnP1P/3B1NP1/PP2NP2/R1R1Q1K1 w - - 0 20
a1c1,2r3k1/1b3p1p/pq2p1p1/3p1n2/1p1PnP1P/3B1NP1/PP2NP2/R3Q1K1 w - - 0 21
c1c8,2r3k1/1b3p1p/1q2p1p1/p2p1n2/1p1PnP1P/3B1NP1/PP2NP2/2R1Q1K1 w - - 0 22
e1c1,2b3k1/5p1p/1q2p1p1/p2p1n2/1p1PnP1P/3B1NP1/PP2NP2/4Q1K1 w - - 0 23
c1c2,6k1/5p1p/bq2p1p1/p2p1n2/1p1PnP1P/3B1NP1/PP2NP2/2Q3K1 w - - 2 24
c2d3,6k1/5p1p/1q2p1p1/p2p1n2/1p1PnP1P/3b1NP1/PPQ1NP2/6K1 w - - 0 25
f3d2,6k1/2q2p1p/4p1p1/p2p1n2/1p1PnP1P/3Q1NP1/PP2NP2/6K1 w - - 1 26
d3d2,6k1/2q2p1p/4p1p1/p2p1n2/1p1P1P1P/3Q2P1/PP1nNP2/6K1 w - - 0 27
b2b3,6k1/2q2p2/4p1p1/p2p1n1p/1p1P1P1P/6P1/PP1QNP2/6K1 w - - 0 28
g1g2,8/2q2pk1/4p1p1/p2p1n1p/1p1P1P1P/1P4P1/P2QNP2/6K1 w - - 1 29
c8e6,r1bq1rk1/1p2ppbp/p1np1np1/6B1/4P3/1NNB4/PPP2PPP/R2QR1K1 b - - 7 10
a8c8,r2q1rk1/1p2ppbp/p1npbnp1/6B1/4P3/1NNB4/PPPQ1PPP/R3R1K1 b - - 9 11
b7b5,2rq1rk1/1p2ppbp/p1npbnp1/6B1/4P3/1NNB3P/PPPQ1PP1/R3R1K1 b - - 0 12
b5b4,2rq1rk1/4ppbp/p1npbnp1/1p4B1/P3P3/1NNB3P/1PPQ1PP1/R3R1K1 b - - 0 13
a6a5,2rq1rk1/4ppbp/p1npbnp1/3N2B1/Pp2P3/1N1B3P/1PPQ1PP1/R3R1K1 b - - 1 14
e7f6,2rq1rk1/4ppbp/2npbNp1/p5B1/Pp2P3/1N1B3P/1PPQ1PP1/R3R1K1 b - - 0 15
d6d5,2rq1rk1/5pbp/2npbpp1/p7/Pp2P2B/1N1B3P/1PPQ1PP1/R3R1K1 b - - 1 16
g6g5,2rq1rk1/5pbp/2n1bpp1/p2pP3/Pp5B/1N1B3P/1PPQ1PP1/R3R1K1 b - - 0 17
d8f6,2rq1rk1/5pbp/2n1bP2/p2p2p1/Pp5B/1N1B3P/1PPQ1PP1/R3R1K1 b - - 0 18
f6b2,2r2rk1/5pbp/2n1bq2/p2p2B1/Pp6/1N1B3P/1PPQ1PP1/R3R1K1 b - - 0 19
c6e5,2r2rk1/5pbp/2n1b3/p2p2B1/Pp3Q2/1N1B3P/1qP2PP1/R3R1K1 b - - 1 20
b2c3,2r2rk1/5pbp/4b3/p2pn1B1/Pp3Q2/1N1B3P/1qP2PP1/1R2R1K1 b - - 3 21
e5g6,2r2rk1/5pbp/4b2B/p2pn3/Pp3Q2/1NqB3P/2P2PP1/1R2R1K1 b - - 5 22
c8a8,2r2rk1/5pbp/4b1nB/p2p2Q1/Pp6/1NqB3P/2P2PP1/1R2R1K1 b - - 7 23
c3g7,r4rk1/5pBp/4b1n1/p2p2Q1/Pp6/1NqB3P/2P2PP1/1R2R1K1 b - - 0 24
d5d4,r4rk1/5pqp/4b1n1/p2p2Q1/Pp6/1N1BR2P/2P2PP1/1R4K1 b - - 1 25
e6b3,r4rk1/5pqp/4b1n1/p5Q1/Pp1p4/1N1B2RP/2P2PP1/1R4K1 b - - 1 26
g8h8,r4rk1/5pqp/6n1/p5Q1/Pp1p4/1P1B2RP/5PP1/1R4K1 b - - 0 27
g7e5,r4r1k/5pqp/6n1/p5Q1/Pp1p3P/1P1B2R1/5PP1/1R4K1 b - - 0 28
f8g8,r4r1k/5p1p/6nQ/p3q3/Pp1p3P/1P1B2R1/5PP1/1R4K1 b - - 2 29
d4d5,r2qk2r/1ppb1pb1/p1np1np1/4p2p/2PPP2P/2N1BP2/PP1QN1P1/R3KB1R w KQkq - 0 10
b2b3,r2qk2r/1ppb1pb1/p2p1np1/n2Pp2p/2P1P2P/2N1BP2/PP1QN1P1/R3KB1R w KQkq - 1 11
c4c5,r2qk2r/2pb1pb1/p2p1np1/np1Pp2p/2P1P2P/1PN1BP2/P2QN1P1/R3KB1R w KQkq - 0 12
c3d1,r2qk2r/2pb1pb1/p2p1np1/n1PPp2p/1p2P2P/1PN1BP2/P2QN1P1/R3KB1R w KQkq - 0 13
e3c5,r2qk2r/2pb1pb1/p4np1/n1pPp2p/1p2P2P/1P2BP2/P2QN1P1/R2NKB1R w KQkq - 0 14
c5e3,r2qk2r/1npb1pb1/p4np1/2BPp2p/1p2P2P/1P3P2/P2QN1P1/R2NKB1R w KQkq - 1 15
d1b2,r2qk2r/1npb1pb1/5np1/p2Pp2p/1p2P2P/1P2BP2/P2QN1P1/R2NKB1R w KQkq - 0 16
e2g3,r2qk2r/2pb1pb1/3n1np1/p2Pp2p/1p2P2P/1P2BP2/PN1QN1P1/R3KB1R w KQkq - 2 17
f1e2,r2q1rk1/2pb1pb1/3n1np1/p2Pp2p/1p2P2P/1P2BPN1/PN1Q2P1/R3KB1R w KQ - 4 18
e3c5,r2q1rk1/3b1pb1/2pn1np1/p2Pp2p/1p2P2P/1P2BPN1/PN1QB1P1/R3K2R w KQ - 0 19
d5c6,r2qnrk1/3b1pb1/2pn2p1/p1BPp2p/1p2P2P/1P3PN1/PN1QB1P1/R3K2R w KQ - 2 20
a1d1,r2qnrk1/5pb1/2bn2p1/p1B1p2p/1p2P2P/1P3PN1/PN1QB1P1/R3K2R w KQ - 0 21
c5d6,r2qnrk1/5p2/2bn1bp1/p1B1p2p/1p2P2P/1P3PN1/PN1QB1P1/3RK2R w K - 2 22
d6e5,r2qnrk1/5p2/2bB2p1/p3p2p/1p2P2b/1P3PN1/PN1QB1P1/3RK2R w K - 0 23
h1h4,r3nrk1/4qp2/2b3p1/p3B2p/1p2P2b/1P3PN1/PN1QB1P1/3RK2R w K - 1 24
g3f1,r3nrk1/5p2/2b3p1/p3q2p/1p2P2R/1P3PN1/PN1QB1P1/3RK3 w - - 0 25
b2c4,r4rk1/5p2/2b2np1/p3q2p/1p2P2R/1P3P2/PN1QB1P1/3RKN2 w - - 2 26
d2g5,r4rk1/4qp2/2b2np1/p6p/1pN1P2R/1P3P2/P2QB1P1/3RKN2 w - - 4 27
d1d8,3r1rk1/4qp2/2b2np1/p5Qp/1pN1P2R/1P3P2/P3B1P1/3RKN2 w - - 6 28
e4e5,3r2k1/4qp2/2b2np1/p5Qp/1pN1P2R/1P3P2/P3B1P1/4KN2 w - - 0 29
d7e6,2rqkbnr/1p1b1pp1/p2p3p/4p3/4P3/2NQ1N2/PPP2PPP/R1BR2K1 b k - 1 10
g8f6,2rqkbnr/1p3pp1/p2pb2p/4p3/4P3/2NQ4/PPPN1PPP/R1BR2K1 b k - 3 11
e6g4,2rqkb1r/1p3pp1/p2pbn1p/4p3/4P3/2NQ4/PPP2PPP/R1BR1NK1 b k - 5 12
g4e6,2rqkb1r/1p3pp1/p2p1n1p/4p3/4P1b1/2NQ1P2/PPP3PP/R1BR1NK1 b k - 0 13
f8e7,2rqkb1r/1p3pp1/p2pbn1p/4p3/4P3/2NQNP2/PPP3PP/R1BR2K1 b k - 2 14
d8b6,2rqk2r/1p2bpp1/p2pbn1p/4p3/4P3/2NQNP2/PPPB2PP/R2R2K1 b k - 4 15
e8g8,2r1k2r/1p2bpp1/pq1pbn1p/4p3/4P3/2NQNP2/PPPB2PP/1R1R2K1 b k - 6 16
f8d8,2r2rk1/1p2bpp1/pq1pbn1p/4p3/4P3/2NQNP2/PPP3PP/1R1RB1K1 b - - 8 17
b6a5,2rr2k1/1p2bpp1/pq1pbn1p/4p3/4P3/2NQNP2/PPP2BPP/1R1R2K1 b - - 10 18
b7b5,2rr2k1/1p2bpp1/p2pbn1p/q3p3/4P3/P1NQNP2/1PP2BPP/1R1R2K1 b - - 0 19
b5b4,2rr2k1/4bpp1/p2pbn1p/qp2p3/4P3/P1NQNP2/1PP2BPP/2RR2K1 b - - 1 20
f6d5,2rr2k1/4bpp1/p2pbn1p/q2Np3/1p2P3/P2QNP2/1PP2BPP/2RR2K1 b - - 1 21
e6d5,2rr2k1/4bpp1/p2pb2p/q2Np3/1p2P3/P2Q1P2/1PP2BPP/2RR2K1 b - - 0 22
a5d5,2rr2k1/4bpp1/p2p3p/q2Qp3/1p2P3/P4P2/1PP2BPP/2RR2K1 b - - 0 23
b4a3,2rr2k1/4bpp1/p2p3p/3Rp3/1p2P3/P4P2/1PP2BPP/2R3K1 b - - 0 24
e7g5,2rr2k1/4bpp1/p2p3p/3Rp3/4P3/P4P2/2P2BPP/2R3K1 b - - 0 25
c8c2,2rr2k1/5pp1/p2p3p/3Rp1b1/4P3/P4P2/2P2BPP/3R2K1 b - - 2 26
g5e7,3r2k1/5pp1/p2p3p/3Rp1b1/4P2P/P4P2/2r2BP1/3R2K1 b - - 0 27
d8c8,3r2k1/4bpp1/p2p3p/3Rp3/4P2P/P4P2/2r3P1/3RB1K1 b - - 2 28
c2a2,2r3k1/4bpp1/p2p3p/3Rp3/1B2P2P/P4P2/2r3P1/3R2K1 b - - 4 29
e2e3,r1bqr1k1/1pp2pp1/p1nbpn1p/3p4/2PP4/1PN2NP1/PB2PPBP/R2Q1RK1 w - - 0 10
d1e2,r2qr1k1/1ppb1pp1/p1nbpn1p/3p4/2PP4/1PN1PNP1/PB3PBP/R2Q1RK1 w - - 1 11
b3c4,r2qr1k1/1ppb1pp1/p1nbpn1p/8/2pP4/1PN1PNP1/PB2QPBP/R4RK1 w - - 0 12
d4d5,r2qr1k1/1ppb1pp1/p1nb1n1p/4p3/2PP4/2N1PNP1/PB2QPBP/R4RK1 w - - 0 13
e3d4,r2qr1k1/1ppb1pp1/p2b1n1p/3Pp3/2Pn4/2N1PNP1/PB2QPBP/R4RK1 w - - 1 14
e2d3,r2qr1k1/1ppb1pp1/p2b1n1p/3P4/2Pp4/2N2NP1/PB2QPBP/R4RK1 w - - 0 15
d3c3,r2qr1k1/1ppb1pp1/p2b1n1p/3P4/2P5/2pQ1NP1/PB3PBP/R4RK1 w - - 0 16
f1e1,r3r1k1/1ppbqpp1/p2b1n1p/3P4/2P5/2Q2NP1/PB3PBP/R4RK1 w - - 1 17
c3c2,r3rqk1/1ppb1pp1/p2b1n1p/3P4/2P5/2Q2NP1/PB3PBP/R3R1K1 w - - 3 18
a1e1,r4qk1/1ppb1pp1/p2b1n1p/3P4/2P5/5NP1/PBQ2PBP/R3r1K1 w - - 0 19
b2f6,4rqk1/1ppb1pp1/p2b1n1p/3P4/2P5/5NP1/PBQ2PBP/4R1K1 w - - 1 20
f3e1,5qk1/1ppb1pp1/p2b1B1p/3P4/2P5/5NP1/P1Q2PBP/4r1K1 w - - 0 21
g2e4,5qk1/1ppb1p2/p2b1p1p/3P4/2P5/6P1/P1Q2PBP/4N1K1 w - - 0 22
e1g2,6k1/1ppbqp2/p2b1p1p/3P4/2P1B3/6P1/P1Q2P1P/4N1K1 w - - 2 23
c4b5,6k1/2pbqp2/p2b1p1p/1p1P4/2P1B3/6P1/P1Q2PNP/6K1 w - - 0 24
e4f5,6k1/2pbqp2/3b1p1p/1p1P4/4B3/6P1/P1Q2PNP/6K1 w - - 0 25
c2f5,6k1/2p1qp2/3b1p1p/1p1P1b2/8/6P1/P1Q2PNP/6K1 w - - 0 26
g2e3,6k1/2p2p2/3b1p1p/1p1P1Q2/8/6P1/P3qPNP/6K1 w - - 1 27
e3g4,6k1/2p2p2/3b1p1p/1p1P1Q2/8/4N1P1/q4P1P/6K1 w - - 0 28
g4h6,6k1/2p2p2/3b1p1p/3P1Q2/1p4N1/6P1/q4P1P/6K1 w - - 0 29
c8g4,r1bq1rk1/1pp2ppp/p1p2n2/8/1b6/1P1BP3/PBPN1PPP/R2Q1RK1 b - - 4 10
d8e7,r2q1rk1/1pp2ppp/p1p2n2/8/1b4b1/1P1BPN2/PBP2PPP/R2Q1RK1 b - - 6 11
g4h5,r4rk1/1pp1qppp/p1p2n2/8/1b4b1/1P1BPN1P/PBP2PP1/R2Q1RK1 b - - 0 12
f6e4,r4rk1/1pp1qppp/p1p2n2/7b/1b6/1P1BPN1P/PBP1QPP1/R4RK1 b - - 2 13
e7e4,r4rk1/1pp1qppp/p1p5/7b/1b2B3/1P2PN1P/PBP1QPP1/R4RK1 b - - 0 14
a8d8,r4rk1/1pp2ppp/p1p5/7b/1b2q3/1P2PN1P/PBP1QPP1/R2R2K1 b - - 1 15
b4d6,3r1rk1/1pp2ppp/p1p5/7b/1b2q3/1P1RPN1P/PBP1QPP1/R5K1 b - - 3 16
f7f5,3r1rk1/1pp2ppp/p1pb4/7b/4q3/1P1RPN1P/PBP1QPP1/3R2K1 b - - 5 17
e4e7,3r1rk1/1pp3pp/p1pb4/5p1b/3Rq3/1P2PN1P/PBP1QPP1/3R2K1 b - - 1 18
c6c5,3r1rk1/1pp1q1pp/p1pb4/5p1b/3R4/1P1QPN1P/PBP2PP1/3R2K1 b - - 3 19
h5g6,3r1rk1/1pp1q1pp/p2b4/2pR1p1b/8/1P1QPN1P/PBP2PP1/3R2K1 b - - 1 20
g6h5,3r1rk1/1pp1q1pp/p2b2b1/2pRNp2/8/1P1QP2P/PBP2PP1/3R2K1 b - - 3 21
d8e8,3r1rk1/1pp1q1pp/p2b4/2pRNp1b/8/1P1QP2P/PBPR1PP1/6K1 b - - 5 22
h5g6,4rrk1/1pp1q1pp/p2b4/2pR1p1b/2N5/1P1QP2P/PBPR1PP1/6K1 b - - 7 23
c7d6,4rrk1/1pp1q1pp/p2N2b1/2pR1p2/8/1P1QP2P/PBPR1PP1/6K1 b - - 0 24
f5f4,4rrk1/1p2q1pp/p2R2b1/2p2p2/8/1P1QP2P/PBPR1PP1/6K1 b - - 0 25
f8f7,4rrk1/1p2q1pp/p2R2b1/2p5/2Q2p2/1P2P2P/PBPR1PP1/6K1 b - - 1 26
e7e4,4r1k1/1p1Rqrpp/p5b1/2p5/2Q2p2/1P2P2P/PBPR1PP1/6K1 b - - 3 27
g6f7,4r1k1/1p3Rpp/p5b1/2p5/2Q1qp2/1P2P2P/PBPR1PP1/6K1 b - - 0 28
e8e4,4r1k1/1p3bpp/p7/2p5/4Qp2/1P2P2P/PBPR1PP1/6K1 b - - 0 29
b2b3,r1bq1rk1/1pp1ppb1/p2p1np1/n6p/2PPP2P/2N1BP2/PP1QN1P1/R3KB1R w KQ - 2 10
c4b5,r1bq1rk1/2p1ppb1/p2p1np1/np5p/2PPP2P/1PN1BP2/P2QN1P1/R3KB1R w KQ - 0 11
c3b5,r1bq1rk1/2p1ppb1/3p1np1/np5p/3PP2P/1PN1BP2/P2QN1P1/R3KB1R w KQ - 0 12
a2b3,r1bq1rk1/2p1ppb1/3p1np1/1N5p/3PP2P/1n2BP2/P2QN1P1/R3KB1R w KQ - 0 13
e1f2,2bq1rk1/2p1ppb1/3p1np1/1N5p/3PP2P/1P2BP2/3QN1P1/r3KB1R w K - 0 14
b5c3,3q1rk1/2p1ppb1/b2p1np1/1N5p/3PP2P/1P2BP2/3QNKP1/r4B1R w - - 2 15
c3e2,3q1rk1/2p1ppb1/3p1np1/7p/3PP2P/1PN1BP2/3QbKP1/r4B1R w - - 0 16
d2b2,3q1rk1/4ppb1/2pp1np1/7p/3PP2P/1P2BP2/3QNKP1/r4B1R w - - 0 17
e2c3,5rk1/4ppb1/2pp1np1/q6p/3PP2P/1P2BP2/1Q2NKP1/r4B1R w - - 2 18
h1g1,1r4k1/4ppb1/2pp1np1/q6p/3PP2P/1PN1BP2/1Q3KP1/r4B1R w - - 4 19
f1c4,1r4k1/4ppb1/3p1np1/q1p4p/3PP2P/1PN1BP2/1Q3KP1/r4BR1 w - - 0 20
e3d4,1r4k1/4ppb1/3p1np1/q6p/2BpP2P/1PN1BP2/1Q3KP1/r5R1 w - - 0 21
f2e2,1r4k1/4ppb1/3p2p1/q6p/2BBP1nP/1PN2P2/1Q3KP1/r5R1 w - - 1 22
d4g1,1r4k1/4ppb1/3p2p1/q6p/2BBP1nP/1PN2P2/1Q2K1P1/6r1 w - - 0 23
h5g6,r3kb1r/ppq2ppp/2n1pn2/3p2Bb/3P4/2PB1P2/PP2N1PP/RN2QRK1 b kq - 2 10
e8c8,r3kb1r/ppq2ppp/2n1pnb1/3p2B1/3P1N2/2PB1P2/PP4PP/RN2QRK1 b kq - 4 11
h7g6,2kr1b1r/ppq2ppp/2n1pnN1/3p2B1/3P4/2PB1P2/PP4PP/RN2QRK1 b - - 0 12
f8d6,2kr1b1r/ppq2pp1/2n1pnp1/3p2B1/3P1P2/2PB4/PP4PP/RN2QRK1 b - - 0 13
c8b8,2kr3r/ppq2pp1/2nbpnp1/3p2B1/3P1P2/2PB4/PP1N2PP/R3QRK1 b - - 2 14
c7b6,1k1r3r/ppq2pp1/2nbpnp1/3p2B1/3P1P2/2PB2P1/PP1N3P/R3QRK1 b - - 0 15
c6d4,1k1r3r/pp3pp1/1qnbpnp1/3p2B1/3P1P2/2PB2P1/PP1N3P/1R2QRK1 b - - 2 16
d4f5,1k1r3r/pp3pp1/1q1bpnp1/3p2B1/3n1P2/2PB2P1/PP1N2KP/1R2QR2 b - - 1 17
g6f5,1k1r3r/pp3pp1/1q1bpnp1/3p1BB1/5P2/2P3P1/PP1N2KP/1R2QR2 b - - 0 18
d8c8,1k1r3r/pp3pp1/1q1bpn2/3p1pB1/5P2/2P2NP1/PP4KP/1R2QR2 b - - 1 19
b6f2,1kr4r/pp3pp1/1q1bpn2/3p1pB1/5P2/2P2NP1/PP3QKP/1R3R2 b - - 3 20
f6e4,1kr4r/pp3pp1/3bpn2/3p1pB1/5P2/2P2NP1/PP3RKP/1R6 b - - 0 21
f7f6,1kr4r/pp3pp1/3bp3/3p1pB1/4nP2/2P2NP1/PP2R1KP/1R6 b - - 2 22
d6e7,1kr4r/pp4p1/3bpp2/3p1p2/4nP1B/2P2NP1/PP2R1KP/1R6 b - - 1 23
g7g5,1kr4r/pp2b1p1/4pp2/3p1p2/3NnP1B/2P3P1/PP2R1KP/1R6 b - - 3 24
f6g5,1kr4r/pp2b3/4pp2/3p1pP1/3Nn2B/2P3P1/PP2R1KP/1R6 b - - 0 25
e7g5,1kr4r/pp2b3/4p3/3p1pB1/3Nn3/2P3P1/PP2R1KP/1R6 b - - 0 26
g5h6,1kr4r/pp6/4N3/3p1pb1/4n3/2P3P1/PP2R1KP/1R6 b - - 0 27
f5f4,1kr4r/pp6/7b/3p1p2/3Nn3/2P3P1/PP2R1KP/1R6 b - - 2 28
f4g3,1kr4r/pp6/7b/3p4/3Nnp2/2P3P1/PP2R1KP/5R2 b - - 1 29
b8a6,1nbqk1nr/1p3ppp/1b2p3/3pP3/1P6/5N2/2P2PPP/BN1QKB1R b Kk - 0 10
g8e7,2bqk1nr/1p3ppp/nb2p3/3pP3/1P6/5N2/2PQ1PPP/BN2KB1R b Kk - 2 11
e8g8,2bqk2r/1p2nppp/nb2p3/3pP3/1P6/3B1N2/2PQ1PPP/BN2K2R b Kk - 4 12
c8d7,2bq1rk1/1p2nppp/nb2p3/3pP3/1P6/3B1N2/2PQ1PPP/BN3RK1 b - - 6 13
d8b8,3q1rk1/1p1bnppp/nb2p3/3pP3/1P6/3B1N2/1BPQ1PPP/1N3RK1 b - - 8 14
f8c8,1q3rk1/1p1bnppp/nb2p3/3pP3/1P6/3B1N2/1BPQ1PPP/1N2R1K1 b - - 10 15
b8a7,1qr3k1/1p1bnppp/nb2p3/3pP3/1P6/N2B1N2/1BPQ1PPP/4R1K1 b - - 12 16
d7b5,2r3k1/qp1bnppp/nb2p3/1N1pP3/1P6/3B1N2/1BPQ1PPP/4R1K1 b - - 14 17
a6b4,2r3k1/qp2nppp/nb2p3/1B1pP3/1P6/5N2/1BPQ1PPP/4R1K1 b - - 0 18
b6f2,2r3k1/qp2nppp/1b2p3/1B1pP3/1n6/5N2/1BPQ1PPP/R5K1 b - - 1 19
a7f2,2r3k1/qp2nppp/4p3/1B1pP3/1n6/5N2/1BP2QPP/R5K1 b - - 0 20
c8c2,2r3k1/1p2nppp/4p3/1B1pP3/1n6/5N2/1BP2KPP/R7 b - - 0 21
h7h6,6k1/1p2nppp/4p3/1B1pP3/1n6/5N2/1Br3PP/R5K1 b - - 1 22
g8h7,R5k1/1p2npp1/4p2p/1B1pP3/1n6/5N2/1Br3PP/6K1 b - - 1 23
e7c6,R7/1p2nppk/4p2p/1B1pP3/1n6/B4N2/2r3PP/6K1 b - - 3 24
c2a2,8/1p3ppk/2n1p2p/1B1pP3/Rn6/B4N2/2r3PP/6K1 b - - 5 25
a2a4,8/1p3ppk/2n1p2p/1B1pP3/RB6/5N2/r5PP/6K1 b - - 0 26
c6b4,8/1p3ppk/2n1p2p/3pP3/BB6/5N2/6PP/6K1 b - - 0 27
g7g5,8/1p3ppk/4p2p/3pP3/Bn6/5N2/5KPP/8 b - - 1 28
h7g6,8/1p3p1k/4p2p/3pP1p1/Bn6/4KN2/6PP/8 b - - 1 29
d1d2,r1bqkbr1/ppp5/2nppn2/5pp1/3P4/2N1PPB1/PPP3P1/R2QKBNR w KQq - 1 10
e3e4,r2qkbr1/pppb4/2nppn2/5pp1/3P4/2N1PPB1/PPPQ2P1/R3KBNR w KQq - 3 11
e1c1,r3kbr1/pppbq3/2nppn2/5pp1/3PP3/2N2PB1/PPPQ2P1/R3KBNR w KQq - 1 12
d4d5,2kr1br1/pppbq3/2nppn2/5pp1/3PP3/2N2PB1/PPPQ2P1/2KR1BNR w - - 3 13
e4d5,2kr1br1/pppbq3/2np1n2/3p1pp1/4P3/2N2PB1/PPPQ2P1/2KR1BNR w - - 0 14
g3f2,2kr1br1/pppbq3/3p1n2/3Pnpp1/8/2N2PB1/PPPQ2P1/2KR1BNR w - - 1 15
d2d4,1k1r1br1/pppbq3/3p1n2/3Pnpp1/8/2N2P2/PPPQ1BP1/2KR1BNR w - - 3 16
d4b4,1k1r1br1/p1pbq3/1p1p1n2/3Pnpp1/3Q4/2N2P2/PPP2BP1/2KR1BNR w - - 0 17
a2a4,1k1r1br1/p1pb1q2/1p1p1n2/3Pnpp1/1Q6/2N2P2/PPP2BP1/2KR1BNR w - - 2 18
b4b3,1k1r1br1/2pb1q2/1p1p1n2/p2Pnpp1/PQ6/2N2P2/1PP2BP1/2KR1BNR w - - 0 19
f2b6,1kbr1br1/2p2q2/1p1p1n2/p2Pnpp1/P7/1QN2P2/1PP2BP1/2KR1BNR w - - 2 20
b3b6,1kbr1br1/5q2/1p1p1n2/p2Pnpp1/P7/1QN2P2/1PP3P1/2KR1BNR w - - 0 21
b6d8,1kbr1br1/1q6/1Q1p1n2/p2Pnpp1/P7/2N2P2/1PP3P1/2KR1BNR w - - 1 22
d8f6,1kbQ1br1/1q6/3p1n2/p2Pnp2/P5p1/2N2P2/1PP3P1/2KR1BNR w - - 0 23
a7a6,r1bqk2r/pp1n1pp1/4p1p1/2bpP3/6Q1/2N2N2/PPP2PPP/R1B2RK1 b kq - 1 10
b7b5,r1bqk2r/1p1n1pp1/p3p1p1/2bpP3/6Q1/P1N2N2/1PP2PPP/R1B2RK1 b kq - 0 11
d8c7,r1bqk2r/3n1pp1/p3p1p1/1pbpP1B1/6Q1/P1N2N2/1PP2PPP/R4RK1 b kq - 1 12
c8b7,r1b1k2r/2qn1pp1/p3p1p1/1pbpP1B1/6Q1/P1N2N2/1PP2PPP/2R2RK1 b kq - 3 13
c5b6,r3k2r/1bqn1pp1/p3p1p1/1pbpP1B1/6Q1/P1N2N2/1PP2PPP/2R1R1K1 b kq - 5 14
c7c4,r3k2r/1bqn1pp1/pb2p1p1/1p1pP1B1/P5Q1/2N2N2/1PP2PPP/2R1R1K1 b kq - 0 15
b5c4,r3k2r/1b1n1pp1/pb2p1p1/1p1pP1B1/P1Q5/2N2N2/1PP2PPP/2R1R1K1 b kq - 0 16
d7c5,r3k2r/1b1n1pp1/pb2p1p1/3pP1B1/P1p5/5N2/1PP1NPPP/2R1R1K1 b kq - 1 17
c4b3,r3k2r/1b3pp1/pb2p1p1/2npP1B1/P1p5/1P3N2/2P1NPPP/2R1R1K1 b kq - 0 18
b6a5,r3k2r/1b3pp1/pb2p1p1/2npP1B1/P7/1p3N2/2P1NPPP/1R2R1K1 b kq - 1 19
e8d7,r3k2r/1b3pp1/p3p1p1/b1npP1B1/P7/1p3N2/2P1NPPP/1RR3K1 b kq - 3 20
c5d3,r6r/1b1k1pp1/p3p1p1/b1npP1B1/P7/1P3N2/4NPPP/1RR3K1 b - - 0 21
d3b4,r6r/1b1k1pp1/p3p1p1/b2pP1B1/P7/1P1n1N2/4NPPP/1R1R2K1 b - - 2 22
a8c8,r6r/1b1k1pp1/p3p1p1/b2pP1B1/Pn6/1P3N2/4NPPP/2RR2K1 b - - 4 23
c8c1,2r4r/1b1k1pp1/p3p1p1/b2pP3/Pn6/1P3N2/3BNPPP/2RR2K1 b - - 6 24
h8b8,7r/1b1k1pp1/p3p1p1/b2pP3/Pn6/1P3N2/3BNPPP/2R3K1 b - - 0 25
b4d3,1r6/1b1k1pp1/p3p1p1/b2pP3/Pn1N4/1P3N2/3B1PPP/2R3K1 b - - 2 26
a5d2,1r6/1b1k1pp1/p3p1p1/b2pP3/P2N4/1P1n1N2/2RB1PPP/6K1 b - - 4 27
d3b4,1r6/1b1k1pp1/p3p1p1/3pP3/P2N4/1P1n1N2/3R1PPP/6K1 b - - 0 28
a6a5,1r6/1b1k1pp1/p3p1p1/3pP3/Pn1N4/1P3N2/3R1PPP/5K2 b - - 2 29
a2a3,r1bq1rk1/1pp3bp/n2p1np1/p3pp2/2P5/2NPP1P1/PP2NPBP/1RBQ1RK1 w - - 2 10
b2b4,r1bq1rk1/1p4bp/n1pp1np1/p3pp2/2P5/P1NPP1P1/1P2NPBP/1RBQ1RK1 w - - 0 11
a3b4,r1bq1rk1/1p4bp/n1pp1np1/4pp2/1pP5/P1NPP1P1/4NPBP/1RBQ1RK1 w - - 0 12
b4b5,r1bq1rk1/1pn3bp/2pp1np1/4pp2/1PP5/2NPP1P1/4NPBP/1RBQ1RK1 w - - 1 13
f2f4,r2q1rk1/1pnb2bp/2pp1np1/1P2pp2/2P5/2NPP1P1/4NPBP/1RBQ1RK1 w - - 1 14
h2h3,r2q1rk1/1p1b2bp/2ppnnp1/1P2pp2/2P2P2/2NPP1P1/4N1BP/1RBQ1RK1 w - - 1 15
g1h2,r2qr1k1/1p1b2bp/2ppnnp1/1P2pp2/2P2P2/2NPP1PP/4N1B1/1RBQ1RK1 w - - 1 16
d1c2,r2qr1k1/1p1b2bp/2pp1np1/1Pn1pp2/2P2P2/2NPP1PP/4N1BK/1RBQ1R2 w - - 3 17
d3e4,r2qr1k1/1p1b2bp/2pp1np1/1Pn2p2/2P1pP2/2NPP1PP/2Q1N1BK/1RB2R2 w - - 0 18
f1d1,r2qr1k1/1p1b2bp/2pp1np1/1P3p2/2P1nP2/2N1P1PP/2Q1N1BK/1RB2R2 w - - 0 19
b5c6,r3r1k1/1p1bq1bp/2pp1np1/1P3p2/2P1nP2/2N1P1PP/2Q1N1BK/1RBR4 w - - 2 20
c1b2,r3r1k1/3bq1bp/2pp1np1/5p2/2P1nP2/2N1P1PP/2Q1N1BK/1RBR4 w - - 0 21
d1d2,r3r1k1/3bq1bp/2pp1np1/5p2/2P2P2/2N1P1PP/1BQ1NnBK/1R1R4 w - - 2 22
d2d6,r3r1k1/3b2bp/2pp1np1/5p2/2P2P2/2N1q1PP/1BQRNnBK/1R6 w - - 0 23
h3g4,r3r1k1/3b2bp/2pR1np1/5p2/2P2Pn1/2N1q1PP/1BQ1N1BK/1R6 w - - 1 24
h2h1,r3r1k1/3b2bp/2pR2p1/5p2/2P2Pn1/2N1q1P1/1BQ1N1BK/1R6 w - - 0 25
h1h2,r3r1k1/3b2bp/2pR2p1/5p2/2P2P2/2N1q1P1/1BQ1NnB1/1R5K w - - 2 26
h2h1,r3r1k1/3b2bp/2pR2p1/5p2/2P2Pn1/2N1q1P1/1BQ1N1BK/1R6 w - - 4 27
h1h2,r3r1k1/3b2bp/2pR2p1/5p2/2P2P2/2N1q1P1/1BQ1NnB1/1R5K w - - 6 28
d8c7,r1bqkb1r/3n1pp1/p2p1n2/1p2pN1p/4PP2/2N1BB2/PPP3PP/R2QK2R b KQkq - 1 10
f6d5,r1b1kb1r/2qn1pp1/p2p1n2/1p1NpN1p/4PP2/4BB2/PPP3PP/R2QK2R b KQkq - 3 11
g7g6,r1b1kb1r/2qn1pp1/p2p4/1p1PpN1p/5P2/4BB2/PPP3PP/R2QK2R b KQkq - 0 12
f8g7,r1b1kb1r/2qn1p2/p2p2p1/1p1Pp2p/5P2/4BBN1/PPP3PP/R2QK2R b KQkq - 1 13
f7f5,r1b1k2r/2qn1pb1/p2p2p1/1p1Pp2p/5P2/4BBN1/PPP3PP/R2Q1RK1 b kq - 3 14
g6h5,r1b1k2r/2qn2b1/p2p2p1/1p1Ppp1N/5P2/4BB2/PPP3PP/R2Q1RK1 b kq - 0 15
e8f8,r1b1k2r/2qn2b1/p2p4/1p1Ppp1B/5P2/4B3/PPP3PP/R2Q1RK1 b kq - 0 16
d7e5,r1b2k1r/2qn2b1/p2p4/1p1PPp1B/8/4B3/PPP3PP/R2Q1RK1 b - - 0 17
f8g8,r1b2k1r/2q3b1/p2p4/1p1Pnp1B/3B4/8/PPP3PP/R2Q1RK1 b - - 1 18
c7e7,r1b3kr/2q3b1/p2p4/1p1Pnp1B/3B4/2P5/PP4PP/R2Q1RK1 b - - 0 19
e7g5,r1b3kr/4q1b1/p2p4/1p1Pnp1B/3B4/2P4P/PP4P1/R2Q1RK1 b - - 0 20
d1d3,rn1qk2r/pp3ppp/2p3n1/3pP3/1b1P4/2Nb1NB1/PPP3PP/R2QK2R w KQkq - 0 10
h2h4,rn1q1rk1/pp3ppp/2p3n1/3pP3/1b1P4/2NQ1NB1/PPP3PP/R3K2R w KQ - 1 11
h4h5,rn1qr1k1/pp3ppp/2p3n1/3pP3/1b1P3P/2NQ1NB1/PPP3P1/R3K2R w KQ - 1 12
e1c1,rn1qrnk1/pp3ppp/2p5/3pP2P/1b1P4/2NQ1NB1/PPP3P1/R3K2R w KQ - 1 13
d3c3,rn1qrnk1/pp3ppp/2p5/3pP2P/3P4/2bQ1NB1/PPP3P1/2KR3R w - - 0 14
h5h6,rn1qr1k1/pp3ppp/2p1n3/3pP2P/3P4/2Q2NB1/PPP3P1/2KR3R w - - 1 15
g3h4,rn1qr1k1/pp3p1p/2p1n1pP/3pP3/3P4/2Q2NB1/PPP3P1/2KR3R w - - 0 16
f3h2,rn2r1k1/pp3p1p/1qp1n1pP/3pP3/3P3B/2Q2N2/PPP3P1/2KR3R w - - 2 17
h2g4,r3r1k1/pp1n1p1p/1qp1n1pP/3pP3/3P3B/2Q5/PPP3PN/2KR3R w - - 4 18
h1f1,2r1r1k1/pp1n1p1p/1qp1n1pP/3pP3/3P2NB/2Q5/PPP3P1/2KR3R w - - 6 19
c3f3,2r1r1k1/pp1n1p1p/1q2n1pP/2ppP3/3P2NB/2Q5/PPP3P1/2KR1R2 w - - 0 20
f3d5,2r2rk1/pp1n1p1p/1q2n1pP/2ppP3/3P2NB/5Q2/PPP3P1/2KR1R2 w - - 2 21
d5d7,2r2rk1/pp1n1p1p/1q2n1pP/3QP3/3p2NB/8/PPP3P1/2KR1R2 w - - 0 22
d7a4,2r2rk1/pp1Q1p1p/4n1pP/2q1P3/3p2NB/8/PPP3P1/2KR1R2 w - - 1 23
a4b3,2r2rk1/p4p1p/4n1pP/1pq1P3/Q2p2NB/8/PPP3P1/2KR1R2 w - - 0 24
g4f6,2r2rk1/5p1p/4n1pP/ppq1P3/3p2NB/1Q6/PPP3P1/2KR1R2 w - - 0 25
f6d7,2r2r1k/5p1p/4nNpP/ppq1P3/3p3B/1Q6/PPP3P1/2KR1R2 w - - 2 26
e7e6,r1q1k2r/pp1bppb1/2np1np1/2pN3p/2P1PP2/3P2PP/PP2N1B1/R1BQK2R b KQkq - 2 10
g7f6,r1q1k2r/pp1b1pb1/2nppNp1/2p4p/2P1PP2/3P2PP/PP2N1B1/R1BQK2R b KQkq - 0 11
f6g7,r1q1k2r/pp1b1p2/2nppbp1/2p4p/2P1PP2/3P2PP/PP2N1B1/1RBQK2R b Kkq - 1 12
e6e5,r1q1k2r/pp1b1pb1/2npp1p1/2p4p/2P1PP2/P2P2PP/1P2N1B1/1RBQK2R b Kkq - 0 13
e8g8,r1q1k2r/pp1b1pb1/2np2p1/2p1p2p/2P1PP2/P2PB1PP/1P2N1B1/1R1QK2R b Kkq - 1 14
b7b6,r1q2rk1/pp1b1pb1/2np2p1/2p1p2p/1PP1PP2/P2PB1PP/4N1B1/1R1QK2R b K - 0 15
c6d4,r1q2rk1/p2b1pb1/1pnp2p1/1Pp1p2p/2P1PP2/P2PB1PP/4N1B1/1R1QK2R b K - 0 16
c5d4,r1q2rk1/p2b1pb1/1p1p2p1/1Pp1p2p/2PNPP2/P2PB1PP/6B1/1R1QK2R b K - 0 17
e5f4,r1q2rk1/p2b1pb1/1p1p2p1/1P2p2p/2PpPP2/P2P2PP/3B2B1/1R1QK2R b K - 1 18
f8e8,r1q2rk1/p2b1pb1/1p1p2p1/1P5p/2PpPP2/P2P3P/3B2B1/1R1QK2R b K - 0 19
g7h6,r1q1r1k1/p2b1pb1/1p1p2p1/1P5p/2PpPP2/P2P1Q1P/3B2B1/1R2K2R b K - 2 20
a7a5,r1q1r1k1/p2b1p2/1p1p2pb/1P5p/2PpPP2/P2P1Q1P/3B2B1/1R3RK1 b - - 4 21
c8c5,r1q1r1k1/3b1p2/1p1p2pb/pP5p/P1PpPP2/3P1Q1P/3B2B1/1R3RK1 b - - 0 22
g8h7,r3r1k1/3b1p2/1p1p2pb/pPq4p/P1PpPP2/3P2QP/3B2B1/1R3RK1 b - - 2 23
e8g8,r3r3/3b1p1k/1p1p2pb/pPq4p/P1PpPP2/3P2QP/1R1B2B1/5RK1 b - - 4 24
a8e8,r5r1/3b1p1k/1p1p2pb/pPq4p/P1PpPP2/3P2QP/1R1B1RB1/6K1 b - - 6 25
f7f5,4r1r1/3b1p1k/1p1p2pb/pPq4p/P1PpPP2/3P2QP/1R1B1RB1/7K b - - 8 26
g8g7,4r1r1/3b3k/1p1p2pb/pPq2p1p/P1PpPP2/3P2QP/1R3RB1/2B4K b - - 1 27
g7e7,4r3/3b2rk/1p1p2pb/pPq2p1p/P1PpPP2/3P2QP/1R2R1B1/2B4K b - - 3 28
f5e4,4r3/3br2k/1p1p2pb/pPq2p1p/P1PpPP2/3P3P/1R2RQB1/2B4K b - - 5 29
e1c1,rnbq1knr/pp2bp2/2p1p1p1/3pP1Bp/2PP3P/2N2N2/PPQ2PP1/R3KB1R w KQ - 2 10
h1h3,rnbq2nr/pp2bpk1/2p1p1p1/3pP1Bp/2PP3P/2N2N2/PPQ2PP1/2KR1B1R w - - 4 11
f1d3,rnbq3r/pp2bpk1/2p1p1pn/3pP1Bp/2PP3P/2N2N1R/PPQ2PP1/2KR1B2 w - - 6 12
d3c4,rnbq3r/pp2bpk1/2p1p1pn/4P1Bp/2pP3P/2NB1N1R/PPQ2PP1/2KR4 w - - 0 13
h4g5,rnbq3r/pp3pk1/2p1p1pn/4P1bp/2BP3P/2N2N1R/PPQ2PP1/2KR4 w - - 0 14
c3e4,rnbq3r/pp3pk1/2p1p1p1/4PnPp/2BP4/2N2N1R/PPQ2PP1/2KR4 w - - 1 15
e4f6,rnb4r/pp2qpk1/2p1p1p1/4PnPp/2BPN3/5N1R/PPQ2PP1/2KR4 w - - 3 16
d1h1,r1b4r/pp1nqpk1/2p1pNp1/4PnPp/2BP4/5N1R/PPQ2PP1/2KR4 w - - 5 17
g2g4,r1b4r/pp2qpk1/1np1pNp1/4PnPp/2BP4/5N1R/PPQ2PP1/2K4R w - - 7 18
c2c4,r1b4r/pp2qpk1/2p1pNp1/4PnPp/2nP2P1/5N1R/PPQ2P2/2K4R w - - 0 19
g4f5,r6r/pp1bqpk1/2p1pNp1/4PnPp/2QP2P1/5N1R/PP3P2/2K4R w - - 1 20
d4d5,r6r/pp1bqpk1/2p2Np1/4PpPp/2QP4/5N1R/PP3P2/2K4R w - - 0 21
c4d4,r6r/pp1bqpk1/5Np1/3pPpPp/2Q5/5N1R/PP3P2/2K4R w - - 0 22
c1b1,r6r/pp2qpk1/4bNp1/3pPpPp/3Q4/5N1R/PP3P2/2K4R w - - 2 23
f3d2,2r4r/pp2qpk1/4bNp1/3pPpPp/3Q4/5N1R/PP3P2/1K5R w - - 4 24
f2f4,2r4r/p3qpk1/1p2bNp1/3pPpPp/3Q4/7R/PP1N1P2/1K5R w - - 0 25
a2a3,7r/p3qpk1/1pr1bNp1/3pPpPp/3Q1P2/7R/PP1N4/1K5R w - - 1 26
h3c3,7r/4qpk1/ppr1bNp1/3pPpPp/3Q1P2/P6R/1P1N4/1K5R w - - 0 27
h1c1,2r5/4qpk1/ppr1bNp1/3pPpPp/3Q1P2/P1R5/1P1N4/1K5R w - - 2 28
c1c3,2r5/4qpk1/pp2bNp1/3pPpPp/3Q1P2/P1r5/1P1N4/1KR5 w - - 0 29
g7f6,r2qkb1r/1p3ppp/p4B2/2pp1b2/1n1P4/1QN1PN2/PP3PPP/2R1KB1R b Kkq - 0 10
c5c4,r2qkb1r/1p3p1p/p4p2/2pp1b2/1n1P4/2N1PN2/PP3PPP/2RQKB1R b Kkq - 1 11
b4d3,r2qkb1r/1p3p1p/p4p2/3p1b2/1npP3N/2N1P3/PP3PPP/2RQKB1R b Kkq - 1 12
f5d3,r2qkb1r/1p3p1p/p4p2/3p1b2/2pP3N/2NBP3/PP3PPP/2RQK2R b Kkq - 0 13
f8b4,r2qkb1r/1p3p1p/p4p2/3p4/2pP3N/2NbPQ2/PP3PPP/2R1K2R b Kkq - 1 14
h8g8,r2qk2r/1p3p1p/p4p2/3p1N2/1bpP4/2NbPQ2/PP3PPP/2R1K2R b Kkq - 3 15
d8a5,r2qk1r1/1p3p1p/p4p2/3p4/1bpP4/2NbPQN1/PP3PPP/2R1K2R b Kq - 5 16
b4c3,r3k1r1/1p3p1p/p4p2/q2p4/1bpP4/P1NbPQN1/1P3PPP/2R1K2R b Kq - 0 17
a5b6,r3k1r1/1p3p1p/p4p2/q2p4/2pP4/P1RbPQN1/1P3PPP/4K2R b Kq - 0 18
e8c8,r3k1r1/1p3p1p/pq3p2/3p4/1PpP4/P1RbPQN1/5PPP/4K2R b Kq b3 0 19
c8b8,2kr2r1/1p3p1p/pq3p2/3p4/1PpP4/P1RbPQN1/3K1PPP/7R b - - 2 20
h7h5,1k1r2r1/1p3p1p/pq3p2/3p4/1PpP4/P1RbPQN1/3K1PPP/R7 b - - 4 21
g8h8,1k1r2r1/1p3p2/pq3p2/3p3Q/1PpP4/P1RbP1N1/3K1PPP/R7 b - - 0 22
h8h2,1k1r3r/1p3Q2/pq3p2/3p4/1PpP4/P1RbP1N1/3K1PPP/R7 b - - 0 23
b8a8,1k1r4/1p3Q2/pq3p2/3p4/1PpP4/P1RbP1N1/3K1PPr/6R1 b - - 1 24
h2h8,k2r4/1p2Q3/pq3p2/3p4/1PpP4/P1RbP1N1/3K1PPr/6R1 b - - 3 25
b6e6,k2r3r/1p6/pq3p2/2Qp4/1PpP4/P1RbP1N1/3K1PP1/6R1 b - - 5 26
d3e2,k2r3r/1p6/p3qp2/2Qp4/1PpP4/P1RbP3/3KNPP1/6R1 b - - 7 27
f6f5,k2r3r/1p6/p3qp2/2Qp4/1PpP4/P1R1P3/4KPP1/6R1 b - - 0 28
h8h2,k2r3r/1p6/p3q3/2Qp1p2/1PpP4/P1R1P1P1/4KP2/6R1 b - - 0 29
c1e3,r1bq1rk1/ppp2ppp/1bn5/3pP3/3Pn3/2N2N2/PP2BPPP/R1BQK2R w KQ - 3 10
h2h3,r2q1rk1/ppp2ppp/1bn5/3pP3/3Pn1b1/2N1BN2/PP2BPPP/R2QK2R w KQ - 5 11
d1b3,r2q1rk1/ppp2ppp/1bn5/3pP2b/3Pn3/2N1BN1P/PP2BPP1/R2QK2R w KQ - 1 12
g2g4,r2q1rk1/ppp1nppp/1b6/3pP2b/3Pn3/1QN1BN1P/PP2BPP1/R3K2R w KQ - 3 13
f3h4,r2q1rk1/ppp1nppp/1b4b1/3pP3/3Pn1P1/1QN1BN1P/PP2BP2/R3K2R w KQ - 1 14
b2c3,r2q1rk1/ppp1nppp/1b4b1/3pP3/3P2PN/1Qn1B2P/PP2BP2/R3K2R w KQ - 0 15
e5f6,r2q1rk1/ppp1n1pp/1b3pb1/3pP3/3P2PN/1QP1B2P/P3BP2/R3K2R w KQ - 0 16
e1c1,r2q2k1/ppp1n1pp/1b3rb1/3p4/3P2PN/1QP1B2P/P3BP2/R3K2R w KQ - 0 17
e3g5,r2q2k1/pp2n1pp/1bp2rb1/3p4/3P2PN/1QP1B2P/P3BP2/2KR3R w - - 0 18
h1e1,r2q2k1/pp2n1pp/1bp1r1b1/3p2B1/3P2PN/1QP4P/P3BP2/2KR3R w - - 2 19
f2f4,r5k1/pp2n1pp/1bpqr1b1/3p2B1/3P2PN/1QP4P/P3BP2/2KRR3 w - - 4 20
f4f5,r5k1/pp2n1pp/1bpq2b1/3p2B1/3P1PPN/1QP1r2P/P3B3/2KRR3 w - - 1 21
f5g6,r5k1/pp2n1pp/1bpq2b1/3p1PB1/3P2PN/1QP4r/P3B3/2KRR3 w - - 0 22
h4f5,r5k1/pp4pp/1bpq2n1/3p2B1/3P2PN/1QP4r/P3B3/2KRR3 w - - 0 23
e2f1,r5k1/pp4pp/1bp3n1/3p1NB1/3P2P1/1QP4r/P3B2q/2KRR3 w - - 2 24
b3b2,r5k1/pp4pp/1bp3n1/3p1NB1/3P2P1/1QP2r2/P6q/2KRRB2 w - - 4 25
f1g2,r5k1/ppq3pp/1bp3n1/3p1NB1/3P2P1/2P2r2/PQ6/2KRRB2 w - - 6 26
e1c1,r1b1kb1r/2qnppp1/p2p1n1p/1p6/3NPP1B/2N5/PPP1Q1PP/R3KB1R w KQkq - 0 10
a2a3,r3kb1r/1bqnppp1/p2p1n1p/1p6/3NPP1B/2N5/PPP1Q1PP/2KR1B1R w kq - 2 11
c1b1,2r1kb1r/1bqnppp1/p2p1n1p/1p6/3NPP1B/P1N5/1PP1Q1PP/2KR1B1R w k - 1 12
g2g4,2r1kb1r/1bqn1pp1/p2ppn1p/1p6/3NPP1B/P1N5/1PP1Q1PP/1K1R1B1R w k - 0 13
h1g1,2r1k2r/1bqnbpp1/p2ppn1p/1p6/3NPPPB/P1N5/1PP1Q2P/1K1R1B1R w k - 1 14
f1g2,2r1k2r/1bq1bpp1/p2ppn1p/1pn5/3NPPPB/P1N5/1PP1Q2P/1K1R1BR1 w k - 3 15
c3e4,2r1k2r/1bq1bpp1/p2pp2p/1pn5/3NnPPB/P1N5/1PP1Q1BP/1K1R2R1 w k - 0 16
d4b5,2r1k2r/1bq2pp1/p2pp2p/1pn5/3NNPPb/P7/1PP1Q1BP/1K1R2R1 w k - 0 17
e4d6,2r1k2r/1bq2pp1/3pp2p/1pn5/4NPPb/P7/1PP1Q1BP/1K1R2R1 w k - 0 18
g2b7,2r2k1r/1bq2pp1/3Np2p/1pn5/5PPb/P7/1PP1Q1BP/1K1R2R1 w - - 1 19
d6b5,3r1k1r/1Bq2pp1/3Np2p/1pn5/5PPb/P7/1PP1Q2P/1K1R2R1 w - - 1 20
e2c4,3r1k1r/1q3pp1/4p2p/1Nn5/5PPb/P7/1PP1Q2P/1K1R2R1 w - - 0 21
g4g5,3r1k1r/1q3pp1/n3p2p/1N6/2Q2PPb/P7/1PP4P/1K1R2R1 w - - 2 22
g1d1,5k1r/1q3pp1/n3p2p/1N4P1/2Q2P1b/P7/1PP4P/1K1r2R1 w - - 0 23
b5d6,7r/1q2kpp1/n3p2p/1N4P1/2Q2P1b/P7/1PP4P/1K1R4 w - - 1 24
d6c8,7r/4kpp1/nq1Np2p/6P1/2Q2P1b/P7/1PP4P/1K1R4 w - - 3 25
c4c8,2r5/4kpp1/nq2p2p/6P1/2Q2P1b/P7/1PP4P/1K1R4 w - - 0 26
d1d7,2Q5/4kpp1/nq2p3/6p1/5P1b/P7/1PP4P/1K1R4 w - - 0 27
c8f8,2Q5/3R1pp1/nq2pk2/6p1/5P1b/P7/1PP4P/1K6 w - - 2 28
d7f7,5Q2/3R1pp1/nq2p3/5kp1/5P1b/P7/1PP4P/1K6 w - - 4 29
f8e7,r2qkb1r/pp1n1p1p/2p2np1/3p2B1/3P4/2NQP3/PP2NPPP/R3K2R b KQkq - 2 10
f6h5,r2qk2r/pp1nbp1p/2p2np1/3p2B1/3P4/2NQP3/PP2NPPP/R4RK1 b kq - 4 11
d8e7,r2qk2r/pp1nBp1p/2p3p1/3p3n/3P4/2NQP3/PP2NPPP/R4RK1 b kq - 0 12
e8g8,r3k2r/pp1nqp1p/2p3p1/3p3n/3P4/2NQPP2/PP2N1PP/R4RK1 b kq - 0 13
d7b6,r4rk1/pp1nqp1p/2p3p1/3p3n/3PP3/2NQ1P2/PP2N1PP/R4RK1 b - - 0 14
f7f5,r4rk1/pp2qp1p/1np3p1/3pP2n/3P4/2NQ1P2/PP2N1PP/R4RK1 b - - 0 15
h5g7,r4rk1/pp2q2p/1np3p1/3pPp1n/3P1P2/2NQ4/PP2N1PP/R4RK1 b - - 0 16
a7a5,r4rk1/pp2q1np/1np3p1/3pPp2/3P1P2/1PNQ4/P3N1PP/R4RK1 b - - 0 17
b6d7,r4rk1/1p2q1np/1np3p1/p2pPp2/P2P1P2/1PNQ4/4N1PP/R4RK1 b - - 0 18
d7b8,r4rk1/1p1nq1np/2p3p1/p2pPp2/P2P1P2/1PNQ4/4N1PP/R4R1K b - - 2 19
b8a6,rn3rk1/1p2q1np/2p3p1/p2pPp2/P2P1P2/1PNQ4/6PP/R1N2R1K b - - 4 20
g7e6,r4rk1/1p2q1np/n1p3p1/p2pPp2/P2P1P2/1PN5/3Q2PP/R1N2R1K b - - 6 21
e6d4,r4rk1/1p2q2p/n1p1n1p1/p2pPp2/P2P1P2/1PNN4/3Q2PP/R4R1K b - - 8 22
d4b3,r4rk1/1p2q2p/n1p3p1/p2pPp2/P2n1PP1/1PNN4/3Q3P/R4R1K b - - 0 23
b3a1,r4rk1/1p2q2p/n1p3p1/p2pPp2/P4PP1/1nNN4/1Q5P/R4R1K b - - 1 24
f8f5,r4rk1/1p2q2p/n1p3p1/p2pPP2/P4P2/2NN4/1Q5P/n4R1K b - - 0 25
a6b4,r5k1/1p2q2p/n1p3p1/p2pPr2/P4P2/2NN4/7P/Q4R1K b - - 0 26
a8f8,r5k1/1p2q2p/2p3p1/p2pPr2/Pn3P2/2N5/7P/Q3NR1K b - - 2 27
f5e5,5rk1/1p2q2p/2p3p1/p2pPr2/Pn3P2/8/4N2P/Q3NR1K b - - 4 28
e5e3,5rk1/1p2q2p/2p3p1/p2pr3/Pn3P2/6N1/7P/Q3NR1K b - - 1 29
g2g4,r1b1k2r/1pqnbppp/p2ppn2/6B1/3NPP2/2N5/PPP1Q1PP/2KR1B1R w kq - 1 10
g5h4,r1b1k2r/1pqnbpp1/p2ppn1p/6B1/3NPPP1/2N5/PPP1Q2P/2KR1B1R w kq - 0 11
g4g5,r1b2rk1/1pqnbpp1/p2ppn1p/8/3NPPPB/2N5/PPP1Q2P/2KR1B1R w - - 2 12
h1g1,r1b2rk1/1pqnbppn/p2pp2p/6P1/3NPP1B/2N5/PPP1Q2P/2KR1B1R w - - 1 13
f1h3,r1b2rk1/1pq1bppn/p2pp2p/2n3P1/3NPP1B/2N5/PPP1Q2P/2KR1BR1 w - - 3 14
d4f5,r1b2rk1/1pq1bppn/p2p3p/2n1p1P1/3NPP1B/2N4B/PPP1Q2P/2KR2R1 w - - 0 15
c3d5,r1b2rk1/1pq1bppn/p2p3p/2n2NP1/4Pp1B/2N4B/PPP1Q2P/2KR2R1 w - - 0 16
g5h6,r1b2rk1/1p2bppn/p2p3p/q1nN1NP1/4Pp1B/7B/PPP1Q2P/2KR2R1 w - - 2 17
g1g7,r1b2rk1/1p3ppn/p2p3P/q1nN1N2/4Pp1b/7B/PPP1Q2P/2KR2R1 w - - 0 18
e2g2,r1b2r1k/1p3pRn/p2p3P/q1nN1N2/4Pp1b/7B/PPP1Q2P/2KR4 w - - 1 19
h2g3,r1b2r1k/1p3pRn/p2p3P/q1nN1N2/4Pp2/6bB/PPP3QP/2KR4 w - - 3 20
h3f5,r4r1k/1p3pRn/p2p3P/q1nN1b2/4Pp2/6PB/PPP3Q1/2KR4 w - - 0 21
g3f4,r4r1k/1p3pR1/p2p3P/q1nN1Bn1/4Pp2/6P1/PPP3Q1/2KR4 w - - 1 22
g2g5,r4r1k/1p3pR1/p2p3P/2nN1Bn1/4PP2/8/qPP3Q1/2KR4 w - - 0 23
c2b3,r4r1k/1p3pR1/p2p3P/3N1BQ1/4PP2/1n6/qPP5/2KR4 w - - 1 24
d5c3,2r2r1k/1p3pR1/p2p3P/3N1BQ1/4PP2/1P6/qP6/2KR4 w - - 1 25
b2c3,5r1k/1p3pR1/p2p3P/5BQ1/4PP2/1Pr5/qP6/2KR4 w - - 0 26
c1c2,5r1k/1p3pR1/p2p3P/5BQ1/4PP2/1PP5/8/q1KR4 w - - 1 27
c2d3,5r1k/1p3pR1/p2p3P/5BQ1/4PP2/1PP5/q1K5/3R4 w - - 3 28
d7f8,r1bqr1k1/pp1nbppp/2p2n2/3p2B1/3P4/2NBPP2/PPQ1N1PP/R3K2R b KQ - 0 10
f8g6,r1bqrnk1/pp2bppp/2p2n2/3p2B1/3P4/2NBPP2/PPQ1N1PP/R4RK1 b - - 2 11
e7d6,r1bqr1k1/pp2bppp/2p2nn1/3p2B1/3P4/2NBPP2/PPQ1N1PP/3R1RK1 b - - 4 12
h7h6,r1bqr1k1/pp3ppp/2pb1nn1/3p2B1/3P4/2NBPP1P/PPQ1N1P1/3R1RK1 b - - 0 13
d8f6,r1bqr1k1/pp3pp1/2pb1Bnp/3p4/3P4/2NBPP1P/PPQ1N1P1/3R1RK1 b - - 0 14
f6g5,r1b1r1k1/pp3pp1/2pb1qnp/3p4/3PP3/2NB1P1P/PPQ1N1P1/3R1RK1 b - - 0 15
c8h3,r1b1r1k1/pp3pp1/2pb2np/3pP1q1/3P4/2NB1P1P/PPQ1N1P1/3R1RK1 b - - 0 16
h3f1,r3r1k1/pp3pp1/2pb2np/3pP1q1/3P4/2NB1PPb/PPQ1N3/3R1RK1 b - - 0 17
g5e3,r3r1k1/pp3pp1/2pb2np/3pP1q1/3P4/2NB1PP1/PPQ1N3/5RK1 b - - 0 18
d6e5,r3r1k1/pp3pp1/2pb2np/3pP3/3P4/2NBqPP1/PPQ1N1K1/5R2 b - - 2 19
g6e5,r3r1k1/pp3pp1/2p3np/3pP3/8/2NBqPP1/PPQ1N1K1/5R2 b - - 0 20
g7g6,r3r1k1/pp3pp1/2p4p/3pnB2/8/2N1qPP1/PPQ1N1K1/5R2 b - - 1 21
e5c4,r3r1k1/pp3p2/2p3pp/3pnB2/8/4qPP1/PPQ1N1K1/3N1R2 b - - 1 22
e3d2,r3r1k1/pp3p2/2p3pp/3p4/2n5/3BqPP1/PPQ1N1K1/3N1R2 b - - 3 23
c4d2,r3r1k1/pp3p2/2p3pp/3p4/2n5/3B1PP1/PP1QN1K1/3N1R2 b - - 0 24
d2c4,r3r1k1/pp3p2/2p3pp/3p4/8/3B1PP1/PP1nNRK1/3N4 b - - 1 25
d5c4,r3r1k1/pp3p2/2p3pp/3p4/2B5/5PP1/PP2NRK1/3N4 b - - 0 26
a8d8,r3r1k1/pp3p2/2p3pp/8/2p5/2N2PP1/PP2NRK1/8 b - - 1 27
g8g7,3rr1k1/pp3p2/2p3pp/8/2p1N3/5PP1/PP2NRK1/8 b - - 3 28
f7f5,3rr3/pp3pk1/2p3pp/8/2p1N3/2N2PP1/PP3RK1/8 b - - 5 29
f3e5,rn1q1rk1/p1p2ppp/1p1bpn2/3p4/3P1B2/2P1PN2/PP1NQPPP/R3K2R w KQ - 2 10
g2g4,rn1q1rk1/p4ppp/1p1bpn2/2ppN3/3P1B2/2P1P3/PP1NQPPP/R3K2R w KQ - 0 11
g4g5,rn3rk1/p1q2ppp/1p1bpn2/2ppN3/3P1BP1/2P1P3/PP1NQP1P/R3K2R w KQ - 1 12
d2f3,rn3rk1/p1qn1ppp/1p1bp3/2ppN1P1/3P1B2/2P1P3/PP1NQP1P/R3K2R w KQ - 1 13
e5d7,r4rk1/p1qn1ppp/1pnbp3/2ppN1P1/3P1B2/2P1PN2/PP2QP1P/R3K2R w KQ - 3 14
f4g3,r4rk1/p2q1ppp/1pnbp3/2pp2P1/3P1B2/2P1PN2/PP2QP1P/R3K2R w KQ - 0 15
e1c1,r3r1k1/p2q1ppp/1pnbp3/2pp2P1/3P4/2P1PNB1/PP2QP1P/R3K2R w KQ - 2 16
e3e4,r3r1k1/p2q1ppp/1pnbp3/3p2P1/2pP4/2P1PNB1/PP2QP1P/2KR3R w - - 0 17
e4e5,r3r1k1/p2q1ppp/2nbp3/1p1p2P1/2pPP3/2P2NB1/PP2QP1P/2KR3R w - - 0 18
c1d2,r3rbk1/p2q1ppp/2n1p3/1p1pP1P1/2pP4/2P2NB1/PP2QP1P/2KR3R w - - 1 19
d2e3,r3rbk1/p2q1ppp/2n1p3/3pP1P1/1ppP4/2P2NB1/PP1KQP1P/3R3R w - - 0 20
e3f4,r3rbk1/p2qnppp/4p3/3pP1P1/1ppP4/2P1KNB1/PP2QP1P/3R3R w - - 2 21
h2h4,rr3bk1/p2qnppp/4p3/3pP1P1/1ppP1K2/2P2NB1/PP2QP1P/3R3R w - - 4 22
h4h5,rr3bk1/3qnppp/4p3/p2pP1P1/1ppP1K1P/2P2NB1/PP2QP2/3R3R w - - 0 23
a2a3,rr3bk1/3qnppp/4p3/3pP1PP/pppP1K2/2P2NB1/PP2QP2/3R3R w - - 0 24
b2c3,rr3bk1/3qnppp/4p3/3pP1PP/p1pP1K2/P1p2NB1/1P2QP2/3R3R w - - 0 25
e2c2,r4bk1/3qnppp/4p3/3pP1PP/p1pP1K2/PrP2NB1/4QP2/3R3R w - - 1 26
g3h4,r4bk1/3qnppp/4p3/3pP1PP/p1pP1K2/r1P2NB1/2Q2P2/3R3R w - - 0 27
g5g6,1r3bk1/3qnppp/4p3/3pP1PP/p1pP1K1B/r1P2N2/2Q2P2/3R3R w - - 2 28
h4e7,1r3bk1/3qn1pp/4p1p1/3pP2P/p1pP1K1B/r1P2N2/2Q2P2/3R3R w - - 0 29
e1g1,r1b1kb1r/2qn1ppp/p2ppn2/1p6/3NPP2/P1NBB3/1PP3PP/R2QK2R w KQkq - 0 10
d1e2,r3kb1r/1bqn1ppp/p2ppn2/1p6/3NPP2/P1NBB3/1PP3PP/R2Q1RK1 w kq - 2 11
g1h1,r3k2r/1bqnbppp/p2ppn2/1p6/3NPP2/P1NBB3/1PP1Q1PP/R4RK1 w kq - 4 12
b2b4,r4rk1/1bqnbppp/p2ppn2/1p6/3NPP2/P1NBB3/1PP1Q1PP/R4R1K w - - 6 13
h7h6,r1bq1rk1/pp2nppp/2nb4/3p4/3N4/5N2/PPP1BPPP/R1BQ1RK1 b - - 6 10
a7a6,r1bq1rk1/pp2npp1/2nb3p/3p4/3N4/2P2N2/PP2BPPP/R1BQ1RK1 b - - 0 11
d6c7,r1bq1rk1/1p2npp1/p1nb3p/3p4/3N4/2P2N1P/PP2BPP1/R1BQ1RK1 b - - 0 12
d8d6,r1bq1rk1/1pb1npp1/p1n4p/3p4/3N4/2P1BN1P/PP2BPP1/R2Q1RK1 b - - 2 13
e7g6,r1b2rk1/1pb1npp1/p1nq3p/3p4/3N4/2P1BN1P/PP2BPP1/R2QR1K1 b - - 4 14
c6e5,r1b2rk1/1pb2pp1/p1nq2np/3p4/3N4/2P1BN1P/PP3PP1/R2QRBK1 b - - 6 15
e5c4,r1b2rk1/1pb2pp1/p2q2np/3pn3/3N4/2P1BNPP/PP3P2/R2QRBK1 b - - 0 16
d6f6,r1b2rk1/1pb2pp1/p2q2np/3p4/2nN4/2P2NPP/PP3P2/R1BQRBK1 b - - 2 17
c4d6,r1b2rk1/1pb2pp1/p4qnp/3p4/2nN4/1PP2NPP/P4P2/R1BQRBK1 b - - 0 18
b7b5,r1b2rk1/1pb2pp1/p2n1qnp/3p4/3N4/1PP2NPP/PB3P2/R2QRBK1 b - - 2 19
d6e4,r1b2rk1/2b2pp1/p2n1qnp/1p1p4/3N4/1PP2NPP/PB3P2/2RQRBK1 b - - 1 20
c8b7,r1b2rk1/2b2pp1/p4qnp/1p1p4/3Nn3/1PP2NPP/PB3PB1/2RQR1K1 b - - 3 21
a8d8,r4rk1/1bb2pp1/p4qnp/1p1p4/3Nn3/1PP2NPP/P4PB1/B1RQR1K1 b - - 5 22
c7b6,3r1rk1/1bb2pp1/p4qnp/1p1p4/4n3/1PP2NPP/P3NPB1/B1RQR1K1 b - - 7 23
f8e8,3r1rk1/1b3pp1/pb3qnp/1p1p4/3Nn3/1PP2NPP/P4PB1/B1RQR1K1 b - - 9 24
d8c8,3rr1k1/1b3pp1/pb3qnp/1p1p4/3Nn3/1PP2NPP/P1Q2PB1/B1R1R1K1 b - - 11 25
h6h5,2r1r1k1/1b3pp1/pb3qnp/1p1p4/3Nn3/1PP2NPP/P3QPB1/B1R1R1K1 b - - 13 26
e8e7,2r1r1k1/1b3pp1/pb3qn1/1p1p3p/3Nn2P/1PP2NP1/P3QPB1/B1R1R1K1 b - - 0 27
c8e8,2r3k1/1b2rpp1/pb3qn1/1p1p3p/3Nn2P/1PPQ1NP1/P4PB1/B1R1R1K1 b - - 2 28
g6e5,4r1k1/1b2rpp1/pb3qn1/1p1p3p/3Nn2P/1PPQ1NP1/P3RPB1/B1R3K1 b - - 4 29
c1b2,r3kb1r/p1ppqp1p/b1p3p1/3nP3/2P5/1P6/P3QPPP/RNB1KB1R w KQkq - 0 10
g2g3,r3k2r/p1ppqpbp/b1p3p1/3nP3/2P5/1P6/PB2QPPP/RN2KB1R w KQkq - 2 11
f1g2,r4rk1/p1ppqpbp/b1p3p1/3nP3/2P5/1P4P1/PB2QP1P/RN2KB1R w KQ - 1 12
e1g1,4rrk1/p1ppqpbp/b1p3p1/3nP3/2P5/1P4P1/PB2QPBP/RN2K2R w KQ - 3 13
e2e5,4rrk1/p1ppqp1p/b1p3p1/3nb3/2P5/1P4P1/PB2QPBP/RN3RK1 w - - 0 14
b2e5,4rrk1/p1pp1p1p/b1p3p1/3nq3/2P5/1P4P1/PB3PBP/RN3RK1 w - - 0 15
c4d5,5rk1/p1pp1p1p/b1p3p1/3nr3/2P5/1P4P1/P4PBP/RN3RK1 w - - 0 16
g1f1,5rk1/p1pp1p1p/2p3p1/3Pr3/8/1P4P1/P4PBP/RN3bK1 w - - 0 17
g2f3,5rk1/p1pp1p1p/6p1/3pr3/8/1P4P1/P4PBP/RN3K2 w - - 0 18
b1c3,5rk1/p2p1p1p/2p3p1/3pr3/8/1P3BP1/P4P1P/RN3K2 w - - 0 19
h2h4,1r4k1/p2p1p1p/2p3p1/3pr3/8/1PN2BP1/P4P1P/R4K2 w - - 2 20
c3a4,1r3k2/p2p1p1p/2p3p1/3pr3/7P/1PN2BP1/P4P2/R4K2 w - - 1 21
a4c5,1r6/p2pkp1p/2p3p1/3pr3/N6P/1P3BP1/P4P2/R4K2 w - - 3 22
c5d3,1r6/p2p1p1p/2pk2p1/2Npr3/7P/1P3BP1/P4P2/R4K2 w - - 5 23
a1c1,1r2r3/p2p1p1p/2pk2p1/3p4/7P/1P1N1BP1/P4P2/R4K2 w - - 7 24
f1g2,4r3/p2p1p1p/2pk2p1/1r1p4/7P/1P1N1BP1/P4P2/2R2K2 w - - 9 25
h4h5,4r3/p2p3p/2pk1pp1/1r1p4/7P/1P1N1BP1/P4PK1/2R5 w - - 0 26
g2h3,4r3/p2p3p/2pk1p2/1r1p2pP/8/1P1N1BP1/P4PK1/2R5 w - - 0 27
h3g2,4r3/p2p3p/2pk4/1r1p1ppP/8/1P1N1BPK/P4P2/2R5 w - - 0 28
f3d1,4r3/p2p4/2pk3p/1r1p1ppP/8/1P1N1BP1/P4PK1/2R5 w - - 0 29
