e7e5,r2q1rk1/pp2ppbp/2np1np1/8/3P2b1/P1N1PNP1/1P3PBP/R1BQ1RK1 b - - 0 10
d8e7,r2q1rk1/pp3pbp/2np1np1/4p3/3P2b1/P1N1PNP1/1P1Q1PBP/R1B2RK1 b - - 1 11
g4f3,r4rk1/pp2qpbp/2np1np1/4p3/3P2b1/P1N1PNPP/1P1Q1PB1/R1B2RK1 b - - 0 12
a8d8,r4rk1/pp2qpbp/2np1np1/4p3/3P4/P1N1PBPP/1P1Q1P2/R1B2RK1 b - - 0 13
c6a5,3r1rk1/pp2qpbp/2np1np1/3Pp3/8/P1N1PBPP/1P1Q1P2/R1B2RK1 b - - 0 14
a5b3,3r1rk1/pp2qpbp/3p1np1/n2Pp3/4P3/P1N2BPP/1P1Q1P2/R1B2RK1 b - - 0 15
b3a1,3r1rk1/pp2qpbp/3p1np1/3Pp3/4P3/PnN2BPP/1P3P2/R1BQ1RK1 b - - 2 16
a7a5,3r1rk1/pp2qpbp/3p1np1/3Pp3/1P2P3/P1N2BPP/5P2/n1BQ1RK1 b - - 0 17
a5b4,3r1rk1/1p2qpbp/3p1np1/p2Pp3/1P2P3/P1N2BPP/1B3P2/n2Q1RK1 b - - 1 18
d8a8,3r1rk1/1p2qpbp/3p1np1/3Pp3/1P2P3/2N2BPP/1B3P2/n2Q1RK1 b - - 0 19
f8c8,r4rk1/1p2qpbp/3p1np1/3Pp3/1P2P3/2N2BPP/5P2/B2Q1RK1 b - - 0 20
f6d7,r1r3k1/1p2qpbp/3p1np1/3Pp3/1P2P3/2N2BPP/1B3P2/3Q1RK1 b - - 2 21
d7b6,r1r3k1/1p1nqpbp/3p2p1/3Pp3/1P2P3/2N3PP/1B3PB1/3Q1RK1 b - - 4 22
b6c4,r1r3k1/1p2qpbp/1n1p2p1/3Pp3/1P2P3/6PP/1B2NPB1/3Q1RK1 b - - 6 23
a8a1,r1r3k1/1p2qpbp/3p2p1/3Pp3/1Pn1P3/6PP/4NPB1/2BQ1RK1 b - - 8 24
a1a2,2r3k1/1p2qpbp/3p2p1/3Pp3/1Pn1P3/3Q2PP/4NPB1/r1B2RK1 b - - 10 25
a2a4,2r3k1/1p2qpbp/3p2p1/3Pp3/1Pn1P1P1/3Q3P/r3NPB1/2B2RK1 b - - 0 26
e7d7,2r3k1/1p2qpbp/3p2p1/3Pp3/rPn1P1P1/1Q5P/4NPB1/2B2RK1 b - - 2 27
a4a8,2r3k1/1p1q1pbp/3p2p1/1P1Pp3/r1n1P1P1/1Q5P/4NPB1/2B2RK1 b - - 0 28
a8a5,r1r3k1/1p1q1pbp/3p2p1/1P1Pp3/2n1P1P1/1Q4NP/5PB1/2B2RK1 b - - 2 29
g5f6,rnb1k2r/pp3ppp/2p1pq2/b4nB1/3P3Q/2PB4/PP3PPP/RN2K1NR w KQkq - 7 10
f6h4,rnb1k2r/pp3ppp/2p1pB2/b7/3P3n/2PB4/PP3PPP/RN2K1NR w KQkq - 0 11
h4f6,rnb1k2r/pp3p1p/2p1p1p1/b7/3P3B/2PB4/PP3PPP/RN2K1NR w KQkq - 0 12
g1f3,rnb1k1r1/pp3p1p/2p1pBp1/b7/3P4/2PB4/PP3PPP/RN2K1NR w KQq - 2 13
f6g5,r1b1k1r1/pp1n1p1p/2p1pBp1/b7/3P4/2PB1N2/PP3PPP/RN2K2R w KQq - 4 14
a2a3,r1b1k1r1/p2n1p1p/2p1p1p1/bp4B1/3P4/2PB1N2/PP3PPP/RN2K2R w KQq - 0 15
g5e3,r1b1k1r1/p2n3p/2p1ppp1/bp4B1/3P4/P1PB1N2/1P3PPP/RN2K2R w KQq - 0 16
b1d2,r3k1r1/pb1n3p/2p1ppp1/bp6/3P4/P1PBBN2/1P3PPP/RN2K2R w KQq - 2 17
h2h4,r3k1r1/pbbn3p/2p1ppp1/1p6/3P4/P1PBBN2/1P1N1PPP/R3K2R w KQq - 4 18
h4h5,2kr2r1/pbbn3p/2p1ppp1/1p6/3P3P/P1PBBN2/1P1N1PP1/R3K2R w KQ - 1 19
d3h7,2kr2r1/pbbn3p/2p1pp2/1p4pP/3P4/P1PBBN2/1P1N1PP1/R3K2R w KQ - 0 20
h7c2,2kr4/pbbn2rB/2p1pp2/1p4pP/3P4/P1P1BN2/1P1N1PP1/R3K2R w KQ - 1 21
h5h6,2kr4/pbbn2r1/2p1p3/1p3ppP/3P4/P1P1BN2/1PBN1PP1/R3K2R w KQ - 0 22
h6h7,2kr2r1/pbbn4/2p1p2P/1p3pp1/3P4/P1P1BN2/1PBN1PP1/R3K2R w KQ - 1 23
e3g5,2kr3r/pbbn3P/2p1p3/1p3pp1/3P4/P1P1BN2/1PBN1PP1/R3K2R w KQ - 1 24
e1c1,2k1r2r/pbbn3P/2p1p3/1p3pB1/3P4/P1P2N2/1PBN1PP1/R3K2R w KQ - 1 25
d1e1,2k1rn1r/pbb4P/2p1p3/1p3pB1/3P4/P1P2N2/1PBN1PP1/2KR3R w - - 3 26
c2f5,2k1r2r/pbb4n/2p1p3/1p3pB1/3P4/P1P2N2/1PBN1PP1/2K1R2R w - - 0 27
h1h8,2k1r2r/pbb5/2p1p3/1p3Bn1/3P4/P1P2N2/1P1N1PP1/2K1R2R w - - 0 28
f5e6,2k4r/pbb5/2p1p3/1p3Bn1/3P4/P1P2N2/1P1N1PP1/2K1R3 w - - 0 29
f6g4,rnbqr1k1/pp3pbp/3p1np1/2pP4/2P5/2NBBN2/PP3PPP/R2QK2R b KQ - 2 10
g4e3,rnbqr1k1/pp3pbp/3p2p1/2pP4/2P3n1/2NBBN2/PP3PPP/R2Q1RK1 b - - 4 11
e8e3,rnbqr1k1/pp3pbp/3p2p1/2pP4/2P5/2NBPN2/PP4PP/R2Q1RK1 b - - 0 12
e3e1,rnbq2k1/pp3pbp/3p2p1/2pP4/2P5/2NBrN2/PP4PP/R2QR1K1 b - - 1 13
b8d7,rnbq2k1/pp3pbp/3p2p1/2pP4/2P5/2NB1N2/PP4PP/R3Q1K1 b - - 0 14
d8h4,r1bq2k1/pp1n1pbp/3p2p1/2pP4/2P4Q/2NB1N2/PP4PP/R5K1 b - - 2 15
d7e5,r1b3k1/pp1n1pbp/3p2p1/2pP4/2P4N/2NB4/PP4PP/R5K1 b - - 0 16
e5c4,r1b3k1/pp3pbp/3p2p1/2pPn3/2P4N/2N5/PPB3PP/R5K1 b - - 2 17
c4b2,r1b3k1/pp3pbp/3p2p1/2pP4/2n4N/1BN5/PP4PP/R5K1 b - - 1 18
b2d3,r1b3k1/pp3pbp/3p2p1/2pP4/7N/1BN5/Pn4PP/2R3K1 b - - 1 19
g7d4,r1b3k1/pp3pbp/3p2p1/2pP4/7N/1BNn4/P1R3PP/6K1 b - - 3 20
c8g4,r1b3k1/pp3p1p/3p2p1/2pP4/3b3N/1BNn4/P1R3PP/5K2 b - - 5 21
d3b4,r5k1/pp3p1p/3p2p1/2pP4/3b2bN/1BNn3P/P1R3P1/5K2 b - - 0 22
b4c2,r5k1/pp3p1p/3p2p1/2pP4/1n1b2PN/1BN5/P1R3P1/5K2 b - - 0 23
d4c3,r5k1/pp3p1p/3p2p1/2pP4/3b2PN/2N5/P1B3P1/5K2 b - - 0 24
a8e8,r5k1/pp3p1p/3p2p1/2pP4/6PN/1Bb5/P5P1/5K2 b - - 1 25
b7b5,4r1k1/pp3p1p/3p2p1/2pP4/6P1/1Bb2N2/P5P1/5K2 b - - 3 26
a7a5,4r1k1/p4p1p/3p2p1/1ppP4/6P1/2b2N2/P1B3P1/5K2 b - - 1 27
c5c4,4r1k1/5p1p/3p2p1/pppP4/6P1/2bB1N2/P5P1/5K2 b - - 1 28
b5b4,4r1k1/5p1p/3p2p1/pp1P4/2p3P1/2b2N2/P1B3P1/5K2 b - - 1 29
f2f4,rn2k2r/pp2ppbp/2p2p2/q6b/3P4/2PB3P/PPQ2PP1/R1B1K1NR w KQkq - 1 10
b2b4,rn2k2r/pp3pbp/2p1pp2/q6b/3P1P2/2PB3P/PPQ3P1/R1B1K1NR w KQkq - 0 11
d3e4,rn2k2r/pp3pbp/2p1pp2/3q3b/1P1P1P2/2PB3P/P1Q3P1/R1B1K1NR w KQkq - 1 12
c2b3,rn2k2r/pp3pbp/2p1pp2/7b/1PqPBP2/2P4P/P1Q3P1/R1B1K1NR w KQkq - 3 13
a2b3,rn2k2r/pp3pbp/2p1pp2/7b/1P1PBP2/1qP4P/P5P1/R1B1K1NR w KQkq - 0 14
f4f5,rn2k2r/pp3pbp/2p1ppb1/8/1P1PBP2/1PP4P/6P1/R1B1K1NR w KQkq - 1 15
e4f5,rn2k2r/pp3pbp/2p1pp2/5b2/1P1PB3/1PP4P/6P1/R1B1K1NR w KQkq - 0 16
c1f4,rn2k2r/pp3pbp/2p2p2/5p2/1P1P4/1PP4P/6P1/R1B1K1NR w KQkq - 0 17
g1f3,r3k2r/pp1n1pbp/2p2p2/5p2/1P1P1B2/1PP4P/6P1/R3K1NR w KQkq - 2 18
e1d2,r3k2r/pp3pbp/1np2p2/5p2/1P1P1B2/1PP2N1P/6P1/R3K2R w KQkq - 4 19
f4h2,r3k2r/pp3pbp/2p2p2/3n1p2/1P1P1B2/1PP2N1P/3K2P1/R6R w kq - 6 20
h1e1,r6r/pp1k1pbp/2p2p2/3n1p2/1P1P4/1PP2N1P/3K2PB/R6R w - - 8 21
e1e8,r3r3/pp1k1pbp/2p2p2/3n1p2/1P1P4/1PP2N1P/3K2PB/R3R3 w - - 10 22
f3h4,r3k3/pp3pbp/2p2p2/3n1p2/1P1P4/1PP2N1P/3K2PB/R7 w - - 0 23
h4f5,r3k3/pp3pbp/2p2p2/3n4/1P1P1p1N/1PP4P/3K2PB/R7 w - - 0 24
d2d3,r3kb2/pp3p1p/2p2p2/3n1N2/1P1P1p2/1PP4P/3K2PB/R7 w - - 2 25
a1f1,r4b2/pp1k1p1p/2p2p2/3n1N2/1P1P1p2/1PPK3P/6PB/R7 w - - 4 26
h2f4,4rb2/pp1k1p1p/2p2p2/3n1N2/1P1P1p2/1PPK3P/6PB/5R2 w - - 6 27
f1f4,4rb2/pp1k1p1p/2p2p2/5N2/1P1P1n2/1PPK3P/6P1/5R2 w - - 0 28
f4f2,5b2/pp1k1p1p/2p2p2/5N2/1P1P1R2/1PPK3P/6P1/4r3 w - - 1 29
e5e1,r1bq1rk1/pppp1ppp/3n1b2/4R3/3P4/8/PPP2PPP/RNBQ1BK1 w - - 1 10
c1e3,r1bqr1k1/pppp1ppp/3n1b2/8/3P4/8/PPP2PPP/RNBQRBK1 w - - 3 11
c2c3,r1bqr1k1/pppp1ppp/5b2/5n2/3P4/4B3/PPP2PPP/RN1QRBK1 w - - 5 12
e3f4,r1bqr1k1/ppp2ppp/5b2/3p1n2/3P4/2P1B3/PP3PPP/RN1QRBK1 w - - 0 13
d1e1,r1bq2k1/ppp2ppp/5b2/3p1n2/3P1B2/2P5/PP3PPP/RN1QrBK1 w - - 0 14
b1d2,r1bq2k1/pp3ppp/2p2b2/3p1n2/3P1B2/2P5/PP3PPP/RN2QBK1 w - - 0 15
f4e5,r1bq2k1/pp3p1p/2p2b2/3p1np1/3P1B2/2P5/PP1N1PPP/R3QBK1 w - - 0 16
e1e5,r1bq2k1/pp3p1p/2p5/3pbnp1/3P4/2P5/PP1N1PPP/R3QBK1 w - - 0 17
e5e2,r1bq2k1/pp5p/2p2p2/3pQnp1/3P4/2P5/PP1N1PPP/R4BK1 w - - 0 18
a1e1,r2q2k1/pp1b3p/2p2p2/3p1np1/3P4/2P5/PP1NQPPP/R4BK1 w - - 2 19
e2d1,r3q1k1/pp1b3p/2p2p2/3p1np1/3P4/2P5/PP1NQPPP/4RBK1 w - - 4 20
d1b3,r5k1/pp1b1q1p/2p2p2/3p1np1/3P4/2P5/PP1N1PPP/3QRBK1 w - - 6 21
f1d3,r5k1/p2b1q1p/1pp2p2/3p1np1/3P4/1QP5/PP1N1PPP/4RBK1 w - - 0 22
b3a3,r5k1/p2b1q1p/1ppn1p2/3p2p1/3P4/1QPB4/PP1N1PPP/4R1K1 w - - 2 23
a3b3,r4qk1/p2b3p/1ppn1p2/3p2p1/3P4/Q1PB4/PP1N1PPP/4R1K1 w - - 4 24
e1f1,4rqk1/p2b3p/1ppn1p2/3p2p1/3P4/1QPB4/PP1N1PPP/4R1K1 w - - 6 25
c3c4,4rqk1/p6p/1ppn1p2/3p1bp1/3P4/1QPB4/PP1N1PPP/5RK1 w - - 8 26
b3d3,4rqk1/p6p/1ppn1p2/3p2p1/2PP4/1Q1b4/PP1N1PPP/5RK1 w - - 0 27
d2c4,4rqk1/p6p/1ppn1p2/6p1/2pP4/3Q4/PP1N1PPP/5RK1 w - - 0 28
c4e3,4rq2/p5kp/1ppn1p2/6p1/2NP4/3Q4/PP3PPP/5RK1 w - - 1 29
f6f5,1r1q1rk1/pbpp1pbp/1pn2pp1/8/2P5/1PN1P1P1/P2PNPBP/R2Q1RK1 b - - 4 10
d7d6,1r1q1rk1/pbpp1pbp/1pn3p1/5p2/2PP4/1PN1P1P1/P3NPBP/R2Q1RK1 b - - 0 11
a7a5,1r1q1rk1/pbp2pbp/1pnp2p1/5p2/2PP1N2/1PN1P1P1/P4PBP/R2Q1RK1 b - - 1 12
c6e7,1r1q1rk1/1bp2pbp/1pnp2p1/p4p2/2PP1N2/PPN1P1P1/5PBP/R2Q1RK1 b - - 0 13
b8b7,1r1q1rk1/1Bp1npbp/1p1p2p1/p4p2/2PP1N2/PPN1P1P1/5P1P/R2Q1RK1 b - - 0 14
c7c6,3q1rk1/1rp1npbp/1p1p2p1/p2N1p2/2PP4/PPN1P1P1/5P1P/R2Q1RK1 b - - 1 15
b7e7,3q1rk1/1r2Npbp/1ppp2p1/p4p2/2PP4/PPN1P1P1/5P1P/R2Q1RK1 b - - 0 16
f8e8,3q1rk1/4rpbp/1ppp2p1/p4p2/2PP4/PPN1P1P1/5P1P/2RQ1RK1 b - - 1 17
a5b4,3qr1k1/4rpbp/1ppp2p1/p4p2/1PPP4/P1N1P1P1/5P1P/2RQ1RK1 b - - 0 18
e7a7,3qr1k1/4rpbp/1ppp2p1/5p2/1PPP4/2N1P1P1/5P1P/2RQ1RK1 b - - 0 19
c6c5,3qr1k1/r4pbp/1ppp2p1/1P3p2/2PP4/2N1P1P1/5P1P/2RQ1RK1 b - - 0 20
c5d4,3qr1k1/r4pbp/1p1p2p1/1PpN1p2/2PP4/4P1P1/5P1P/2RQ1RK1 b - - 1 21
e8e4,3qr1k1/r4pbp/1p1p2p1/1P1N1p2/2PP4/6P1/5P1P/2RQ1RK1 b - - 0 22
d8e8,3q2k1/r4pbp/1p1p2p1/1P3p2/1NPPr3/6P1/5P1P/2RQ1RK1 b - - 2 23
a7a2,4q1k1/r4pbp/1pNp2p1/1P3p2/2PPr3/6P1/5P1P/2RQ1RK1 b - - 4 24
h7h5,4q1k1/5pbp/1pNp2p1/1P3p2/2PPr3/6P1/r4P1P/2RQR1K1 b - - 6 25
e8e4,4q1k1/5pb1/1pNp2p1/1P3p1p/2PPR3/6P1/r4P1P/2RQ2K1 b - - 0 26
a2e2,6k1/5pb1/1pNp2p1/1P3p1p/2PPq3/6P1/r4P1P/R2Q2K1 b - - 1 27
e4f3,6k1/5pb1/1pNp2p1/1P3p1p/2PPq3/6P1/4rP1P/R2Q1K2 b - - 3 28
e1c1,rn1qk2r/1bp1npb1/pp1pp1pp/8/3PPB1P/2PB1N2/PP1NQPP1/R3K2R w KQkq - 0 10
c1b1,r2qk2r/1bpnnpb1/pp1pp1pp/8/3PPB1P/2PB1N2/PP1NQPP1/2KR3R w kq - 2 11
g2g4,r2qk2r/1bpnnpb1/p2pp1pp/1p6/3PPB1P/2PB1N2/PP1NQPP1/1K1R3R w kq - 0 12
h4h5,r2qk2r/1bp1npb1/pn1pp1pp/1p6/3PPBPP/2PB1N2/PP1NQP2/1K1R3R w kq - 1 13
f4e3,r2qk2r/1bp1npb1/pn1pp2p/1p4pP/3PPBP1/2PB1N2/PP1NQP2/1K1R3R w kq - 0 14
h1g1,r3k2r/1bpqnpb1/pn1pp2p/1p4pP/3PP1P1/2PBBN2/PP1NQP2/1K1R3R w kq - 2 15
d2b3,r3k2r/1bpq1pb1/pnnpp2p/1p4pP/3PP1P1/2PBBN2/PP1NQP2/1K1R2R1 w kq - 4 16
f3d2,2kr3r/1bpq1pb1/pnnpp2p/1p4pP/3PP1P1/1NPBBN2/PP2QP2/1K1R2R1 w - - 6 17
d1c1,1k1r3r/1bpq1pb1/pnnpp2p/1p4pP/3PP1P1/1NPBB3/PP1NQP2/1K1R2R1 w - - 8 18
b3c5,1k1r3r/1bpq1pb1/pnn1p2p/1p1p2pP/3PP1P1/1NPBB3/PP1NQP2/1KR3R1 w - - 0 19
d2b3,1kqr3r/1bp2pb1/pnn1p2p/1pNp2pP/3PP1P1/2PBB3/PP1NQP2/1KR3R1 w - - 2 20
e4d5,bkqr3r/2p2pb1/pnn1p2p/1pNp2pP/3PP1P1/1NPBB3/PP2QP2/1KR3R1 w - - 4 21
a2a4,bkqr3r/2p2pb1/p1n1p2p/1pNn2pP/3P2P1/1NPBB3/PP2QP2/1KR3R1 w - - 0 22
a4b5,bkqr3r/n1p2pb1/p3p2p/1pNn2pP/P2P2P1/1NPBB3/1P2QP2/1KR3R1 w - - 1 23
d3b5,bkqr3r/n1p2pb1/4p2p/1pNn2pP/3P2P1/1NPBB3/1P2QP2/1KR3R1 w - - 0 24
c5a6,bkqr3r/n4pb1/2p1p2p/1BNn2pP/3P2P1/1NP1B3/1P2QP2/1KR3R1 w - - 0 25
b3a5,b1qr3r/nk3pb1/N1p1p2p/1B1n2pP/3P2P1/1NP1B3/1P2QP2/1KR3R1 w - - 2 26
a5c4,b1qr3r/n4pb1/Nkp1p2p/NB1n2pP/3P2P1/2P1B3/1P2QP2/1KR3R1 w - - 4 27
a6c5,b1qr3r/nk3pb1/N1p1p2p/1B1n2pP/2NP2P1/2P1B3/1P2QP2/1KR3R1 w - - 6 28
b5a6,b1qr3r/n1k2pb1/2p1p2p/1BNn2pP/2NP2P1/2P1B3/1P2QP2/1KR3R1 w - - 8 29
d1b3,r1bq1rk1/ppp3bp/2np1np1/5p2/PPPPp3/2N1P3/1B1N1PPP/R2QKB1R w KQ - 4 10
f1e2,r1bq1r1k/ppp3bp/2np1np1/5p2/PPPPp3/1QN1P3/1B1N1PPP/R3KB1R w KQ - 6 11
h2h4,r1bq1r1k/ppp1n1bp/3p1np1/5p2/PPPPp3/1QN1P3/1B1NBPPP/R3K2R w KQ - 8 12
g2g3,r1bq1r1k/ppp1n1b1/3p1npp/5p2/PPPPp2P/1QN1P3/1B1NBPP1/R3K2R w KQ - 0 13
b4b5,r1bq1r1k/pp2n1b1/2pp1npp/5p2/PPPPp2P/1QN1P1P1/1B1NBP2/R3K2R w KQ - 0 14
d4c5,r1bq1r1k/pp2n1b1/3p1npp/1Pp2p2/P1PPp2P/1QN1P1P1/1B1NBP2/R3K2R w KQ - 0 15
e1c1,r1bq1r1k/pp2n1b1/5npp/1Pp2p2/P1P1p2P/1QN1P1P1/1B1NBP2/R3K2R w KQ - 0 16
g3g4,r1b2r1k/ppq1n1b1/5npp/1Pp2p2/P1P1p2P/1QN1P1P1/1B1NBP2/2KR3R w - - 2 17
g4g5,r4r1k/ppq1n1b1/4bnpp/1Pp2p2/P1P1p1PP/1QN1P3/1B1NBP2/2KR3R w - - 1 18
h4g5,r4r1k/ppq1n1b1/4bnp1/1Pp2pp1/P1P1p2P/1QN1P3/1B1NBP2/2KR3R w - - 0 19
c3d5,r4r1k/ppq1n1bn/4b1p1/1Pp2pP1/P1P1p3/1QN1P3/1B1NBP2/2KR3R w - - 1 20
c4d5,r4r1k/ppq3bn/4b1p1/1Ppn1pP1/P1P1p3/1Q2P3/1B1NBP2/2KR3R w - - 0 21
d2c4,r4rbk/ppq3bn/6p1/1PpP1pP1/P3p3/1Q2P3/1B1NBP2/2KR3R w - - 1 22
d5d6,3r1rbk/ppq3bn/6p1/1PpP1pP1/P1N1p3/1Q2P3/1B2BP2/2KR3R w - - 3 23
c4e5,3r1rbk/pp3qbn/3P2p1/1Pp2pP1/P1N1p3/1Q2P3/1B2BP2/2KR3R w - - 1 24
b3c3,3rqrbk/pp4bn/3P2p1/1Pp1NpP1/P3p3/1Q2P3/1B2BP2/2KR3R w - - 3 25
d6d7,3rqr1k/pp4bn/3Pb1p1/1Pp1NpP1/P3p3/2Q1P3/1B2BP2/2KR3R w - - 5 26
e5d7,4qr1k/pp1r2bn/4b1p1/1Pp1NpP1/P3p3/2Q1P3/1B2BP2/2KR3R w - - 0 27
c3g7,4qr1k/pp1b2bn/6p1/1Pp2pP1/P3p3/2Q1P3/1B2BP2/2KR3R w - - 0 28
f7f6,r1bq1rk1/p2pppbp/2p3p1/3nP3/7Q/5N2/PPP2PPP/RNBR2K1 b - - 4 10
g7f6,r1bq1rk1/p2pp1bp/2p2Pp1/3n4/7Q/5N2/PPP2PPP/RNBR2K1 b - - 0 11
d8b6,r1bq1rk1/p2pp2p/2p2bp1/3n4/8/5NQ1/PPP2PPP/RNBR2K1 b - - 1 12
d5b4,r1b2rk1/p2pp2p/1qp2bp1/3n4/2P5/5NQ1/PP3PPP/RNBR2K1 b - - 0 13
b4c2,r1b2rk1/p2pp2p/1qp2bp1/8/1nP5/2N2NQ1/PP3PPP/R1BR2K1 b - - 2 14
b6b7,r1b2rk1/p2pp2p/1qp2bp1/2P5/8/2N2NQ1/PPn2PPP/R1BR2K1 b - - 0 15
c2a1,r1b2rk1/pq1pp2p/2p2bp1/2P1N3/8/2N3Q1/PPn2PPP/R1BR2K1 b - - 2 16
h7g6,r1b2rk1/pq1pp2p/2p2bN1/2P5/8/2N3Q1/PP3PPP/n1BR2K1 b - - 0 17
f6g7,r1b2rk1/pq1pp3/2p2bQ1/2P5/8/2N5/PP3PPP/n1BR2K1 b - - 0 18
f8f7,r1b2rk1/pq1pp1b1/2p3QB/2P5/8/2N5/PP3PPP/n2R2K1 b - - 2 19
f7g7,r1b3k1/pq1pprB1/2p3Q1/2P5/8/2N5/PP3PPP/n2R2K1 b - - 0 20
g8h7,r1b1Q1k1/pq1pp1r1/2p5/2P5/8/2N5/PP3PPP/n2R2K1 b - - 1 21
h7h6,r1b1Q3/pq1pp1rk/2p5/2P5/3R4/2N5/PP3PPP/n5K1 b - - 3 22
h6g6,r1b4Q/pq1pp1r1/2p4k/2P5/3R4/2N5/PP3PPP/n5K1 b - - 5 23
g6f5,r1b4Q/pq1pp1r1/2p3k1/2P5/6R1/2N5/PP3PPP/n5K1 b - - 7 24
b7b2,r1b5/pq1pp1Q1/2p5/2P2k2/6R1/2N5/PP3PPP/n5K1 b - - 0 25
f5e5,r1b5/p2pp3/2p3Q1/2P2k2/6R1/2N5/Pq3PPP/n5K1 b - - 1 26
e4d5,r1bq1rk1/ppp2pbp/2n3p1/3n4/4P3/4Q2P/PPPB1PP1/2KR1BNR w - - 0 10
c2c4,r1b2rk1/ppp2pbp/2n3p1/3q4/8/4Q2P/PPPB1PP1/2KR1BNR w - - 0 11
g1f3,r1b2rk1/ppp2pbp/2n1q1p1/8/2P5/4Q2P/PP1B1PP1/2KR1BNR w - - 1 12
a2a3,r1b2rk1/1pp2pbp/2n1q1p1/p7/2P5/4QN1P/PP1B1PP1/2KR1B1R w - - 0 13
f1d3,r1b2rk1/1pp2pbp/2n1q1p1/8/p1P5/P3QN1P/1P1B1PP1/2KR1B1R w - - 0 14
e3e6,r1b2rk1/1pp2pbp/4q1p1/n7/p1P5/P2BQN1P/1P1B1PP1/2KR3R w - - 2 15
d2b4,r4rk1/1pp2pbp/4b1p1/n7/p1P5/P2B1N1P/1P1B1PP1/2KR3R w - - 0 16
f3d2,r1r3k1/1pp2pbp/4b1p1/n7/pBP5/P2B1N1P/1P3PP1/2KR3R w - - 2 17
b4c5,r1r3k1/1pp2pbp/2n1b1p1/8/pBP5/P2B3P/1P1N1PP1/2KR3R w - - 4 18
c5e3,r1r3k1/2p2pbp/1pn1b1p1/2B5/p1P5/P2B3P/1P1N1PP1/2KR3R w - - 0 19
d3e2,r1r3k1/2p2pbp/1p2b1p1/4n3/p1P5/P2BB2P/1P1N1PP1/2KR3R w - - 2 20
f2f4,r1r3k1/2p3bp/1p2b1p1/4np2/p1P5/P3B2P/1P1NBPP1/2KR3R w - - 0 21
d2f3,r1r3k1/2pn2bp/1p2b1p1/5p2/p1P2P2/P3B2P/1P1NB1P1/2KR3R w - - 1 22
f3g5,r1r3k1/2p3bp/1p2b1p1/2n2p2/p1P2P2/P3BN1P/1P2B1P1/2KR3R w - - 3 23
e3c5,r3r1k1/2p3bp/1p2b1p1/2n2pN1/p1P2P2/P3B2P/1P2B1P1/2KR3R w - - 5 24
e2f3,r3r1k1/2p3bp/4b1p1/2p2pN1/p1P2P2/P6P/1P2B1P1/2KR3R w - - 0 25
f3a8,r3r1k1/2p3bp/6p1/2p2pN1/p1b2P2/P4B1P/1P4P1/2KR3R w - - 0 26
h1e1,r5k1/2p3bp/6p1/2p2pN1/p1b2P2/P6P/1P4P1/2KR3R w - - 0 27
d1d2,1r4k1/2p3bp/6p1/2p2pN1/p1b2P2/P6P/1P4P1/2KRR3 w - - 2 28
g5f3,1r4k1/2p4p/5bp1/2p2pN1/p1b2P2/P6P/1P1R2P1/2K1R3 w - - 4 29
c6d4,2kr1b1r/ppp2pp1/2n1bn2/q3p2p/8/P1NP2PP/1PP1NPB1/R1BQ1RK1 b - - 2 10
h5h4,2kr1b1r/ppp2pp1/4bn2/q3p2p/3n4/P1NP2PP/1PP1NPB1/1RBQ1RK1 b - - 4 11
f6g4,2kr1b1r/ppp2pp1/4bn2/q3p3/3n2Pp/P1NP3P/1PP1NPB1/1RBQ1RK1 b - - 0 12
e6g4,2kr1b1r/ppp2pp1/4b3/q3p3/3n2Pp/P1NP4/1PP1NPB1/1RBQ1RK1 b - - 0 13
h4h3,2kr1b1r/ppp2pp1/8/q3p3/3n2bp/P1NP1P2/1PP1N1B1/1RBQ1RK1 b - - 0 14
h3g2,2kr1b1r/ppp2pp1/8/q3p3/3n2P1/P1NP3p/1PP1N1B1/1RBQ1RK1 b - - 0 15
f7f6,2kr1b1r/ppp2pp1/8/q3p3/3n2P1/P1NP4/1PP1N1K1/1RBQ1R2 b - - 0 16
d8d4,2kr1b1r/ppp3p1/5p2/q3p3/3N2P1/P1NP4/1PP3K1/1RBQ1R2 b - - 0 17
d4d7,2k2b1r/ppp3p1/5p2/q3p3/3r2P1/P1NPB3/1PP3K1/1R1Q1R2 b - - 1 18
f8d6,2k2b1r/pppr2p1/5p2/q3p3/6P1/P1NPBQ2/1PP3K1/1R3R2 b - - 3 19
d6e7,2k4r/pppr2p1/3b1p2/q3p3/4N1P1/P2PBQ2/1PP3K1/1R3R2 b - - 5 20
h8d8,2k4r/ppprb1p1/5p2/q3p3/4N1P1/P2PBQ2/1PP3K1/1R5R b - - 7 21
e7f8,2kr4/ppprb1pR/5p2/q3p3/4N1P1/P2PBQ2/1PP3K1/1R6 b - - 9 22
a5a4,2kr1b2/pppr2pR/5p2/q3p3/4N1P1/P2PBQ2/1PP3K1/7R b - - 11 23
a4b5,2kr1b2/pppr2pR/5p2/4p3/q3N1P1/P2PB3/1PP1Q1K1/7R b - - 13 24
b5a6,2kr1b2/pppr2pR/5p2/1q2p3/4N1P1/PP1PB3/2P1Q1K1/7R b - - 0 25
a6c6,2kr1b2/pppr2pR/q4p2/4p3/P3N1P1/1P1PB3/2P1Q1K1/7R b - - 0 26
g7g6,2kr1b1R/pppr2p1/2q2p2/4p3/P3N1P1/1P1PB3/2P1Q1K1/7R b - - 2 27
f6f5,2kr1b1R/pppr4/2q2pp1/4p3/P3N1P1/1P1PB3/2P1Q1K1/5R2 b - - 1 28
g6f5,2kr1b1R/pppr4/2q3p1/4pP2/P3N3/1P1PB3/2P1Q1K1/5R2 b - - 0 29
f3d4,r1bqk2r/2p1npbp/p1np2p1/1p4B1/3pP3/2P2N2/PPB2PPP/RN1Q1RK1 w kq - 2 10
d4c6,r2qk2r/2pbnpbp/p1np2p1/1p4B1/3NP3/2P5/PPB2PPP/RN1Q1RK1 w kq - 1 11
f2f4,r2qk2r/2p1npbp/p1bp2p1/1p4B1/4P3/2P5/PPB2PPP/RN1Q1RK1 w kq - 0 12
g5h4,r2qk2r/2p1n1bp/p1bp1pp1/1p4B1/4PP2/2P5/PPB3PP/RN1Q1RK1 w kq - 0 13
b1d2,r2q1rk1/2p1n1bp/p1bp1pp1/1p6/4PP1B/2P5/PPB3PP/RN1Q1RK1 w - - 2 14
a2a4,r2q1rk1/1bp1n1bp/p2p1pp1/1p6/4PP1B/2P5/PPBN2PP/R2Q1RK1 w - - 4 15
d1e2,r2q1rk1/1b2n1bp/p2p1pp1/1pp5/P3PP1B/2P5/1PBN2PP/R2Q1RK1 w - - 0 16
g1h1,r4rk1/1b2n1bp/pq1p1pp1/1pp5/P3PP1B/2P5/1PBNQ1PP/R4RK1 w - - 2 17
c2b3,4rrk1/1b2n1bp/pq1p1pp1/1pp5/P3PP1B/2P5/1PBNQ1PP/R4R1K w - - 4 18
a1e1,4rr1k/1b2n1bp/pq1p1pp1/1pp5/P3PP1B/1BP5/1P1NQ1PP/R4R1K w - - 6 19
h4f2,4rr1k/1b4bp/pq1p1pp1/1pp2n2/P3PP1B/1BP5/1P1NQ1PP/4RR1K w - - 8 20
b3c2,4rr1k/1b4bp/pq3pp1/1ppp1n2/P3PP2/1BP5/1P1NQBPP/4RR1K w - - 0 21
d2e4,4rr1k/1b4bp/pq3pp1/1pp2n2/P3pP2/2P5/1PBNQBPP/4RR1K w - - 0 22
c2e4,4rr1k/6bp/pq3pp1/1pp2n2/P3bP2/2P5/1PB1QBPP/4RR1K w - - 0 23
e2f3,4rr1k/6bp/pq1n1pp1/1pp5/P3BP2/2P5/1P2QBPP/4RR1K w - - 1 24
e1e4,5r1k/6bp/pq1n1pp1/1pp5/P3rP2/2P2Q2/1P3BPP/4RR1K w - - 0 25
f3e4,5r1k/6bp/pq3pp1/1pp5/P3nP2/2P2Q2/1P3BPP/5R1K w - - 0 26
e4a4,5r1k/6bp/pq3pp1/2p5/p3QP2/2P5/1P3BPP/5R1K w - - 0 27
f2c5,5r1k/6bp/p4pp1/2p5/Q4P2/2P5/1q3BPP/5R1K w - - 0 28
a4a6,2r4k/6bp/p4pp1/2B5/Q4P2/2P5/1q4PP/5R1K w - - 1 29
c1b2,r2qkb1r/ppp3pp/2n2n2/3p4/8/1PN5/P1PQ1PPP/R1B1K1NR w KQkq - 0 10
d2e2,r2qkb1r/ppp3pp/2n2n2/8/3p4/1PN5/PBPQ1PPP/R3K1NR w KQkq - 0 11
c3b5,r3kb1r/ppp1q1pp/2n2n2/8/3p4/1PN5/PBP1QPPP/R3K1NR w KQkq - 2 12
e1c1,2kr1b1r/ppp1q1pp/2n2n2/1N6/3p4/1P6/PBP1QPPP/R3K1NR w KQ - 4 13
g1f3,2kr1b1r/ppp3pp/2n2n2/1Nq5/3p4/1P6/PBP1QPPP/2KR2NR w - - 6 14
d1d3,2kr1b1r/ppp3pp/2n2n2/1Nq5/8/1P1p1N2/PBP1QPPP/2KR3R w - - 0 15
e2d3,2k2b1r/ppp3pp/2n2n2/1Nq5/8/1P1r1N2/PBP1QPPP/2K4R w - - 0 16
d3e2,2k2b1r/ppp3pp/5n2/1Nq5/1n6/1P1Q1N2/PBP2PPP/2K4R w - - 1 17
c1b1,2k2b1r/ppp3pp/5n2/1Nq5/8/1P3N2/nBP1QPPP/2K4R w - - 0 18
b2f6,2k2b1r/ppp3pp/5n2/1Nq5/1n6/1P3N2/1BP1QPPP/1K5R w - - 2 19
e8c7,rnb1nrk1/pp2ppbp/2p3p1/P7/2B1P3/4BP2/1PP3PP/R2NK1NR b KQ - 2 10
e7e5,rnb2rk1/ppn1ppbp/2p3p1/P7/2B1P3/4BP2/1PP1N1PP/R2NK2R b KQ - 4 11
c8e6,rnb2rk1/ppn2pbp/2p3p1/P3p3/2B1P3/4BP2/1PP1NNPP/R3K2R b KQ - 1 12
c7e6,rn3rk1/ppn2pbp/2p1B1p1/P3p3/4P3/4BP2/1PP1NNPP/R3K2R b KQ - 0 13
b8a6,rn3rk1/pp3pbp/2p1n1p1/P3p3/4P3/3NBP2/1PP1N1PP/R3K2R b KQ - 1 14
f8d8,r4rk1/pp3pbp/n1p1n1p1/P3p3/4P3/2PNBP2/1P2N1PP/R3K2R b KQ - 0 15
f7f6,r2r2k1/pp3pbp/n1p1n1p1/P3p3/4P3/2PNBP2/1P2N1PP/2KR3R b - - 2 16
g7f8,r2r2k1/pp4bp/n1p1npp1/P3p3/4P3/2PNBP2/1PK1N1PP/3R3R b - - 1 17
a6c7,r2r1bk1/pp5p/n1p1npp1/P3p3/1P2P3/2PNBP2/2K1N1PP/3R3R b - - 0 18
c6c5,r2r1bk1/ppn4p/2p1npp1/P3p3/1P2P3/2PNBP2/2K3PP/2NR3R b - - 2 19
e6c5,r2r1bk1/ppn4p/4npp1/P1N1p3/1P2P3/2P1BP2/2K3PP/2NR3R b - - 0 20
f8c5,r2r1bk1/ppn4p/5pp1/P1B1p3/1P2P3/2P2P2/2K3PP/2NR3R b - - 0 21
c7a6,r2r2k1/ppn4p/5pp1/P1P1p3/4P3/2P2P2/2K3PP/2NR3R b - - 0 22
g8f7,r2r2k1/pp5p/n4pp1/P1P1p3/4P3/1NP2P2/2K3PP/3R3R b - - 2 23
a6c7,r2r4/pp3k1p/n4pp1/P1PRp3/4P3/1NP2P2/2K3PP/7R b - - 4 24
c7b5,r2r4/ppn2k1p/3R1pp1/P1P1p3/4P3/1NP2P2/2K3PP/7R b - - 6 25
b5c7,r2r4/pp3k1p/5pp1/PnPRp3/4P3/1NP2P2/2K3PP/7R b - - 8 26
c7d5,r2r4/ppn2k1p/5pp1/P1PRp3/2P1P3/1N3P2/2K3PP/7R b - - 0 27
a8c8,r2r4/pp3k1p/5pp1/P1PPp3/2P5/1N3P2/2K3PP/7R b - - 0 28
b7b6,2rr4/pp3k1p/P4pp1/2PPp3/2P5/1N3P2/2K3PP/7R b - - 0 29
f4g3,r1b2rk1/ppp1ppbp/n4np1/5q2/3P1B2/2N2N2/PPP1BPPP/R2QR1K1 w - - 5 10
e2a6,r1b2rk1/pppqppbp/n4np1/8/3P4/2N2NB1/PPP1BPPP/R2QR1K1 w - - 7 11
f3e5,r1b2rk1/p1pqppbp/p4np1/8/3P4/2N2NB1/PPP2PPP/R2QR1K1 w - - 0 12
d1f3,r1b1qrk1/p1p1ppbp/p4np1/4N3/3P4/2N3B1/PPP2PPP/R2QR1K1 w - - 2 13
e1e2,r3qrk1/p1p1ppbp/p4np1/4Nb2/3P4/2N2QB1/PPP2PPP/R3R1K1 w - - 4 14
h2h3,r3qr1k/p1p1ppbp/p4np1/4Nb2/3P4/2N2QB1/PPP1RPPP/R5K1 w - - 6 15
g3h4,r3qr1k/p1p2pbp/p3pnp1/4Nb2/3P4/2N2QBP/PPP1RPP1/R5K1 w - - 0 16
g2g4,3rqr1k/p1p2pbp/p3pnp1/4Nb2/3P3B/2N2Q1P/PPP1RPP1/R5K1 w - - 2 17
h4f6,4qr1k/p1p2pbp/p3pnp1/4Nb2/3r2PB/2N2Q1P/PPP1RP2/R5K1 w - - 0 18
g4f5,4qr1k/p1p2p1p/p3pbp1/4Nb2/3r2P1/2N2Q1P/PPP1RP2/R5K1 w - - 0 19
g1h2,4qr1k/p1p2p1p/p3pb2/4Np2/3r4/2N2Q1P/PPP1RP2/R5K1 w - - 0 20
a1g1,4qr1k/p4p1p/p3pb2/2p1Np2/3r4/2N2Q1P/PPP1RP1K/R7 w - - 0 21
e2e5,4qr1k/p4p1p/p3p3/2p1bp2/3r4/2N2Q1P/PPP1RP1K/6R1 w - - 0 22
f3g3,q4r1k/p4p1p/p3p3/2p1Rp2/3r4/2N2Q1P/PPP2P1K/6R1 w - - 1 23
g3g8,q5rk/p4p1p/p3p3/2p1Rp2/3r4/2N3QP/PPP2P1K/6R1 w - - 3 24
g1g8,6qk/p4p1p/p3p3/2p1Rp2/3r4/2N4P/PPP2P1K/6R1 w - - 0 25
h2g3,6k1/p4p1p/p3p3/2p1Rp2/3r4/2N4P/PPP2P1K/8 w - - 0 26
e5c5,6k1/p4p1p/p3p3/2p1Rp2/8/2N3KP/PPPr1P2/8 w - - 2 27
c3a4,6k1/p4p1p/p3p3/2R2p2/8/2N3KP/PPr2P2/8 w - - 0 28
c5a5,6k1/p4p1p/p3p3/2R2p2/N7/6KP/PP1r1P2/8 w - - 2 29
b8d7,rn3rk1/pbp1qppp/1p1ppn2/8/2PP4/3BPN2/PPQN1PPP/R1R3K1 b - - 1 10
c7c5,r4rk1/pbpnqppp/1p1ppn2/8/1PPP4/3BPN2/P1QN1PPP/R1R3K1 b - - 0 11
f8c8,r4rk1/pb1nqppp/1p1ppn2/2p5/1PPP4/P2BPN2/2QN1PPP/R1R3K1 b - - 0 12
h7h6,r1r3k1/pb1nqppp/1p1ppn2/2p5/1PPP4/P3PN2/2QN1PPP/R1R2BK1 b - - 2 13
c8c7,r1r3k1/pb1nqpp1/1p1ppn1p/2p5/1PPP4/P3PN2/1Q1N1PPP/R1R2BK1 b - - 1 14
a8b8,r5k1/pbrnqpp1/1p1ppn1p/2p5/1PPP4/P3P3/1Q1N1PPP/R1R1NBK1 b - - 3 15
d6d5,1r4k1/pbrnqpp1/1p1ppn1p/2p5/1PPP4/P2NP3/1Q1N1PPP/R1R2BK1 b - - 5 16
b7d5,1r4k1/pbrnqpp1/1p2pn1p/2pP4/1P1P4/P2NP3/1Q1N1PPP/R1R2BK1 b - - 0 17
d5a8,1r4k1/p1rnqpp1/1p2pn1p/2pb4/1P1P1N2/P3P3/1Q1N1PPP/R1R2BK1 b - - 1 18
e6e5,br4k1/p1rnqpp1/1p2pn1p/2p5/PP1P1N2/4P3/1Q1N1PPP/R1R2BK1 b - - 0 19
d7e5,br4k1/p1rnqpp1/1p3n1p/2p1P3/PP3N2/4P3/1Q1N1PPP/R1R2BK1 b - - 0 20
c7c5,br4k1/p1r1qpp1/1p3n1p/2P1n3/P4N2/4P3/1Q1N1PPP/R1R2BK1 b - - 0 21
e7c5,br4k1/p3qpp1/1p3n1p/2R1n3/P4N2/4P3/1Q1N1PPP/R4BK1 b - - 0 22
c5e7,br4k1/p4pp1/1p3n1p/2q1n3/P4N2/4P3/1Q1N1PPP/2R2BK1 b - - 1 23
e5c4,br4k1/p3qpp1/1p3n1p/4n3/P1N2N2/4P3/1Q3PPP/2R2BK1 b - - 3 24
b8d8,br4k1/p3qpp1/1p3n1p/8/P1B2N2/4P3/1Q3PPP/2R3K1 b - - 0 25
a8b7,b2r2k1/p3qpp1/1p3n1p/8/P1B2N2/4P2P/1Q3PP1/2R3K1 b - - 0 26
e7d7,3r2k1/pb2qpp1/1p3n1p/8/P4N2/4P2P/1Q2BPP1/2R3K1 b - - 2 27
d7e7,3r2k1/pb1q1pp1/1p3n1p/1B6/P4N2/4P2P/1Q3PP1/2R3K1 b - - 4 28
d8c8,3r2k1/pb2qpp1/1p3n1p/1B6/P4N2/4P2P/2Q2PP1/2R3K1 b - - 6 29
f4g5,rnbq1bnr/ppp1k2p/3p4/5p1Q/4PB2/3P3P/PPP3B1/RN2K1NR w KQ - 2 10
g5f6,rnbq1b1r/ppp1k2p/3p1n2/5pBQ/4P3/3P3P/PPP3B1/RN2K1NR w KQ - 4 11
h5h4,rnbq1b1r/ppp4p/3p1k2/5p1Q/4P3/3P3P/PPP3B1/RN2K1NR w KQ - 0 12
h4d8,rnbq1b1r/ppp4p/3p4/4kp2/4P2Q/3P3P/PPP3B1/RN2K1NR w KQ - 2 13
d8e7,rnbQ3r/ppp1b2p/3p4/4kp2/4P3/3P3P/PPP3B1/RN2K1NR w KQ - 1 14
b2b4,rnb4r/ppp1Q2p/3p4/5p2/3kP3/3P3P/PPP3B1/RN2K1NR w KQ - 1 15
g1f3,rn5r/pppbQ2p/3p4/5p2/1P1kP3/3P3P/P1P3B1/RN2K1NR w KQ - 1 16
e7g5,rn5r/pppbQ2p/3p4/5p2/1P2P3/3PkN1P/P1P3B1/RN2K2R w KQ - 3 17
b1d2,rn5r/pppb3p/3p4/6Q1/1P2Pp2/3PkN1P/P1P3B1/RN2K2R w KQ - 0 18
d2c4,rn2r3/pppb3p/3p4/6Q1/1P2Pp2/3PkN1P/P1PN2B1/R3K2R w KQ - 2 19
f6d7,r1b2rk1/ppq1ppbp/2n2np1/2p5/P3P3/2PB1N1P/1P2QPP1/RNB2RK1 b - - 0 10
a7a6,r1b2rk1/ppqnppbp/2n3p1/1Bp5/P3P3/2P2N1P/1P2QPP1/RNB2RK1 b - - 2 11
c7c6,r1b2rk1/1pqnppbp/p1B3p1/2p5/P3P3/2P2N1P/1P2QPP1/RNB2RK1 b - - 0 12
d7e5,r1b2rk1/1p1nppbp/p1q3p1/P1p5/4P3/2P2N1P/1P2QPP1/RNB2RK1 b - - 0 13
g7e5,r1b2rk1/1p2ppbp/p1q3p1/P1p1N3/4P3/2P4P/1P2QPP1/RNB2RK1 b - - 0 14
c8e6,r1b2rk1/1p2pp1p/p1q3p1/P1p1b3/4P3/2P4P/1P1NQPP1/R1B2RK1 b - - 1 15
e5g7,r4rk1/1p2pp1p/p1q1b1p1/P1p1b3/4P3/2P2N1P/1P2QPP1/R1B2RK1 b - - 3 16
a8d8,r4rk1/1p2ppbp/p1q1b1p1/P1p5/4PB2/2P2N1P/1P2QPP1/R4RK1 b - - 5 17
f7f6,3r1rk1/1p2ppbp/p1q1b1p1/P1p1B3/4P3/2P2N1P/1P2QPP1/R4RK1 b - - 7 18
e6f7,3r1rk1/1p2p1bp/p1q1bpp1/P1p5/4PB2/2P2N1P/1P2QPP1/R4RK1 b - - 1 19
c5c4,3r1rk1/1p2pbbp/p1q2pp1/P1p5/4PB2/2P4P/1P1NQPP1/R4RK1 b - - 3 20
d8d3,3r1rk1/1p2pbbp/p1q2pp1/P7/2p1P3/2P1B2P/1P1NQPP1/R4RK1 b - - 1 21
f6f5,5rk1/1p2pbbp/pBq2pp1/P7/2p1P3/2Pr3P/1P1NQPP1/R4RK1 b - - 3 22
g6f5,5rk1/1p2pbbp/pBq3p1/P4P2/2p5/2Pr3P/1P1NQPP1/R4RK1 b - - 0 23
f7d5,5rk1/1p2pbbp/pBq5/P4p2/2p5/2Pr1N1P/1P2QPP1/R4RK1 b - - 1 24
g7e5,5rk1/1p2p1bp/pBq5/P2bNp2/2p5/2Pr3P/1P2QPP1/R4RK1 b - - 3 25
d5g2,5rk1/1p2p2p/pBq5/P2bQp2/2p5/2Pr3P/1P3PP1/R4RK1 b - - 0 26
f8f6,5rk1/1p2p2p/p1q5/P3Qp2/2pB4/2Pr3P/1P3Pb1/R4RK1 b - - 1 27
g8f7,1Q4k1/1p2p2p/p1q2r2/P4p2/2pB4/2Pr3P/1P3Pb1/R4RK1 b - - 3 28
d3h3,1Q6/1p2pk1p/p1q2B2/P4p2/2p5/2Pr3P/1P3Pb1/R4RK1 b - - 0 29
f1d3,r1bqkb1r/1p1n1ppp/2n1p3/3pP3/p2P1P2/4BN2/PP4PP/R2QKBNR w KQkq - 0 10
g1e2,r1bqkb1r/1p1n1p1p/2n1p1p1/3pP3/p2P1P2/3BBN2/PP4PP/R2QK1NR w KQkq - 0 11
b2b3,r1bqkb1r/1p1n1p1p/2n1p1p1/3pP3/3P1P2/p2BBN2/PP2N1PP/R2QK2R w KQkq - 0 12
e1g1,r1bqkb1r/1p1n1p1p/4p1p1/3pP3/1n1P1P2/pP1BBN2/P3N1PP/R2QK2R w KQkq - 1 13
d1d2,r1bqkb1r/1p1n1p2/4p1p1/3pP2p/1n1P1P2/pP1BBN2/P3N1PP/R2Q1RK1 w kq - 0 14
a1c1,rnbqkb1r/1p3p2/4p1p1/3pP2p/1n1P1P2/pP1BBN2/P2QN1PP/R4RK1 w kq - 2 15
d2d3,rnbqkb1r/1p3p2/4p1p1/3pP2p/3P1P2/pP1nBN2/P2QN1PP/2R2RK1 w kq - 0 16
f4f5,rn1qkb1r/1p1b1p2/4p1p1/3pP2p/3P1P2/pP1QBN2/P3N1PP/2R2RK1 w kq - 1 17
e2f4,rn1qkb1r/1p1b1p2/6p1/3pPp1p/3P4/pP1QBN2/P3N1PP/2R2RK1 w kq - 0 18
e5e6,rn1qkb1r/1p3p2/2b3p1/3pPp1p/3P1N2/pP1QBN2/P5PP/2R2RK1 w kq - 2 19
e6f7,rn1qk2r/1p3pb1/2b1P1p1/3p1p1p/3P1N2/pP1QBN2/P5PP/2R2RK1 w kq - 1 20
f4g6,rn1q3r/1p3kb1/2b3p1/3p1p1p/3P1N2/pP1QBN2/P5PP/2R2RK1 w - - 0 21
f3e5,rn1qr3/1p3kb1/2b3N1/3p1p1p/3P4/pP1QBN2/P5PP/2R2RK1 w - - 1 22
d3f5,rn1qr1k1/1p4b1/2b3N1/3pNp1p/3P4/pP1QB3/P5PP/2R2RK1 w - - 3 23
b8d7,rn1q1rk1/pbp1bpp1/1p3n1p/3pN3/3P3B/2NBP3/PP3PPP/R2QK2R b KQ - 3 10
f6d7,r2q1rk1/pbpNbpp1/1p3n1p/3p4/3P3B/2NBP3/PP3PPP/R2QK2R b KQ - 0 11
d8e7,r2q1rk1/pbpnBpp1/1p5p/3p4/3P4/2NBP3/PP3PPP/R2QK2R b KQ - 0 12
d7f6,r4rk1/pbpnqpp1/1p5p/3p4/3P4/2NBP3/PP3PPP/R2Q1RK1 b - - 1 13
c7c5,r4rk1/pbp1qpp1/1p3n1p/3p4/P2P4/2NBP3/1P3PPP/R2Q1RK1 b - - 0 14
a7a6,r4rk1/pb2qpp1/1p3n1p/2pp4/P2P4/2NBPQ2/1P3PPP/R4RK1 b - - 1 15
c5c4,r4rk1/1b2qpp1/pp3n1p/2pp4/P2P4/2NBPQ2/1P3PPP/3R1RK1 b - - 1 16
e7b4,r4rk1/1b2qpp1/pp3n1p/3p4/P1pP4/2N1PQ2/1P3PPP/1B1R1RK1 b - - 1 17
b6b5,r4rk1/1b3pp1/pp3n1p/3p4/PqpP4/2N1PQ2/1P1R1PPP/1B3RK1 b - - 3 18
a6b5,r4rk1/1b3pp1/p4n1p/1P1p4/1qpP4/2N1PQ2/1P1R1PPP/1B3RK1 b - - 0 19
f8e8,r4rk1/1b3pp1/5n1p/1p1p1Q2/1qpP4/2N1P3/1P1R1PPP/1B3RK1 b - - 1 20
b7c6,r3r1k1/1b3pp1/5n1p/1p1p1Q2/1qpP4/2N1P3/1P1R1PPP/1B2R1K1 b - - 3 21
b4d6,r3r1k1/5pp1/2b2n1p/1p1p1Q2/1qpP4/2N1PP2/1P1R2PP/1B2R1K1 b - - 0 22
b5b4,r3r1k1/5pp1/2bq1n1p/1p1p1Q2/2pP4/4PP2/1P1R2PP/1B1NR1K1 b - - 2 23
g7g6,r3r1k1/5pp1/2bq1n1p/3p1Q2/1ppP4/4PP2/1P1R1NPP/1B2R1K1 b - - 1 24
g8g7,r3r1k1/5p2/2bq1npp/3p4/1ppP4/4PP1Q/1P1R1NPP/1B2R1K1 b - - 1 25
d6f4,r3r3/5pk1/2bq1npp/3p4/1ppPP3/5P1Q/1P1R1NPP/1B2R1K1 b - - 0 26
d5e4,r3r3/5pk1/2b2npp/3p4/1ppPPq2/5P1Q/1P2RNPP/1B2R1K1 b - - 2 27
a8a1,r3r3/5pk1/2b2npp/8/1ppPPq2/7Q/1P2RNPP/1B2R1K1 b - - 0 28
f6d5,4r3/5pk1/2b2npp/4P3/1ppP1q2/7Q/1P2RNPP/rB2R1K1 b - - 0 29
f1c4,rnb1k2r/1p2q1pp/2p2p1n/pP1Pp3/Pb6/1QN1P3/1B1P1PPP/R3KBNR w KQkq - 2 10
d5d6,rnb2rk1/1p2q1pp/2p2p1n/pP1Pp3/PbB5/1QN1P3/1B1P1PPP/R3K1NR w KQ - 4 11
d6e7,rnb3k1/1p2qrpp/2pP1p1n/pP2p3/PbB5/1QN1P3/1B1P1PPP/R3K1NR w KQ - 1 12
e7e8q,rn4k1/1p2Prpp/2p2p1n/pP2pb2/PbB5/1QN1P3/1B1P1PPP/R3K1NR w KQ - 1 13
c4f7,rn2Qbk1/1p3rpp/2p2p1n/pP2pb2/P1B5/1QN1P3/1B1P1PPP/R3K1NR w KQ - 1 14
e8f8,rn2Qb1k/1p3Bpp/2p2p1n/pP2pb2/P7/1QN1P3/1B1P1PPP/R3K1NR w KQ - 1 15
f8g8,rn3Qnk/1p3Bpp/2p2p2/pP2pb2/P7/1QN1P3/1B1P1PPP/R3K1NR w KQ - 1 16
f1b5,rn2k1nB/pp3p1p/8/1qpp1b2/8/P3PN2/2PN1PPP/R2QKB1R w KQq - 1 10
b5c6,r3k1nB/pp3p1p/2n5/1Bpp1b2/8/P3PN2/2PN1PPP/R2QK2R w KQq - 1 11
e1g1,r3k1nB/p4p1p/2p5/2pp1b2/8/P3PN2/2PN1PPP/R2QK2R w KQq - 0 12
d1c2,r3k1nB/p4p1p/2p5/2pp4/8/P3PN2/2bN1PPP/R2Q1RK1 w q - 0 13
e3d4,r3k1nB/p4p1p/2p5/2p5/3p4/P3PN2/2QN1PPP/R4RK1 w q - 0 14
c2c6,r3k1nB/p4p1p/2p5/8/3p4/P4N2/2QN1PPP/R4RK1 w q - 0 15
f1e1,r5nB/p3kp1p/2Q5/8/3p4/P4N2/3N1PPP/R4RK1 w - - 1 16
c6a8,r4knB/p4p1p/2Q5/8/3p4/P4N2/3N1PPP/R3R1K1 w - - 3 17
b2a1,1n1q1rk1/1pp1bppp/4pn2/1P1p1b2/8/4PN2/1BPPBPPP/rN1Q1RK1 w - - 0 10
c2c4,1n1q1rk1/1p2bppp/4pn2/1Ppp1b2/8/4PN2/2PPBPPP/BN1Q1RK1 w - c6 0 11
d2d4,3q1rk1/1p1nbppp/4pn2/1Ppp1b2/2P5/4PN2/3PBPPP/BN1Q1RK1 w - - 1 12
e2c4,3q1rk1/1p1nbppp/4pn2/1Pp2b2/2pP4/4PN2/4BPPP/BN1Q1RK1 w - - 0 13
c4e2,3q1rk1/1p2bppp/1n2pn2/1Pp2b2/2BP4/4PN2/5PPP/BN1Q1RK1 w - - 1 14
b1d2,3q1rk1/1p2bppp/1n2pn2/1P3b2/2pP4/4PN2/4BPPP/BN1Q1RK1 w - - 0 15
f3h4,5rk1/1pq1bppp/1n2pn2/1P3b2/2pP4/4PN2/3NBPPP/B2Q1RK1 w - - 2 16
e2d3,5rk1/1pq1bppp/1n2pn2/1P6/2pP3N/3bP3/3NBPPP/B2Q1RK1 w - - 4 17
h4f3,5rk1/1pq1bppp/1n2pn2/1P6/3P3N/3pP3/3N1PPP/B2Q1RK1 w - - 0 18
f3e5,r5k1/1pq1bppp/1n2pn2/1P6/3P4/3pPN2/3N1PPP/B2Q1RK1 w - - 2 19
d2b3,r5k1/1p2bppp/1n2pn2/1P2N3/3P4/3pP3/2qN1PPP/B2Q1RK1 w - - 4 20
b3c5,6k1/1p2bppp/1n2pn2/1P2N3/3P4/rN1pP3/2q2PPP/B2Q1RK1 w - - 6 21
d4c5,6k1/1p3ppp/1n2pn2/1Pb1N3/3P4/r2pP3/2q2PPP/B2Q1RK1 w - - 0 22
e5d3,6k1/1p3ppp/1n2pn2/1Pq1N3/8/r2pP3/5PPP/B2Q1RK1 w - - 0 23
a1f6,6k1/1p3ppp/1n2pn2/1q6/8/r2NP3/5PPP/B2Q1RK1 w - - 0 24
d3f4,6k1/1p3p1p/1n2pp2/1q6/8/r2NP3/5PPP/3Q1RK1 w - - 0 25
d1g4,6k1/1p3p1p/4pp2/1q1n4/5N2/r3P3/5PPP/3Q1RK1 w - - 2 26
f4h5,5k2/1p3p1p/4pp2/1q1n4/5NQ1/r3P3/5PPP/5RK1 w - - 4 27
g4g8,8/1p2kp1p/4pp2/1q1n3N/6Q1/r3P3/5PPP/5RK1 w - - 6 28
g2g3,6Q1/1p2kp1p/4pp2/1q5N/8/r1n1P3/5PPP/5RK1 w - - 8 29
e2e4,r2qk2r/ppp2pbp/2n5/3np3/3P2b1/2N2N2/PPP1QPP1/R1B1KB1R w KQkq - 1 10
e4e3,r2qk2r/ppp2pbp/2n2n2/4p3/3PQ1b1/2N2N2/PPP2PP1/R1B1KB1R w KQkq - 3 11
e3e5,r2qk2r/ppp2pbp/5n2/4p3/3n2b1/2N1QN2/PPP2PP1/R1B1KB1R w KQkq - 0 12
f1c4,r2qk2r/ppp2pbp/4nn2/4Q3/6b1/2N2N2/PPP2PP1/R1B1KB1R w KQkq - 1 13
g2f3,r2qk2r/ppp2pbp/4nn2/4Q3/2B5/2N2b2/PPP2PP1/R1B1K2R w KQkq - 0 14
e5b5,r3k2r/ppp2pbp/4nn2/4Q3/2Bq4/2N2P2/PPP2P2/R1B1K2R w KQkq - 1 15
b5b7,r3k2r/pp3pbp/2p1nn2/1Q6/2Bq4/2N2P2/PPP2P2/R1B1K2R w KQkq - 0 16
c4d3,r4rk1/pQ3pbp/2p1nn2/8/2Bq4/2N2P2/PPP2P2/R1B1K2R w KQ - 1 17
b7c6,r4rk1/pQ3pbp/2p2n2/2n5/3q4/2NB1P2/PPP2P2/R1B1K2R w KQ - 3 18
c2d3,r4rk1/p4pbp/2Q2n2/8/3q4/2Nn1P2/PPP2P2/R1B1K2R w KQ - 0 19
c1e3,r3r1k1/p4pbp/2Q2n2/8/3q4/2NP1P2/PP3P2/R1B1K2R w KQ - 1 20
f2e3,r5k1/p4pbp/2Q2n2/8/3q4/2NPrP2/PP3P2/R3K2R w KQ - 0 21
e1d1,r5k1/p4pbp/2Q2n2/8/8/2NPqP2/PP6/R3K2R w KQ - 0 22
d1c1,r5k1/p4pbp/2Q2n2/8/8/2Nq1P2/PP6/R2K3R w - - 0 23
h1d1,3r2k1/p4pbp/2Q2n2/8/8/2Nq1P2/PP6/R1K4R w - - 2 24
e7e8,r1bn1rk1/pp1pqppp/2pP1n2/4p3/1b6/1PN1PN2/PBPQ1PPP/2KR1B1R b - - 0 10
f6e4,r1bnqrk1/pp1p1ppp/2pP1n2/4p3/1b6/PPN1PN2/1BPQ1PPP/2KR1B1R b - - 0 11
e4c3,r1bnqrk1/pp1p1ppp/2pP4/4p3/1b2n3/PPN1PN2/1BP2PPP/2KRQB1R b - - 2 12
c3d1,r1bnqrk1/pp1p1ppp/2pP4/4p3/1P6/1Pn1PN2/1BP2PPP/2KRQB1R b - - 0 13
f7f6,r1bnqrk1/pp1p1ppp/2pP4/4p3/1P6/1P2PN2/1BP2PPP/2KQ1B1R b - - 0 14
d8f7,r1bnqrk1/pp1p2pp/2pP1p2/4p3/1P4P1/1P2PN2/1BP2P1P/2KQ1B1R b - - 0 15
g7g6,r1b1qrk1/pp1p1npp/2pP1p2/4p3/1P4PN/1P2P3/1BP2P1P/2KQ1B1R b - - 2 16
e5f4,r1b1qrk1/pp1p1n1p/2pP1pp1/4p3/1P3PPN/1P2P3/1BP4P/2KQ1B1R b - - 0 17
e8e3,r1b1qrk1/pp1p1n1p/2pP1pp1/8/1P3PPN/1P6/1BP4P/2KQ1B1R b - - 0 18
e3f4,r1b2rk1/pp1p1n1p/2pP1pp1/8/1P3PPN/1P2q3/1BP4P/1K1Q1B1R b - - 2 19
b7b5,r1b2rk1/pp1p1n1p/2pP1pp1/8/1PB2qPN/1P6/1BP4P/1K1Q3R b - - 1 20
f4h6,r1b2rk1/p2p1n1p/2pP1pp1/1p6/1PB2qPN/1P6/1BP4P/1K1Q1R2 b - - 1 21
f8f7,r1b2rk1/p2p1B1p/2pP1ppq/1p6/1P4PN/1P6/1BP4P/1K1Q1R2 b - - 0 22
f7f6,r1b3k1/p2p1r1p/2pP1Bpq/1p6/1P4PN/1P6/2P4P/1K1Q1R2 b - - 0 23
h6h4,r1b3k1/p2p3p/2pP1Rpq/1p6/1P4PN/1P6/2P4P/1K1Q4 b - - 0 24
h4h6,r1b3k1/p2p3p/2pP2p1/1p6/1P4Pq/1P6/2P4P/1K1Q1R2 b - - 1 25
c8b7,r1b3k1/p2p3p/2pP2pq/1p6/1P4P1/1P6/2P1Q2P/1K3R2 b - - 3 26
h6g7,r5k1/pb1p3p/2pP2pq/1p4P1/1P6/1P6/2P1Q2P/1K3R2 b - - 0 27
c6c5,r5k1/pb1p2qp/2pP2p1/1p4P1/1P6/1P2Q3/2P4P/1K3R2 b - - 2 28
a8c8,r5k1/pb1p2qp/3P2p1/1pQ3P1/1P6/1P6/2P4P/1K3R2 b - - 0 29
b1c3,rnbq1rk1/1p2ppbp/2p2np1/1P6/p1B5/P3PN2/1B1P1PPP/RN1QK2R w KQ - 0 10
e1g1,rn1q1rk1/1p1bppbp/2p2np1/1P6/p1B5/P1N1PN2/1B1P1PPP/R2QK2R w KQ - 2 11
b5c6,rn3rk1/1p1bppbp/2p2np1/qP6/p1B5/P1N1PN2/1B1P1PPP/R2Q1RK1 w - - 4 12
d2d4,rn3rk1/1p2ppbp/2b2np1/q7/p1B5/P1N1PN2/1B1P1PPP/R2Q1RK1 w - - 0 13
c4e2,r4rk1/1p1nppbp/2b2np1/q7/p1BP4/P1N1PN2/1B3PPP/R2Q1RK1 w - - 1 14
a1c1,r4rk1/1p1n1pbp/2b1pnp1/q7/p2P4/P1N1PN2/1B2BPPP/R2Q1RK1 w - - 0 15
c3a2,r1r3k1/1p1n1pbp/2b1pnp1/q7/p2P4/P1N1PN2/1B2BPPP/2RQ1RK1 w - - 2 16
a2c3,r1r2bk1/1p1n1p1p/2b1pnp1/q7/p2P4/P3PN2/NB2BPPP/2RQ1RK1 w - - 4 17
d4d5,r1r2bk1/3n1p1p/2b1pnp1/qp6/p2P4/P1N1PN2/1B2BPPP/2RQ1RK1 w - - 0 18
f3d4,r1r2bk1/3n1p1p/2b2np1/qp1p4/p7/P1N1PN2/1B2BPPP/2RQ1RK1 w - - 0 19
a3b4,r1r2bk1/3n1p1p/2b2np1/q2p4/pp1N4/P1N1P3/1B2BPPP/2RQ1RK1 w - - 0 20
d4c6,r1r2bk1/3n1p1p/2b2np1/3p4/pq1N4/2N1P3/1B2BPPP/2RQ1RK1 w - - 0 21
c3b5,r1r2bk1/3n1p1p/2N2np1/3p4/p7/2N1P3/1q2BPPP/2RQ1RK1 w - - 0 22
c1c2,r1r2bk1/3n1p1p/2N2np1/1N1p4/8/p3P3/1q2BPPP/2RQ1RK1 w - - 0 23
c2b2,r4bk1/3n1p1p/2r2np1/1N1p4/8/p3P3/1qR1BPPP/3Q1RK1 w - - 0 24
d1b1,r4bk1/3n1p1p/2r2np1/1N1p4/8/4P3/1p2BPPP/3Q1RK1 w - - 0 25
e2d3,2r2bk1/3n1p1p/2r2np1/1N1p4/8/4P3/1p2BPPP/1Q3RK1 w - - 2 26
b1b2,2r2bk1/5p1p/2r2np1/1N1pn3/8/3BP3/1p3PPP/1Q3RK1 w - - 4 27
b2d4,2r2bk1/5p1p/2r2np1/1N1p4/8/3nP3/1Q3PPP/5RK1 w - - 0 28
d4d1,2r2bk1/5p1p/2r2np1/1N1p4/3Q4/4P3/5PPP/2n2RK1 w - - 2 29
f3d4,r1bq1rk1/1ppn1pbp/3p1np1/pP6/P1P1p3/4PN2/1B1PBPPP/RN1Q1RK1 w - - 0 10
d1c2,r1bq1rk1/1pp2pbp/3p1np1/pPn5/P1PNp3/4P3/1B1PBPPP/RN1Q1RK1 w - - 2 11
b1c3,r1bqr1k1/1pp2pbp/3p1np1/pPn5/P1PNp3/4P3/1BQPBPPP/RN3RK1 w - - 4 12
f2f4,r1bqr1k1/1pp2pb1/3p1np1/pPn4p/P1PNp3/2N1P3/1BQPBPPP/R4RK1 w - - 0 13
f4f5,r2qr1k1/1pp2pb1/3p1np1/pPn4p/P1PNpPb1/2N1P3/1BQPB1PP/R4RK1 w - - 1 14
e2g4,r2qr1k1/1pp2pb1/3p1n2/pPn2Ppp/P1PNp1b1/2N1P3/1BQPB1PP/R4RK1 w - - 0 15
c3d5,r2qr1k1/1pp2pb1/3p4/pPn2Ppp/P1PNp1n1/2N1P3/1BQP2PP/R4RK1 w - - 0 16
h2h3,r2qr1k1/1pp2p2/3p4/pPnNbPpp/P1PNp1n1/4P3/1BQP2PP/R4RK1 w - - 2 17
d4e2,r2qr1k1/1pp2p2/3p1n2/pPnNbPpp/P1PNp3/4P2P/1BQP2P1/R4RK1 w - - 1 18
b2e5,r2qr1k1/1pp2p2/3p1n2/pP1NbPpp/P1P1p3/3nP2P/1BQPN1P1/R4RK1 w - - 3 19
e2g3,r2q2k1/1pp2p2/3p1n2/pP1NrPpp/P1P1p3/3nP2P/2QPN1P1/R4RK1 w - - 0 20
d5f6,r2q2k1/1pp2p2/3p1n2/pP1NrPp1/P1P1p2p/3nP1NP/2QP2P1/R4RK1 w - - 0 21
g3e4,r5k1/1pp2p2/3p1q2/pP2rPp1/P1P1p2p/3nP1NP/2QP2P1/R4RK1 w - - 0 22
c2d3,r5k1/1pp2p2/3p1q2/pP3Pp1/P1P1r2p/3nP2P/2QP2P1/R4RK1 w - - 0 23
d3d5,4r1k1/1pp2p2/3p1q2/pP3Pp1/P1P1r2p/3QP2P/3P2P1/R4RK1 w - - 1 24
a1b1,4r1k1/2p2p2/1p1p1q2/pP1Q1Pp1/P1P1r2p/4P2P/3P2P1/R4RK1 w - - 0 25
f1f2,4r3/2p2p1k/1p1p1q2/pP1Q1Pp1/P1P1r2p/4P2P/3P2P1/1R3RK1 w - - 2 26
d5c6,8/2p2p1k/1p1p1q2/pP1QrPp1/P1P1r2p/4P2P/3P1RP1/1R4K1 w - - 4 27
h3g4,8/2p2p1k/1pQp1q2/pP2rP2/P1P1r1pp/4P2P/3P1RP1/1R4K1 w - - 0 28
b1f1,8/2p2p1k/1pQp1q2/pP2rP2/P1P3rp/4P3/3P1RP1/1R4K1 w - - 0 29
d5e4,r1bq1rk1/pp3ppp/2nb4/2pp4/4N3/1P2P3/PBP1NPPP/R2QKB1R b KQ - 0 10
d8a5,r1bq1rk1/pp3ppp/2nb4/2p5/4p3/1P2P1N1/PBP2PPP/R2QKB1R b KQ - 1 11
f8d8,r1b2rk1/pp3ppp/2nb4/q1p5/4p3/1PP1P1N1/PB3PPP/R2QKB1R b KQ - 0 12
d6g3,r1br2k1/pp3ppp/2nb4/q1p5/4p3/1PP1P1N1/PBQ2PPP/R3KB1R b KQ - 2 13
c6e5,r1br2k1/pp3ppp/2n5/q1p5/4p3/1PP1P1P1/PBQ2PP1/R3KB1R b KQ - 0 14
e5g6,r1br2k1/pp3ppp/8/q1p1n3/4Q3/1PP1P1P1/PB3PP1/R3KB1R b KQ - 0 15
a5c7,r1br2k1/pp3ppp/6n1/q1p5/2B1Q3/1PP1P1P1/PB3PP1/R3K2R b KQ - 2 16
a8b8,r1br2k1/ppq2ppp/6n1/2p4R/2B1Q3/1PP1P1P1/PB3PP1/R3K3 b Q - 4 17
b7b5,1rbr2k1/ppq2ppp/6n1/2pB3R/4Q3/1PP1P1P1/PB3PP1/R3K3 b Q - 6 18
b8b6,1rbr2k1/p1q2ppp/6n1/1ppB3R/4Q3/1PP1P1P1/PB3PP1/3RK3 b - - 1 19
b5a4,2br2k1/p1q2ppp/1r4n1/1ppB3R/P3Q3/1PP1P1P1/1B3PP1/3RK3 b - - 0 20
b6d6,2br2k1/p1q2ppp/1r4n1/2pB3R/Q7/1PP1P1P1/1B3PP1/3RK3 b - - 0 21
c8e6,2br2k1/p1q2ppp/3r2n1/2pB3R/4Q3/1PP1P1P1/1B3PP1/3RK3 b - - 2 22
c7b6,3r2k1/p1q2ppp/3rb1n1/2pB3R/2P1Q3/1P2P1P1/1B3PP1/3RK3 b - - 0 23
b6b4,3r2k1/p4ppp/1q1rb1n1/2pB3R/2P1Q3/1P1RP1P1/1B3PP1/4K3 b - - 2 24
a7a5,3r2k1/p4ppp/3rb1n1/2pB3R/1qP1Q3/1P1RP1P1/1B2KPP1/8 b - - 4 25
a5a4,3r2k1/5ppp/3rb1n1/p1pB3R/1qP1Q3/1P1RP1P1/4KPP1/2B5 b - - 1 26
b4b6,3r2k1/5ppp/3rb1n1/2pB3R/pqP1Q3/1P1RP1P1/3BKPP1/8 b - - 1 27
b6b1,3r2k1/5ppp/1q1rb1n1/2pB3R/P1P1Q3/3RP1P1/3BKPP1/8 b - - 0 28
e6c8,3r2k1/5ppp/3rb1n1/P1pB3R/2P1Q3/3RP1P1/3BKPP1/1q6 b - - 0 29
f4c1,r1bq1rk1/pp4bp/2np1ppn/1Bp1p3/4PB2/2PP1N2/PP3PPP/RN1QR1K1 w - - 0 10
b1d2,r2q1rk1/pp4bp/2npbppn/1Bp1p3/4P3/2PP1N2/PP3PPP/RNBQR1K1 w - - 2 11
b5c6,r2q1rk1/1p4bp/p1npbppn/1Bp1p3/4P3/2PP1N2/PP1N1PPP/R1BQR1K1 w - - 0 12
d3d4,r2q1rk1/6bp/p1ppbppn/2p1p3/4P3/2PP1N2/PP1N1PPP/R1BQR1K1 w - - 0 13
c3d4,r2q1rk1/6bp/p1ppbppn/4p3/3pP3/2P2N2/PP1N1PPP/R1BQR1K1 w - - 0 14
b2b3,r2q1rk1/5nbp/p1ppbpp1/4p3/3PP3/5N2/PP1N1PPP/R1BQR1K1 w - - 1 15
e4f5,r2q1rk1/5nbp/p1ppb1p1/4pp2/3PP3/1P3N2/P2N1PPP/R1BQR1K1 w - - 0 16
c1b2,r2q1rk1/5nbp/p1ppb3/4pp2/3P4/1P3N2/P2N1PPP/R1BQR1K1 w - - 0 17
d2f1,r2q1rk1/5nbp/p1ppb3/5p2/3Pp3/1P3N2/PB1N1PPP/R2QR1K1 w - - 0 18
f3e5,r2q1rk1/5nbp/p1p1b3/3p1p2/3Pp3/1P3N2/PB3PPP/R2QRNK1 w - - 0 19
d4e5,r2q1rk1/6bp/p1p1b3/3pnp2/3Pp3/1P6/PB3PPP/R2QRNK1 w - - 0 20
a1c1,r2q1rk1/6bp/p1p1b3/3pP3/4pp2/1P6/PB3PPP/R2QRNK1 w - - 0 21
d1e2,2rq1rk1/6bp/p1p1b3/3pP3/4pp2/1P6/PB3PPP/2RQRNK1 w - - 2 22
e2a6,2r2rk1/6bp/p1p1b3/3pP1q1/4pp2/1P6/PB2QPPP/2R1RNK1 w - - 4 23
g2g3,2r2rk1/6bp/Q1p5/3pP1q1/4pp2/1P5b/PB3PPP/2R1RNK1 w - - 1 24
f2e3,2r2rk1/6bp/Q1p5/3pP1q1/5p2/1P2p1Pb/PB3P1P/2R1RNK1 w - - 0 25
g1f2,2r2rk1/6bp/Q1p5/3pP1q1/8/1P2PpPb/PB5P/2R1RNK1 w - - 0 26
b2e5,2r2rk1/7p/Q1p5/3pb1q1/8/1P2PpPb/PB3K1P/2R1RN2 w - - 0 27
a6d3,2r2rk1/7p/Q1p5/3pq3/8/1P2PpPb/P4K1P/2R1RN2 w - - 0 28
d3d2,2r2rk1/7p/2p5/3p3q/8/1P1QPpPb/P4K1P/2R1RN2 w - - 2 29
a7a5,rn3rk1/pbp1qppp/1p2pn2/2Pp4/1P1P4/P3PN2/1B1Q1PPP/R3KB1R b KQ - 0 10
f6e4,rn3rk1/1bp1qppp/1p2pn2/p1Pp4/1P1P4/P2BPN2/1B1Q1PPP/R3K2R b KQ - 1 11
a5b4,rn3rk1/1bp1qppp/1p2p3/p1Pp4/1P1Pn3/P2BPN2/1BQ2PPP/R3K2R b KQ - 3 12
b8c6,rn3rk1/1bp1qppp/1p2p3/2Pp4/1P1Pn3/3BPN2/1BQ2PPP/R3K2R b KQ - 0 13
b6c5,r4rk1/1bp1qppp/1pn1p3/2Pp4/1P1Pn3/1Q1BPN2/1B3PPP/R3K2R b KQ - 2 14
a8a1,r4rk1/1bp1qppp/2n1p3/2Pp4/1P2n3/1Q1BPN2/1B3PPP/R3K2R b KQ - 0 15
f8b8,5rk1/1bp1qppp/2n1p3/2Pp4/1P2n3/1Q1BPN2/5PPP/B3K2R b K - 0 16
b7c8,1r4k1/1bp1qppp/2n1p3/2Pp4/1P2n3/1Q1BPN2/5PPP/B4RK1 b - - 2 17
e7c5,1rb3k1/2p1qppp/2n1p3/1PPp4/4n3/1Q1BPN2/5PPP/B4RK1 b - - 0 18
c5f8,1rb3k1/2p2ppp/2n1p3/1Pqp4/4n3/3BPN2/1Q3PPP/B4RK1 b - - 1 19
c6b4,1rb2qk1/2p2ppp/2n1p3/1P1p4/4n3/3BPN2/1Q3PPP/B1R3K1 b - - 3 20
f7f6,1rb2qk1/2p2ppp/4p3/1P1p4/1n2n3/4PN2/1Q3PPP/B1R2BK1 b - - 5 21
e6e5,1rb2qk1/2R3pp/4pp2/1P1p4/1n2n3/4PN2/1Q3PPP/B4BK1 b - - 0 22
f6e5,1rb2qk1/2R3pp/5p2/1P1pN3/1n2n3/4P3/1Q3PPP/B4BK1 b - - 0 23
f8f2,1rb2qk1/2R3pp/8/1P1pQ3/1n2n3/4P3/5PPP/B4BK1 b - - 0 24
f1f3,r1bq1rk1/ppp2ppp/2np1n2/8/2P5/2P1PpP1/P2PN1BP/R1BQ1RK1 w - - 0 10
f3f4,r1bq1rk1/ppp2ppp/3p1n2/4n3/2P5/2P1PRP1/P2PN1BP/R1BQ2K1 w - - 1 11
f4f1,r1bq1rk1/ppp2ppp/3p1n2/8/2P2R2/2PnP1P1/P2PN1BP/R1BQ2K1 w - - 3 12
h2h3,r2q1rk1/ppp2ppp/3p1n2/8/2P3b1/2PnP1P1/P2PN1BP/R1BQ1RK1 w - - 5 13
g3g4,r2q1rk1/ppp2ppp/3p1n2/7b/2P5/2PnP1PP/P2PN1B1/R1BQ1RK1 w - - 1 14
e2g3,r2q1rk1/ppp2ppp/3p4/7b/2P3n1/2PnP2P/P2PN1B1/R1BQ1RK1 w - - 0 15
d1h5,r2q1rk1/ppp2ppp/3p4/7b/2P5/2Pnn1NP/P2P2B1/R1BQ1RK1 w - - 0 16
g2f1,r2q1rk1/ppp2ppp/3p4/7Q/2P5/2Pn2NP/P2P2B1/R1B2nK1 w - - 0 17
h5g4,r2q1rk1/ppp2ppp/3p4/7Q/2P2n2/2P3NP/P2P4/R1B2BK1 w - - 1 18
d2d4,r2q1rk1/ppp2ppp/3p2n1/8/2P3Q1/2P3NP/P2P4/R1B2BK1 w - - 3 19
g3f5,r2qr1k1/ppp2ppp/3p2n1/8/2PP2Q1/2P3NP/P7/R1B2BK1 w - - 1 20
h3h4,r2q2k1/ppp2ppp/3p2n1/5N2/2PP2Q1/2P4P/P7/R1B1rBK1 w - - 3 21
h4h5,r3q1k1/ppp2ppp/3p2n1/5N2/2PP2QP/2P5/P7/R1B1rBK1 w - - 1 22
g4g5,r3q1k1/ppp2ppp/3p2n1/5N1P/2PPr1Q1/2P5/P7/R1B2BK1 w - - 1 23
g5g2,r3q1k1/ppp3pp/3p1pn1/5NQP/2PPr3/2P5/P7/R1B2BK1 w - - 0 24
f5g3,r5k1/ppp3pp/3pqpn1/5N1P/2PPr3/2P5/P5Q1/R1B2BK1 w - - 2 25
h5g6,r5k1/ppp3pp/3pqpn1/7P/2PP2r1/2P3N1/P5Q1/R1B2BK1 w - - 4 26
g1h2,r5k1/ppp3pp/3p1pP1/8/2PP2r1/2P3N1/P5Q1/R1B1qBK1 w - - 1 27
h2g1,r5k1/ppp3pp/3p1pP1/8/2PP3r/2P3N1/P5QK/R1B1qB2 w - - 3 28
g1h2,r5k1/ppp3pp/3p1pP1/8/2PP2r1/2P3N1/P5Q1/R1B1qBK1 w - - 5 29
c5c4,2kr1b1r/ppp1pppp/5n2/2qP4/2BN2b1/8/PPPBNPPP/R2QK2R b KQ - 0 10
g4h5,2kr1b1r/ppp1pppp/5n2/3P4/2qN2b1/5P2/PPPBN1PP/R2QK2R b KQ - 0 11
c4d5,2kr1b1r/ppp1pppp/5n2/3P3b/2qN4/1P3P2/P1PBN1PP/R2QK2R b KQ - 0 12
d5d7,2kr1b1r/ppp1pppp/5n2/3q3b/2PN4/1P3P2/P2BN1PP/R2QK2R b KQ - 0 13
e7e5,2kr1b1r/pppqpppp/5n2/7b/2PN4/1P2BP2/P3N1PP/R2QK2R b KQ - 2 14
f8b4,2kr1b1r/pppq1ppp/5n2/1N2p2b/2P5/1P2BP2/P3N1PP/R2QK2R b KQ - 1 15
d7f5,2kr3r/pppq1ppp/5n2/1N2p2b/1bP5/1P2BP2/P3NKPP/R2Q3R b - - 3 16
f6g4,2kr3r/ppp2ppp/5n2/1N2pq1b/1bP5/1P2BPN1/P4KPP/R2Q3R b - - 5 17
f5g6,2kr3r/ppp2ppp/8/1N2pq1b/1bP3n1/1P2BPN1/P3K1PP/R2Q3R b - - 7 18
c8b8,2kr3r/Npp2ppp/6q1/4p2b/1bP3n1/1P2BPN1/P3K1PP/R2Q3R b - - 0 19
g4e3,1k1r3r/Npp2ppp/6q1/4p2b/1bP3n1/1P2BPN1/P3K1PP/RQ5R b - - 2 20
b8a7,1k1r3r/Npp2ppp/6q1/4p2b/1bP5/1P2KPN1/P5PP/RQ5R b - - 0 21
d4f3,r3kb1r/pp1bpppp/2np4/1Bq3B1/3NP1n1/2N5/PPP2PPP/R2Q1RK1 w kq - 8 10
b5a4,r3kb1r/1p1bpppp/p1np4/1Bq3B1/4P1n1/2N2N2/PPP2PPP/R2Q1RK1 w kq - 0 11
h2h3,r3kb1r/1p1b1ppp/p1npp3/2q3B1/B3P1n1/2N2N2/PPP2PPP/R2Q1RK1 w kq - 0 12
g5e3,r3kb1r/1p1b1ppp/p1npp3/2q1n1B1/B3P3/2N2N1P/PPP2PP1/R2Q1RK1 w kq - 1 13
f3d2,r3kb1r/1p1b1ppp/p1npp3/q3n3/B3P3/2N1BN1P/PPP2PP1/R2Q1RK1 w kq - 3 14
a4b3,r3kb1r/3b1ppp/p1npp3/qp2n3/B3P3/2N1B2P/PPPN1PP1/R2Q1RK1 w kq - 0 15
f2f4,r3k2r/3bbppp/p1npp3/qp2n3/4P3/1BN1B2P/PPPN1PP1/R2Q1RK1 w kq - 2 16
a2a4,r3k2r/3bbppp/p1npp1n1/qp6/4PP2/1BN1B2P/PPPN2P1/R2Q1RK1 w kq - 1 17
d2c4,r3k2r/3bbppp/p1npp1n1/q7/Pp2PP2/1BN1B2P/1PPN2P1/R2Q1RK1 w kq - 0 18
c3e2,r3k2r/2qbbppp/p1npp1n1/8/PpN1PP2/1BN1B2P/1PP3P1/R2Q1RK1 w kq - 2 19
a4a5,1r2k2r/2qbbppp/p1npp1n1/8/PpN1PP2/1B2B2P/1PP1N1P1/R2Q1RK1 w k - 4 20
e3b6,1r3rk1/2qbbppp/p1npp1n1/P7/1pN1PP2/1B2B2P/1PP1N1P1/R2Q1RK1 w - - 1 21
c4d6,1r3rk1/1q1bbppp/pBnpp1n1/P7/1pN1PP2/1B5P/1PP1N1P1/R2Q1RK1 w - - 3 22
d6f7,qr3rk1/3bbppp/pBnNp1n1/P7/1p2PP2/1B5P/1PP1N1P1/R2Q1RK1 w - - 1 23
d1d7,qr4k1/3bbrpp/pBn1p1n1/P7/1p2PP2/1B5P/1PP1N1P1/R2Q1RK1 w - - 0 24
b6c5,qr4k1/3Q1rpp/pBn1p1n1/P1b5/1p2PP2/1B5P/1PP1N1P1/R4RK1 w - - 1 25
b3e6,qr4k1/3r2pp/p1n1p1n1/P1B5/1p2PP2/1B5P/1PP1N1P1/R4RK1 w - - 0 26
a1d1,qr4k1/5rpp/p1n1B1n1/P1B5/1p2PP2/7P/1PP1N1P1/R4RK1 w - - 1 27
c2c3,q2r2k1/5rpp/p1n1B1n1/P1B5/1p2PP2/7P/1PP1N1P1/3R1RK1 w - - 3 28
e2c3,q2r2k1/5rpp/p1n1B1n1/P1B5/4PP2/2p4P/1P2N1P1/3R1RK1 w - - 0 29
a7a6,r1bq1rk1/ppnnppbp/3p2p1/2pP4/P3P3/2NB1N2/1PP2PPP/R1BQR1K1 b - - 8 10
a8b8,r1bq1rk1/1pnnppbp/p2p2p1/2pP4/P3PB2/2NB1N2/1PP2PPP/R2QR1K1 b - - 1 11
d6e5,1rbq1rk1/1pnnppbp/p2p2p1/2pPP3/P4B2/2NB1N2/1PP2PPP/R2QR1K1 b - - 0 12
d7e5,1rbq1rk1/1pnnppbp/p5p1/2pPN3/P4B2/2NB4/1PP2PPP/R2QR1K1 b - - 0 13
g7e5,1rbq1rk1/1pn1ppbp/p5p1/2pPB3/P7/2NB4/1PP2PPP/R2QR1K1 b - - 0 14
d8d6,1rbq1rk1/1pn1pp1p/p5p1/2pPR3/P7/2NB4/1PP2PPP/R2Q2K1 b - - 0 15
e7e6,1rb2rk1/1pn1pp1p/p2q2p1/2pPR3/P7/2NB4/1PP1QPPP/R5K1 b - - 2 16
c7e6,1rb2rk1/1pn2p1p/p2qP1p1/2p1R3/P7/2NB4/1PP1QPPP/R5K1 b - - 0 17
e6d4,1rb2rk1/1p3p1p/p2qn1p1/2pNR3/P7/3B4/1PP1QPPP/R5K1 b - - 1 18
c8e6,1rb2rk1/1p3p1p/p2q2p1/2pNR3/P2n4/3BQ3/1PP2PPP/R5K1 b - - 3 19
g8g7,1r3rk1/1p3p1p/p2qbNp1/2p1R3/P2n4/3BQ3/1PP2PPP/R5K1 b - - 5 20
g7h8,1r3r2/1p3pkp/p2qb1p1/2p1R2N/P2n4/3BQ3/1PP2PPP/R5K1 b - - 7 21
d6e5,1r3r1k/1p3p1p/p2qb1pQ/2p1R2N/P2n4/3B4/1PP2PPP/R5K1 b - - 9 22
e5g7,1r3r1k/1p3p1p/p3b1pQ/2p1q2N/P2n1P2/3B4/1PP3PP/R5K1 b - - 0 23
a2a3,r2qr1k1/ppp2ppp/2n1b3/3p4/1b1Pn3/4PN2/PBP1BPPP/RN1Q1RK1 w - - 1 10
b1d2,r2qr1k1/ppp2ppp/2nbb3/3p4/3Pn3/P3PN2/1BP1BPPP/RN1Q1RK1 w - - 1 11
c2c4,r3r1k1/ppp2ppp/2nbbq2/3p4/3Pn3/P3PN2/1BPNBPPP/R2Q1RK1 w - - 3 12
g2g3,r3r1k1/ppp2ppp/2nbb2q/3p4/2PPn3/P3PN2/1B1NBPPP/R2Q1RK1 w - - 1 13
f1e1,r3r1k1/ppp2ppp/2nb3q/3p4/2PPn3/P3PNPb/1B1NBP1P/R2Q1RK1 w - - 1 14
d1b3,r3r1k1/ppp2ppp/2nb3q/3p4/2PP4/P3PNPb/1B1NBn1P/R2QR1K1 w - - 0 15
c4d5,r3r1k1/ppp2ppp/2nb3q/3p4/2PP2n1/PQ2PNPb/1B1NB2P/R3R1K1 w - - 2 16
b3b7,r5k1/ppp2ppp/2nb3q/3P4/3P2n1/PQ2rNPb/1B1NB2P/R3R1K1 w - - 0 17
b7c6,4r1k1/pQp2ppp/2nb3q/3P4/3P2n1/P3rNPb/1B1NB2P/R3R1K1 w - - 1 18
e2f1,4r1k1/p1p2ppp/2Qb3q/3P4/3P4/P3rNPb/1B1NB2n/R3R1K1 w - - 0 19
d2f3,4r1k1/p1p2ppp/2Qb3q/3P4/3P4/P3rnPb/1B1N4/R3RBK1 w - - 0 20
a1e1,4r1k1/p1p2ppp/2Qb3q/3P4/3P4/P4NPb/1B6/R3rBK1 w - - 0 21
c6a8,6k1/p1p2ppp/2Qb3q/3P4/3P4/P4NPb/1B6/4rBK1 w - - 0 22
f3e1,Q4bk1/p1p2ppp/7q/3P4/3P4/P4NPb/1B6/4rBK1 w - - 2 23
g1h2,Q4bk1/p1p2ppp/8/3P4/3P4/P3q1Pb/1B6/4NBK1 w - - 1 24
a7a6,r1bq1rk1/ppnnppbp/3p2p1/2pP4/P3P3/2N2N2/1PP2PPP/R1BQRBK1 b - - 8 10
a8b8,r1bq1rk1/1pnnppbp/p2p2p1/2pP4/P3PB2/2N2N2/1PP2PPP/R2QRBK1 b - - 1 11
b7b5,1rbq1rk1/1pnnppbp/p2p2p1/P1pP4/4PB2/2N2N2/1PP2PPP/R2QRBK1 b - - 0 12
d7b6,1rbq1rk1/2nnppbp/pP1p2p1/2pP4/4PB2/2N2N2/1PP2PPP/R2QRBK1 b - - 0 13
f8e8,1rbq1rk1/2n1ppbp/pn1p2p1/2pP4/4PB2/2N2N2/1PP2PPP/R1Q1RBK1 b - - 1 14
g7h8,1rbqr1k1/2n1ppbp/pn1p2pB/2pP4/4P3/2N2N2/1PP2PPP/R1Q1RBK1 b - - 3 15
e7e5,1rbqr1kb/2n1pp1p/pn1p2pB/2pP4/4PQ2/2N2N2/1PP2PPP/R3RBK1 b - - 5 16
b6d7,1rbqr1kb/2n2p1p/pn1p2pB/2pPp3/4P3/2N2NQ1/1PP2PPP/R3RBK1 b - - 1 17
c7b5,1rbqr1kb/2nn1p1p/p2p2pB/2pPp3/4P3/1PN2NQ1/2P2PPP/R3RBK1 b - - 0 18
a6b5,1rbqr1kb/3n1p1p/p2p2pB/1NpPp3/4P3/1P3NQ1/2P2PPP/R3RBK1 b - - 0 19
h8f6,1rbqr1kb/R2n1p1p/3p2pB/1ppPp3/4P3/1P3NQ1/2P2PPP/4RBK1 b - - 1 20
f6g7,1rbqr1k1/R2n1p1p/3p1bpB/1ppPp3/4P2P/1P3NQ1/2P2PP1/4RBK1 b - - 0 21
d8b6,1rbqr1k1/R2n1pbp/3p2p1/1ppPp1B1/4P2P/1P3NQ1/2P2PP1/4RBK1 b - - 2 22
h7h6,1rb1r1k1/R2n1pbp/1q1p2p1/1ppPp1B1/4P2P/1P3NQ1/2P2PP1/R4BK1 b - - 4 23
d7f6,1rb1r1k1/R2n1pb1/1q1p2pp/1ppPp3/4P2P/1P3NQ1/2PB1PP1/R4BK1 b - - 1 24
c5c4,1rb1r1k1/R4pb1/1q1p1npp/1ppPp3/4P2P/1P1B1NQ1/2PB1PP1/R5K1 b - - 3 25
b6d8,1rb1r1k1/R4pb1/1q1p1npp/1p1Pp3/2p1P2P/1P1BBNQ1/2P2PP1/R5K1 b - - 1 26
b5c4,1rbqr1k1/R4pb1/3p1npp/1p1Pp3/2P1P2P/3BBNQ1/2P2PP1/R5K1 b - - 0 27
f6e4,1rbqr1k1/R4pb1/3p1npp/3Pp3/2B1P2P/4BNQ1/2P2PP1/R5K1 b - - 0 28
c8g4,1rbqr1k1/R4pb1/3p2pp/3Pp3/2B1n2P/4BN2/2P2PPQ/R5K1 b - - 1 29
d2d4,r2qr1k1/ppp2ppp/2n2n2/3p3b/1b6/4PN1P/PBPPBPP1/RN1Q1RK1 w - - 1 10
c2c4,r2qr1k1/ppp2ppp/2n5/3p3b/1b1Pn3/4PN1P/PBP1BPP1/RN1Q1RK1 w - - 1 11
d1c2,r2qr1k1/ppp1nppp/8/3p3b/1bPPn3/4PN1P/PB2BPP1/RN1Q1RK1 w - - 1 12
f3e5,r2qr1k1/pp2nppp/2p5/3p3b/1bPPn3/4PN1P/PBQ1BPP1/RN3RK1 w - - 0 13
c2e2,r2qr1k1/pp2nppp/2p5/3pN3/1bPPn3/4P2P/PBQ1bPP1/RN3RK1 w - - 0 14
c4c5,r3r1k1/pp2nppp/2p5/q2pN3/1bPPn3/4P2P/PB2QPP1/RN3RK1 w - - 1 15
a2a3,r3r1k1/pp3ppp/2p5/q1PpNn2/1b1Pn3/4P2P/PB2QPP1/RN3RK1 w - - 1 16
f1d1,r3r1k1/pp3ppp/2p5/q1PpNn2/3Pn3/P3P2P/1B1bQPP1/RN3RK1 w - - 1 17
e5f3,r3r1k1/pp4pp/2p2p2/q1PpNn2/3Pn3/P3P2P/1B1bQPP1/RN1R2K1 w - - 0 18
f2e3,r3r1k1/pp4pp/2p2p2/q1Pp1n2/3Pn3/P3bN1P/1B2QPP1/RN1R2K1 w - - 0 19
e2d2,r3r1k1/pp4pp/2p2p2/q1Pp1n2/3P4/P3PNnP/1B2Q1P1/RN1R2K1 w - - 1 20
d1e1,r3r1k1/ppq3pp/2p2p2/2Pp1n2/3P4/P3PNnP/1B1Q2P1/RN1R2K1 w - - 3 21
a3a4,r5k1/ppq1r1pp/2p2p2/2Pp1n2/3P4/P3PNnP/1B1Q2P1/RN2R1K1 w - - 5 22
a1a3,4r1k1/ppq1r1pp/2p2p2/2Pp1n2/P2P4/4PNnP/1B1Q2P1/RN2R1K1 w - - 1 23
a3d3,4r1k1/ppq1r2p/2p2p2/2Pp1np1/P2P4/R3PNnP/1B1Q2P1/1N2R1K1 w - - 0 24
f3h2,4r1k1/ppq1r3/2p2p2/2Pp1npp/P2P4/3RPNnP/1B1Q2P1/1N2R1K1 w - - 0 25
d2d1,4r1k1/ppq1r3/2p2p2/2Pp1npp/P2Pn3/3RP2P/1B1Q2PN/1N2R1K1 w - - 2 26
b2c1,4r1k1/ppq1r3/2p2p2/2Pp1npp/P2P4/3RP1nP/1B4PN/1N1QR1K1 w - - 4 27
b1c3,4r3/ppq1r1k1/2p2p2/2Pp1npp/P2P4/3RP1nP/6PN/1NBQR1K1 w - - 6 28
h2f1,4r3/ppq1r3/2p2pk1/2Pp1npp/P2P4/2NRP1nP/6PN/2BQR1K1 w - - 8 29
b2a1,1nbq1rk1/1p3ppp/3bpn2/1Ppp4/8/4PN2/1BPPBPPP/rN1Q1RK1 w - - 0 10
c2c4,1nbq1rk1/5ppp/1p1bpn2/1Ppp4/8/4PN2/2PPBPPP/BN1Q1RK1 w - - 0 11
d2d4,1n1q1rk1/1b3ppp/1p1bpn2/1Ppp4/2P5/4PN2/3PBPPP/BN1Q1RK1 w - - 1 12
e2c4,1n1q1rk1/1b3ppp/1p1bpn2/1Pp5/2pP4/4PN2/4BPPP/BN1Q1RK1 w - - 0 13
b1d2,3q1rk1/1b1n1ppp/1p1bpn2/1Pp5/2BP4/4PN2/5PPP/BN1Q1RK1 w - - 1 14
h2h3,5rk1/1bqn1ppp/1p1bpn2/1Pp5/2BP4/4PN2/3N1PPP/B2Q1RK1 w - - 3 15
f3d4,5rk1/1bqn1ppp/1p1bpn2/1P6/2Bp4/4PN1P/3N1PP1/B2Q1RK1 w - - 0 16
d1e2,2r3k1/1bqn1ppp/1p1bpn2/1P6/2BN4/4P2P/3N1PP1/B2Q1RK1 w - - 1 17
c4b3,2r3k1/1bq2ppp/1p1bpn2/1P2n3/2BN4/4P2P/3NQPP1/B4RK1 w - - 3 18
d2e4,2r3k1/1bq2ppp/1p1bp3/1P1nn3/3N4/1B2P2P/3NQPP1/B4RK1 w - - 5 19
e2h5,2r2bk1/1bq2ppp/1p2p3/1P1nn3/3NN3/1B2P2P/4QPP1/B4RK1 w - - 7 20
h5h4,2r2bk1/1bq2p1p/1p2p1p1/1P1nn2Q/3NN3/1B2P2P/5PP1/B4RK1 w - - 0 21
b3d5,2r3k1/1bq2pbp/1p2p1p1/1P1nn3/3NN2Q/1B2P2P/5PP1/B4RK1 w - - 2 22
e4f6,2r3k1/2q2pbp/1p2p1p1/1P1bn3/3NN2Q/4P2P/5PP1/B4RK1 w - - 0 23
h4f6,2r3k1/2q2p1p/1p2pbp1/1P1bn3/3N3Q/4P2P/5PP1/B4RK1 w - - 0 24
f6e7,2r3k1/2qn1p1p/1p2pQp1/1P1b4/3N4/4P2P/5PP1/B4RK1 w - - 1 25
d4f5,2r2nk1/2q1Qp1p/1p2p1p1/1P1b4/3N4/4P2P/5PP1/B4RK1 w - - 3 26
e7f6,2r2nk1/2q1Qp1p/1p2p3/1P1b1p2/8/4P2P/5PP1/B4RK1 w - - 0 27
e6d5,r1bq1rk1/pp3ppp/2n1pn2/3P4/8/P1N1P3/1P3PPP/R1BQKB1R b KQ - 0 10
c8e6,r1bq1rk1/pp3ppp/2n2n2/3p4/8/P1N1P3/1P2BPPP/R1BQK2R b KQ - 1 11
f6e4,r2q1rk1/pp3ppp/2n1bn2/1N1p4/8/P3P3/1P2BPPP/R1BQK2R b KQ - 3 12
d8b6,r2q1rk1/pp3ppp/2n1b3/1N1p4/4n3/P3P3/1P2BPPP/R1BQ1RK1 b - - 5 13
c6d4,r4rk1/pp3ppp/1qn1b3/3p4/3Nn3/P3P3/1P2BPPP/R1BQ1RK1 b - - 7 14
b6d4,r4rk1/pp3ppp/1q2b3/3p4/3Qn3/P3P3/1P2BPPP/R1B2RK1 b - - 0 15
a8c8,r4rk1/pp3ppp/4b3/3p4/3Pn3/P7/1P2BPPP/R1B2RK1 b - - 0 16
e6f5,2r2rk1/pp3ppp/4b3/3p4/3Pn3/P2B4/1P3PPP/R1B2RK1 b - - 2 17
e4g3,2r2rk1/pp3ppp/8/3p1b2/3PnB2/P2B4/1P3PPP/R4RK1 b - - 4 18
f5d3,2r2rk1/pp3ppp/8/3p1b2/3P1B2/P2B2P1/1P3PP1/R4RK1 b - - 0 19
f7f6,2r2rk1/pp3ppp/8/3p4/3P1B2/P2b2P1/1P3PP1/R1R3K1 b - - 1 20
f8c8,2R2rk1/pp4pp/5p2/3p4/3P1B2/P2b2P1/1P3PP1/R5K1 b - - 0 21
c8c1,2r3k1/pp4pp/5p2/3p4/3P1B2/P2b2P1/1P3PP1/2R3K1 b - - 1 22
a4b5,rnbq1rk1/5ppp/1p1bpn2/1ppp4/P1P5/4PN2/1B1PBPPP/RN1Q1RK1 w - - 0 10
b2a1,1nbq1rk1/5ppp/1p1bpn2/1Ppp4/2P5/4PN2/1B1PBPPP/rN1Q1RK1 w - - 0 11
d2d4,1n1q1rk1/1b3ppp/1p1bpn2/1Ppp4/2P5/4PN2/3PBPPP/BN1Q1RK1 w - - 1 12
c4d5,3q1rk1/1b1n1ppp/1p1bpn2/1Ppp4/2PP4/4PN2/4BPPP/BN1Q1RK1 w - - 1 13
b1d2,3q1rk1/1b1n1ppp/1p1bp3/1Ppn4/3P4/4PN2/4BPPP/BN1Q1RK1 w - - 0 14
d2c4,3q1rk1/1b1n1ppp/1p1bp3/1P1n4/3p4/4PN2/3NBPPP/B2Q1RK1 w - - 0 15
f3d4,3q1rk1/1b1n1ppp/1p2p3/1Pbn4/2Np4/4PN2/4BPPP/B2Q1RK1 w - - 2 16
d1b3,5rk1/1bqn1ppp/1p2p3/1Pbn4/2NN4/4P3/4BPPP/B2Q1RK1 w - - 1 17
a1b2,r5k1/1bqn1ppp/1p2p3/1Pbn4/2NN4/1Q2P3/4BPPP/B4RK1 w - - 3 18
f1c1,r4bk1/1bqn1ppp/1p2p3/1P1n4/2NN4/1Q2P3/1B2BPPP/5RK1 w - - 5 19
b3c2,r4bk1/1bq2ppp/1p2p3/1Pnn4/2NN4/1Q2P3/1B2BPPP/2R3K1 w - - 7 20
e2f3,r4bk1/1bq2pp1/1p2p2p/1Pnn4/2NN4/4P3/1BQ1BPPP/2R3K1 w - - 0 21
c2e2,r4bk1/1bq2pp1/1p2p2p/1Pn5/1nNN4/4PB2/1BQ2PPP/2R3K1 w - - 2 22
c1d1,r4bk1/1bq2pp1/1p2p2p/1Pn5/2NN4/3nPB2/1B2QPPP/2R3K1 w - - 4 23
e2b2,r4bk1/1bq2pp1/1p2p2p/1Pn5/2NN4/4PB2/1n2QPPP/3R2K1 w - - 0 24
d4f3,r4bk1/2q2pp1/1p2p2p/1Pn5/2NN4/4Pb2/1Q3PPP/3R2K1 w - - 0 25
c4e5,5bk1/2q2pp1/1p2p2p/1Pn5/r1N5/4PN2/1Q3PPP/3R2K1 w - - 1 26
e5c6,5bk1/2q2pp1/1p2p2p/1P2N3/r3n3/4PN2/1Q3PPP/3R2K1 w - - 3 27
f3e5,5bk1/2q2pp1/1pNnp2p/1P6/r7/4PN2/1Q3PPP/3R2K1 w - - 5 28
e5g6,5bk1/2q3p1/1pNnpp1p/1P2N3/r7/4P3/1Q3PPP/3R2K1 w - - 0 29
d6b8,r1bq1rk1/pp1n1ppp/3b1n2/1N1pp3/8/1P2PN2/PBQPBPPP/R3K2R b KQ - 1 10
a7a6,rbbq1rk1/pp1n1ppp/5n2/1N1pp3/8/1P2PN2/PBQPBPPP/2R1K2R b K - 3 11
b8c7,rbbq1rk1/1pNn1ppp/p4n2/3pp3/8/1P2PN2/PBQPBPPP/2R1K2R b K - 1 12
d8c7,r1bq1rk1/1pQn1ppp/p4n2/3pp3/8/1P2PN2/PB1PBPPP/2R1K2R b K - 0 13
f8e8,r1b2rk1/1pRn1ppp/p4n2/3pp3/8/1P2PN2/PB1PBPPP/4K2R b K - 0 14
e5e4,r1b1r1k1/1pRn1ppp/p4n2/3pp3/8/1P2PN2/PB1PBPPP/5RK1 b - - 2 15
d7e5,r1b1r1k1/1pRn1ppp/p4n2/3p4/3Np3/1P2P3/PB1PBPPP/5RK1 b - - 1 16
b7b5,r1b1r1k1/1pR2ppp/p4n2/3pn3/3Np3/1P2P3/PB1PBPPP/2R3K1 b - - 3 17
e5c6,r1b1r1k1/2R2ppp/p1N2n2/1p1pn3/4p3/1P2P3/PB1PBPPP/2R3K1 b - - 1 18
d5d4,r1b1r1k1/2R2ppp/p1R2n2/1p1p4/4p3/1P2P3/PB1PBPPP/6K1 b - - 0 19
f6d5,r1b1r1k1/2R2ppp/p1R2n2/1p6/3Bp3/1P2P3/P2PBPPP/6K1 b - - 0 20
a8a7,r1b1r1k1/R4ppp/p1R5/1p1n4/3Bp3/1P2P3/P2PBPPP/6K1 b - - 2 21
d5b4,2b1r1k1/B4ppp/p1R5/1p1n4/4p3/1P2P3/P2PBPPP/6K1 b - - 0 22
b4a2,2b1r1k1/B4ppp/pR6/1p6/1n2p3/1P2P3/P2PBPPP/6K1 b - - 2 23
c8d7,1Rb1r1k1/B4ppp/p7/1p6/4p3/1P2P3/n2PBPPP/6K1 b - - 1 24
d7e8,4R1k1/B2b1ppp/p7/1p6/4p3/1P2P3/n2PBPPP/6K1 b - - 0 25
f7f5,4b1k1/B4ppp/p7/1p6/4p3/1P2P3/n2PBPPP/5K2 b - - 1 26
e8f7,4b1k1/B5pp/p7/1p3p2/4p3/1P2P3/n2PBPPP/4K3 b - - 1 27
a2c1,6k1/B4bpp/p7/1p3p2/4p3/1P2P3/n2P1PPP/3BK3 b - - 3 28
e4d3,6k1/B4bpp/p7/1p3p2/3Pp3/1P2P3/5PPP/2nBK3 b - d3 0 29
c6d4,r2qkb1r/pQ3ppp/2n1p3/3n4/3P4/2N2P2/PP3P1P/R1B1KB1R b KQkq - 0 10
d4b5,r2qkb1r/pQ3ppp/4p3/1B1n4/3n4/2N2P2/PP3P1P/R1B1K2R b KQkq - 1 11
e8e7,r2qkb1r/p4ppp/2Q1p3/1n1n4/8/2N2P2/PP3P1P/R1B1K2R b KQkq - 1 12
d5c3,r2q1b1r/p3kppp/4p3/1Q1n4/8/2N2P2/PP3P1P/R1B1K2R b KQ - 0 13
a8b8,r2q1b1r/p3kppp/4p3/1Q6/8/2P2P2/P4P1P/R1B1K2R b KQ - 0 14
e7e8,1r1q1b1r/p3kppp/4p3/2Q5/8/2P2P2/P4P1P/R1B1K2R b KQ - 2 15
f8d6,1r1qkb1r/Q4ppp/4p3/8/8/2P2P2/P4P1P/R1B1K2R b KQ - 0 16
e8e7,1r1qk2r/5ppp/3bp3/8/Q7/2P2P2/P4P1P/R1B1K2R b KQ - 2 17
d8c7,1r1q3r/4kppp/3bp3/8/Q7/2P2P2/P4P1P/R1B2RK1 b - - 4 18
d6a3,1r5r/2q1kppp/3bp3/8/Q7/B1P2P2/P4P1P/R4RK1 b - - 6 19
e7f6,1r5r/2q1kppp/4p3/8/8/Q1P2P2/P4P1P/R4RK1 b - - 0 20
c7f4,1r5r/2q2ppp/4pk2/8/8/Q1P2P2/P4P1P/1R3RK1 b - - 2 21
h8b8,1R5r/5ppp/4pk2/8/5q2/Q1P2P2/P4P1P/5RK1 b - - 0 22
b8b2,1r6/Q4ppp/4pk2/8/5q2/2P2P2/P4P1P/5RK1 b - - 1 23
f4c7,Q7/5ppp/4pk2/8/5q2/2P2P2/Pr3P1P/5RK1 b - - 3 24
g7g6,8/2q2ppp/4pk2/8/4Q3/2P2P2/Pr3P1P/5RK1 b - - 5 25
e6e5,8/2q2p1p/4pkp1/8/3Q4/2P2P2/Pr3P1P/5RK1 b - - 1 26
f6g7,8/2q2p1p/5kp1/4p3/7Q/2P2P2/Pr3P1P/5RK1 b - - 1 27
c7c3,8/2q2pkp/6p1/4p3/P6Q/2P2P2/1r3P1P/5RK1 b - - 0 28
b2b4,8/5pkp/6p1/4p3/P3Q3/2q2P2/1r3P1P/5RK1 b - - 1 29
e2c4,r1bqr1k1/ppp2ppp/2nb1n2/8/2p5/4PN2/PB1PBPPP/RN1Q1RK1 w - - 0 10
c4e2,r1bqr1k1/ppp2ppp/3b1n2/n7/2B5/4PN2/PB1P1PPP/RN1Q1RK1 w - - 1 11
d2d4,r1bqr1k1/pp3ppp/3b1n2/n1p5/8/4PN2/PB1PBPPP/RN1Q1RK1 w - - 0 12
b1a3,r1bqr1k1/pp3ppp/2nb1n2/2p5/3P4/4PN2/PB2BPPP/RN1Q1RK1 w - - 1 13
a3b5,r1bqr1k1/pp3ppp/2nb1n2/8/3p4/N3PN2/PB2BPPP/R2Q1RK1 w - - 0 14
f3d4,r2qr1k1/pp3ppp/2nb1n2/1N6/3p2b1/4PN2/PB2BPPP/R2Q1RK1 w - - 2 15
d1e2,r2qr1k1/pp3ppp/2nb1n2/1N6/3N4/4P3/PB2bPPP/R2Q1RK1 w - - 0 16
b5d4,r2qr1k1/pp3ppp/3b1n2/1N6/3n4/4P3/PB2QPPP/R4RK1 w - - 0 17
f1d1,r2qr1k1/pp3ppp/5n2/4b3/3N4/4P3/PB2QPPP/R4RK1 w - - 1 18
d4b3,r3r1k1/pp3ppp/5n2/q3b3/3N4/4P3/PB2QPPP/R2R2K1 w - - 3 19
b2e5,r3r1k1/pp3ppp/1q3n2/4b3/8/1N2P3/PB2QPPP/R2R2K1 w - - 5 20
a1c1,r5k1/pp3ppp/1q3n2/4r3/8/1N2P3/P3QPPP/R2R2K1 w - - 0 21
b3d4,3r2k1/pp3ppp/1q3n2/4r3/8/1N2P3/P3QPPP/2RR2K1 w - - 2 22
c1b1,3r2k1/pp3ppp/1q3n2/2r5/3N4/4P3/P3QPPP/2RR2K1 w - - 4 23
e2f3,3r2k1/ppq2ppp/5n2/2r5/3N4/4P3/P3QPPP/1R1R2K1 w - - 6 24
g2g3,3r2k1/p1q2ppp/1p3n2/2r5/3N4/4PQ2/P4PPP/1R1R2K1 w - - 0 25
d4b3,6k1/p1q2ppp/1p3n2/2rr4/3N4/4PQP1/P4P1P/1R1R2K1 w - - 1 26
b1d1,6k1/p1q2ppp/1p3n2/2r5/8/1N2PQP1/P4P1P/1R1r2K1 w - - 0 27
b3d4,6k1/p1q2ppp/1pr2n2/8/8/1N2PQP1/P4P1P/3R2K1 w - - 1 28
d1c1,6k1/p1q2ppp/1p3n2/8/3N4/4PQP1/P4P1P/2rR2K1 w - - 3 29
d7d6,r1bqk1nr/1pppnpb1/p5pp/8/4PB2/1BN2N2/PP3PPP/R2QK2R b KQkq - 1 10
d6d5,r1bqk1nr/1pp1npb1/p2p2pp/4P3/5B2/1BN2N2/PP3PPP/R2QK2R b KQkq - 0 11
e7d5,r1bqk1nr/1pp1npb1/p5pp/3NP3/5B2/1B3N2/PP3PPP/R2QK2R b KQkq - 0 12
g8e7,r1bqk1nr/1pp2pb1/p5pp/3BP3/5B2/5N2/PP3PPP/R2QK2R b KQkq - 0 13
e8g8,r1bqk2r/1pp1npb1/p5pp/4P3/5B2/1B3N2/PP3PPP/R2QK2R b KQkq - 2 14
c8e6,r1bq1rk1/1pp1npb1/p5pp/4P3/5B2/1B3N1P/PP3PP1/R2QK2R b KQ - 0 15
e6b3,r2q1rk1/1pp1npb1/p3b1pp/4P3/5B2/1B3N1P/PPQ2PP1/R3K2R b KQ - 2 16
d8d5,r2q1rk1/1pp1npb1/p5pp/4P3/5B2/1Q3N1P/PP3PP1/R3K2R b KQ - 0 17
g6g5,r4rk1/1pp1npb1/p5pp/3qP3/5B2/5N1P/PPQ2PP1/R3K2R b KQ - 2 18
e7g6,r4rk1/1pp1npb1/p6p/3qP1p1/8/5NBP/PPQ2PP1/R3K2R b KQ - 1 19
c7c6,r4rk1/1pp2pb1/p5np/3qP1p1/8/5NBP/PPQ2PP1/R4RK1 b - - 3 20
d5b5,r4rk1/1p3pb1/p1p3np/3qP1p1/8/5NBP/PPQ2PP1/R2R2K1 b - - 1 21
b5b6,r4rk1/1p3pb1/p1p3np/1q2P1p1/P7/5NBP/1PQ2PP1/R2R2K1 b - - 0 22
f7f5,r4rk1/1p3pb1/pqp1P1np/6p1/P7/5NBP/1PQ2PP1/R2R2K1 b - - 0 23
b6b2,r4rk1/1p1R2b1/pqp1P1np/5pp1/P7/5NBP/1PQ2PP1/R5K1 b - - 1 24
g7b2,r4rk1/1p1R2b1/p1p1P1np/5pp1/P7/5NBP/1Q3PP1/R5K1 b - - 0 25
b2f6,r4rk1/1p1R4/p1p1P1np/5pp1/P7/5NBP/1b3PP1/1R4K1 b - - 1 26
f8e8,r4rk1/1p1R4/p1pBPbnp/5pp1/P7/5N1P/5PP1/1R4K1 b - - 3 27
e8e6,r3r1k1/1R1R4/p1pBPbnp/5pp1/P7/5N1P/5PP1/6K1 b - - 0 28
a8e8,r5k1/1R1R4/p1p1rbnp/2B2pp1/P7/5N1P/5PP1/6K1 b - - 1 29
f3d4,r1bq1rk1/1ppn1pbp/3p1np1/pP6/P1P1p3/4PN2/1B1PBPPP/RN1Q1RK1 w - - 0 10
f2f4,r1bq1rk1/1pp2pbp/3p1np1/pP2n3/P1PNp3/4P3/1B1PBPPP/RN1Q1RK1 w - - 2 11
d4f3,r1bq1rk1/1pp2pbp/3p1np1/pP2n3/P1PN4/4Pp2/1B1PB1PP/RN1Q1RK1 w - - 0 12
f3e5,r1bq1rk1/1pp2pbp/3p2p1/pP2n3/P1P3n1/4PN2/1B1PB1PP/RN1Q1RK1 w - - 1 13
d2d4,r1bq1rk1/1pp2pbp/3p2p1/pP2n3/P1P5/4P3/1B1PB1PP/RN1Q1RK1 w - - 0 14
e2f3,r1bq1rk1/1ppn1pbp/3p2p1/pP6/P1PP4/4P3/1B2B1PP/RN1Q1RK1 w - - 1 15
f1e1,r1b2rk1/1ppnqpbp/3p2p1/pP6/P1PP4/4PB2/1B4PP/RN1Q1RK1 w - - 3 16
b1d2,r1b2rk1/1pp1qpbp/1n1p2p1/pP6/P1PP4/4PB2/1B4PP/RN1QR1K1 w - - 5 17
d1c2,r4rk1/1pp1qpbp/1n1pb1p1/pP6/P1PP4/4PB2/1B1N2PP/R2QR1K1 w - - 7 18
e3e4,r4rk1/1pp1qpbp/1n1p2p1/pP3b2/P1PP4/4PB2/1BQN2PP/R3R1K1 w - - 9 19
a1c1,r4rk1/1pp1qpbp/1n1pb1p1/pP6/P1PPP3/5B2/1BQN2PP/R3R1K1 w - - 1 20
e4e5,r4rk1/1pp2pbp/1n1pb1p1/pP4q1/P1PPP3/5B2/1BQN2PP/2R1R1K1 w - - 3 21
d2e4,r4rk1/1pp2pbp/1n2b1p1/pP2p1q1/P1PP4/5B2/1BQN2PP/2R1R1K1 w - - 0 22
d4d5,r4rk1/1pp2pbp/1n2b1p1/pP2p3/P1PPN2q/5B2/1BQ3PP/2R1R1K1 w - - 2 23
g2g3,r4rk1/1pp2pbp/1n4p1/pP1Ppb2/P1P1N2q/5B2/1BQ3PP/2R1R1K1 w - - 1 24
c2b3,r2q1rk1/1pp2pbp/1n4p1/pP1Ppb2/P1P1N3/5BP1/1BQ4P/2R1R1K1 w - - 1 25
f3e4,r2q1rk1/1pp2pbp/1n4p1/pP1Pp3/P1P1b3/1Q3BP1/1B5P/2R1R1K1 w - - 0 26
e4g2,r2q1rk1/1pp3bp/1n4p1/pP1Ppp2/P1P1B3/1Q4P1/1B5P/2R1R1K1 w - - 0 27
b2a3,r2q1rk1/1pp3bp/1n4p1/pP1P1p2/P1P1p3/1Q4P1/1B4BP/2R1R1K1 w - - 0 28
d5d6,r2qr1k1/1pp3bp/1n4p1/pP1P1p2/P1P1p3/BQ4P1/6BP/2R1R1K1 w - - 2 29
h7h6,rn1q1rk1/pb1p1ppp/4pn2/1p4B1/3P4/P1Q1PN2/1P3PPP/R3KB1R b KQ - 2 10
b8c6,rn1q1rk1/pb1p1pp1/4pn1p/1p6/3P3B/P1Q1PN2/1P3PPP/R3KB1R b KQ - 1 11
g7g5,r2q1rk1/pb1p1pp1/2n1pn1p/1B6/3P3B/P1Q1PN2/1P3PPP/R3K2R b KQ - 0 12
f6e4,r2q1rk1/pb1p1p2/2n1pn1p/1B4p1/3P4/P1Q1PNB1/1P3PPP/R3K2R b KQ - 1 13
d8a5,r2q1rk1/pb1p1p2/2n1p2p/1B4p1/3Pn3/P2QPNB1/1P3PPP/R3K2R b KQ - 3 14
a7a6,r4rk1/pb1p1p2/2n1p2p/qB4p1/3Pn3/P2QPNB1/1P2KPPP/R6R b - - 5 15
b7c6,r4rk1/1b1p1p2/p1B1p2p/q5p1/3Pn3/P2QPNB1/1P2KPPP/R6R b - - 0 16
a5f5,r4rk1/3p1p2/p1b1p2p/q5p1/1P1Pn3/P2QPNB1/4KPPP/R6R b - - 0 17
f8c8,r4rk1/3p1p2/p1b1p2p/5qp1/PP1Pn3/3QPNB1/4KPPP/R6R b - - 0 18
e4g3,r1r3k1/3p1p2/p1b1p2p/4Nqp1/PP1Pn3/3QP1B1/4KPPP/R6R b - - 2 19
c6e4,r1r3k1/3p1p2/p1b1p2p/4Nqp1/PP1P4/3QP1P1/4KPP1/R6R b - - 0 20
f3e5,rnbq1rk1/1p2ppb1/2p2np1/p5Np/2BP3P/2P2N2/PP3PP1/R1BQK2R w KQ - 0 10
c4d3,rnbq1rk1/1p2ppb1/2p3p1/p2nN1Np/2BP3P/2P5/PP3PP1/R1BQK2R w KQ - 2 11
a2a3,rnb2rk1/1p2ppb1/2pq2p1/p2nN1Np/3P3P/2PB4/PP3PP1/R1BQK2R w KQ - 4 12
g5e4,rnb2rk1/4ppb1/2pq2p1/pp1nN1Np/3P3P/P1PB4/1P3PP1/R1BQK2R w KQ - 0 13
f2f4,rnb2rk1/2q1ppb1/2p3p1/pp1nN2p/3PN2P/P1PB4/1P3PP1/R1BQK2R w KQ - 2 14
e1g1,r1b2rk1/2qnppb1/2p3p1/pp1nN2p/3PNP1P/P1PB4/1P4P1/R1BQK2R w KQ - 1 15
e4g5,r1b2rk1/2q1ppb1/2p2np1/pp1nN2p/3PNP1P/P1PB4/1P4P1/R1BQ1RK1 w - - 3 16
g5f7,r1b2rk1/2q1ppb1/2p3p1/pp1nN1Np/3P1PnP/P1PB4/1P4P1/R1BQ1RK1 w - - 5 17
d3g6,r1b3k1/2q1prb1/2p3p1/pp1nN2p/3P1PnP/P1PB4/1P4P1/R1BQ1RK1 w - - 0 18
f4f5,r1b3k1/2q1p1b1/2p2rB1/pp1nN2p/3P1PnP/P1P5/1P4P1/R1BQ1RK1 w - - 1 19
f5g6,r1b3k1/2q1p1b1/2p3r1/pp1nNP1p/3P2nP/P1P5/1P4P1/R1BQ1RK1 w - - 0 20
f1f3,r1b3k1/2q1p3/2p3P1/pp1nb2p/3P2nP/P1P5/1P4P1/R1BQ1RK1 w - - 0 21
d1d4,r1b3k1/2q1p3/2p3P1/pp1n3p/3b2nP/P1P2R2/1P4P1/R1BQ2K1 w - - 0 22
g1f1,r1b3k1/4p3/2p3P1/pp1n3p/3Q2nP/P1P2R2/1P4Pq/R1B3K1 w - - 1 23
f1e2,r1b3k1/4p3/2p3P1/pp1n3p/3Q2nP/P1P2R2/1P4P1/R1B2K1q w - - 3 24
d1b3,rn1q1rk1/pp2ppb1/2p2np1/6Np/2BP2bP/2P2N2/PP3PP1/R1BQK2R w KQ - 5 10
a2a4,rn1q1rk1/pp2ppb1/2p3p1/3n2Np/2BP2bP/1QP2N2/PP3PP1/R1B1K2R w KQ - 7 11
g5f3,rn1q1rk1/pp2ppb1/2p3p1/3n2Np/P1BP3P/1QP2b2/1P3PP1/R1B1K2R w KQ - 0 12
c4d3,rn1q1rk1/pp2ppb1/1np3p1/7p/P1BP3P/1QP2N2/1P3PP1/R1B1K2R w KQ - 1 13
a4a5,rn1q1rk1/pp2ppb1/1n4p1/2p4p/P2P3P/1QPB1N2/1P3PP1/R1B1K2R w KQ - 0 14
d3c4,rn1q1rk1/pp2ppb1/1n4p1/P6p/2pP3P/1QPB1N2/1P3PP1/R1B1K2R w KQ - 0 15
b3c4,rn1q1rk1/pp2ppb1/6p1/P6p/2nP3P/1QP2N2/1P3PP1/R1B1K2R w KQ - 0 16
a5a6,r2q1rk1/pp2ppb1/2n3p1/P6p/2QP3P/2P2N2/1P3PP1/R1B1K2R w KQ - 1 17
a6b7,r4rk1/pp2ppb1/Pqn3p1/7p/2QP3P/2P2N2/1P3PP1/R1B1K2R w KQ - 1 18
e1g1,r4rk1/pq2ppb1/2n3p1/7p/2QP3P/2P2N2/1P3PP1/R1B1K2R w KQ - 0 19
c4a6,2r2rk1/pq2ppb1/2n3p1/7p/2QP3P/2P2N2/1P3PP1/R1B2RK1 w - - 2 20
f1e1,1qr2rk1/p3ppb1/Q1n3p1/7p/3P3P/2P2N2/1P3PP1/R1B2RK1 w - - 4 21
f3g5,1qr2rk1/p4pb1/Q1n1p1p1/7p/3P3P/2P2N2/1P3PP1/R1B1R1K1 w - - 0 22
a6e2,1qr1r1k1/p4pb1/Q1n1p1p1/6Np/3P3P/2P5/1P3PP1/R1B1R1K1 w - - 2 23
e2f3,1qr1r1k1/5pb1/2n1p1p1/p5Np/3P3P/2P5/1P2QPP1/R1B1R1K1 w - - 0 24
c1f4,2r1r1k1/2q2pb1/2n1p1p1/p5Np/3P3P/2P2Q2/1P3PP1/R1B1R1K1 w - - 2 25
f4e5,2r1r1k1/3q1pb1/2n1p1p1/p5Np/3P1B1P/2P2Q2/1P3PP1/R3R1K1 w - - 4 26
d4e5,2r1r1k1/3q1pb1/4p1p1/p3n1Np/3P3P/2P2Q2/1P3PP1/R3R1K1 w - - 0 27
a1a5,4r1k1/2rq1pb1/4p1p1/p3P1Np/7P/2P2Q2/1P3PP1/R3R1K1 w - - 1 28
e1e2,4r1k1/2r2pb1/4p1p1/R3P1Np/7P/2P2Q2/1P1q1PP1/4R1K1 w - - 1 29
d8c8,r2qk1nr/ppp1bppp/2n1b3/4P3/5B2/2N2N2/PPP1Q1PP/3RKB1R b Kkq - 2 10
e7b4,r1q1k1nr/ppp1bppp/2n1b3/4P3/5B2/2N1QN2/PPP3PP/3RKB1R b Kkq - 4 11
b4a5,r1q1k1nr/ppp2ppp/2n1b3/4P3/1b3B2/P1N1QN2/1PP3PP/3RKB1R b Kkq - 0 12
g8e7,r1q1k1nr/ppp2ppp/2n1b3/bB2P3/5B2/P1N1QN2/1PP3PP/3RK2R b Kkq - 2 13
e6g4,r1q1k2r/ppp1nppp/2n1b3/bB2P1N1/5B2/P1N1Q3/1PP3PP/3RK2R b Kkq - 4 14
e8g8,r1q1k2r/ppp1nppp/2n5/bB2P1N1/5Bb1/P1N1Q3/1PPR2PP/4K2R b Kkq - 6 15
g4f5,r1q2rk1/ppp1nppp/2n5/bB2P1N1/5Bb1/P1N1Q2P/1PPR2P1/4K2R b K - 0 16
f5g6,r1q2rk1/ppp1nppp/2n5/bB2PbN1/5BP1/P1N1Q2P/1PPR4/4K2R b K - 0 17
f7f6,r1q2rk1/ppp1nppp/2n1P1b1/bB4N1/5BP1/P1N1Q2P/1PPR4/4K2R b K - 0 18
a7a6,r1q2rk1/ppp1n1pp/2n1Ppb1/bB6/5BP1/P1N1QN1P/1PPR4/4K2R b K - 1 19
b7b5,r1q2rk1/1pp1n1pp/p1n1Ppb1/b7/2B2BP1/P1N1QN1P/1PPR4/4K2R b K - 1 20
b5b4,r1q2rk1/2p1n1pp/p1n1Ppb1/bp6/5BP1/P1N1QN1P/BPPR4/4K2R b K - 1 21
c6b4,r1q2rk1/2p1n1pp/p1n1Ppb1/b7/1P3BP1/2N1QN1P/BPPR4/4K2R b K - 0 22
c8b7,r1q2rk1/2p1n1pp/p3Ppb1/b7/1n3BP1/1BN1QN1P/1PPR4/4K2R b K - 1 23
a8e8,r4rk1/1qp1n1pp/p3Ppb1/b7/1n3BP1/1BN1QN1P/1PPRK3/7R b - - 3 24
a5b6,4rrk1/1qp1n1pp/p3Ppb1/b7/1n3BP1/1BN1QN1P/1PPRK3/3R4 b - - 5 25
f6f5,4rrk1/1qp1n1pp/pb2Ppb1/8/1n1N1BP1/1BN1Q2P/1PPRK3/3R4 b - - 7 26
f5g4,4rrk1/1qp1n1pp/pb2P1b1/5p2/1n1N1BP1/1BN1Q2P/1PPR1K2/3R4 b - - 1 27
c7c5,4rrk1/1qp1n1pp/pb2P1b1/8/1n1N1BP1/1BN1Q3/1PPR1K2/3R4 b - - 0 28
c5c4,4rrk1/1q2n1pp/pb2P1b1/2p5/1n3BP1/1BN1QN2/1PPR1K2/3R4 b - - 1 29
c2c4,r1b2rk1/pp2qppp/2n1pn2/b1Pp4/8/P3PN2/1BP1BPPP/RN1Q1RK1 w - - 1 10
d1a4,r1b2rk1/pp2qppp/2n1pn2/b1P5/2p5/P3PN2/1B2BPPP/RN1Q1RK1 w - - 0 11
a4c4,r1b2rk1/pp2qppp/2n1p3/b1P5/Q1p1n3/P3PN2/1B2BPPP/RN3RK1 w - - 2 12
b1c3,r1b2rk1/pp2qppp/2n1p3/b1n5/2Q5/P3PN2/1B2BPPP/RN3RK1 w - - 0 13
c3d5,r1b2rk1/pp2qppp/2n5/b1n1p3/2Q5/P1N1PN2/1B2BPPP/R4RK1 w - - 0 14
f1d1,r1b2rk1/pp3ppp/2nq4/b1nNp3/2Q5/P3PN2/1B2BPPP/R4RK1 w - - 2 15
f3g5,r4rk1/pp3ppp/2nqb3/b1nNp3/2Q5/P3PN2/1B2BPPP/R2R2K1 w - - 4 16
c4h4,r4rk1/pp3ppp/1bnqb3/2nNp1N1/2Q5/P3P3/1B2BPPP/R2R2K1 w - - 6 17
d5b6,r4rk1/pp3ppp/1bnq4/2nNpbN1/7Q/P3P3/1B2BPPP/R2R2K1 w - - 8 18
b6a8,r4rk1/pp2qppp/1Nn5/2n1pbN1/7Q/P3P3/1B2BPPP/R2R2K1 w - - 1 19
g5f3,r5k1/pp2qppp/2n5/2n1pbN1/7Q/P3P3/1B2BPPP/R2R2K1 w - - 0 20
a1c1,r5k1/ppq2ppp/2n5/2n1pb2/7Q/P3PN2/1B2BPPP/R2R2K1 w - - 2 21
c1c3,r5k1/ppq2ppp/2n5/4pb2/7Q/Pn2PN2/1B2BPPP/2RR2K1 w - - 4 22
b2a1,r5k1/pp3ppp/1qn5/4pb2/7Q/PnR1PN2/1B2BPPP/3R2K1 w - - 6 23
f3g5,r5k1/pp3ppp/1qn1b3/4p3/7Q/PnR1PN2/4BPPP/B2R2K1 w - - 8 24
e2d3,r5k1/pp3ppp/1qn5/4pbN1/7Q/PnR1P3/4BPPP/B2R2K1 w - - 10 25
d3e2,3r2k1/pp3ppp/1qn5/4pbN1/7Q/PnRBP3/5PPP/B2R2K1 w - - 12 26
e2d1,6k1/pp3ppp/1qn5/4pbN1/7Q/PnR1P3/4BPPP/B2r2K1 w - - 0 27
d1b3,3q2k1/pp3ppp/2n5/4pbN1/7Q/PnR1P3/5PPP/B2B2K1 w - - 1 28
c2c4,r2qr1k1/ppp2ppp/2n2n2/b2p1b2/8/P3PN2/1BPPBPPP/RN1Q1RK1 w - - 1 10
e2c4,r2qr1k1/ppp2ppp/2n2n2/b4b2/2p5/P3PN2/1B1PBPPP/RN1Q1RK1 w - - 0 11
d1b3,r2qr1k1/ppp2ppp/2n5/b4b2/2B1n3/P3PN2/1B1P1PPP/RN1Q1RK1 w - - 1 12
c4e2,r2qr1k1/ppp2ppp/2nn4/b4b2/2B5/PQ2PN2/1B1P1PPP/RN3RK1 w - - 3 13
b3a4,r2qr1k1/ppp2ppp/2nnb3/b7/8/PQ2PN2/1B1PBPPP/RN3RK1 w - - 5 14
d2d4,r2qr1k1/ppp2ppp/1bnnb3/8/Q7/P3PN2/1B1PBPPP/RN3RK1 w - - 7 15
b1c3,r2qr1k1/ppp2ppp/1bnn4/3b4/Q2P4/P3PN2/1B2BPPP/RN3RK1 w - - 1 16
c3d5,r2qr1k1/ppp2ppp/1bn5/3b4/Q2Pn3/P1N1PN2/1B2BPPP/R4RK1 w - - 3 17
e2c4,r3r1k1/ppp2ppp/1bn5/3q4/Q2Pn3/P3PN2/1B2BPPP/R4RK1 w - - 0 18
f1d1,r3r1k1/ppp2ppp/1bn5/5q2/Q1BPn3/P3PN2/1B3PPP/R4RK1 w - - 2 19
d4d5,3rr1k1/ppp2ppp/1bn5/5q2/Q1BPn3/P3PN2/1B3PPP/R2R2K1 w - - 4 20
c4b5,3rr1k1/ppp2ppp/1b6/n2P1q2/Q1B1n3/P3PN2/1B3PPP/R2R2K1 w - - 1 21
b5e8,3rr1k1/ppp2ppp/1b6/nB1P1q2/Q7/P3PN2/1B3nPP/R2R2K1 w - - 0 22
a1d1,3rB1k1/ppp2ppp/1b6/n2P1q2/Q7/P3PN2/1B4PP/R2n2K1 w - - 0 23
d5c6,3rB1k1/pp3ppp/1bp5/n2P1q2/Q7/P3PN2/1B4PP/3R2K1 w - - 0 24
c6b7,4r1k1/pp3ppp/1bP5/n4q2/Q7/P3PN2/1B4PP/3R2K1 w - - 0 25
b2d4,5rk1/pP3ppp/1b6/n4q2/Q7/P3PN2/1B4PP/3R2K1 w - - 1 26
d4b6,5rk1/pn3ppp/1b6/5q2/Q2B4/P3PN2/6PP/3R2K1 w - - 0 27
a4f4,5rk1/1n3ppp/1p6/5q2/Q7/P3PN2/6PP/3R2K1 w - - 0 28
d1d7,5rk1/1n3ppp/1p6/8/5Q2/P3PN2/2q3PP/3R2K1 w - - 2 29
d6c5,2kr2nr/ppp1qppp/3b4/8/3nP3/2NQ4/PPPN1PPP/R1B1K2R b KQ - 2 10
d8d5,2kr2nr/ppp1qppp/8/2bN4/3nP3/3Q4/PPPN1PPP/R1B1K2R b KQ - 4 11
c1e3,r2q1rk1/pp1nbppp/3pbn2/4p3/2P1P3/1NNB4/PP3PPP/R1BQ1RK1 w - - 5 10
c3d5,2rq1rk1/pp1nbppp/3pbn2/4p3/2P1P3/1NNBB3/PP3PPP/R2Q1RK1 w - - 7 11
c4d5,2rq1rk1/pp1nbppp/3p1n2/3bp3/2P1P3/1N1BB3/PP3PPP/R2Q1RK1 w - - 0 12
b3c5,2rq1rk1/pp2bppp/3p1n2/2nPp3/4P3/1N1BB3/PP3PPP/R2Q1RK1 w - - 1 13
b2b3,2rq1rk1/pp2bppp/5n2/2pPp3/4P3/3BB3/PP3PPP/R2Q1RK1 w - - 0 14
a1c1,2rq1rk1/pp3ppp/3b1n2/2pPp3/4P3/1P1BB3/P4PPP/R2Q1RK1 w - - 1 15
a2a4,2rq1rk1/1p3ppp/p2b1n2/2pPp3/4P3/1P1BB3/P4PPP/2RQ1RK1 w - - 0 16
d1e2,2r2rk1/1p3ppp/p2b1n2/q1pPp3/P3P3/1P1BB3/5PPP/2RQ1RK1 w - - 1 17
e3d2,2r2rk1/5ppp/p2b1n2/qppPp3/P3P3/1P1BB3/4QPPP/2R2RK1 w - - 0 18
d2e3,2r2rk1/5ppp/pq1b1n2/1ppPp3/P3P3/1P1B4/3BQPPP/2R2RK1 w - - 2 19
e3g5,2r2rk1/5ppp/p2b1n2/qppPp3/P3P3/1P1BB3/4QPPP/2R2RK1 w - - 4 20
g5f6,2r2rk1/5ppp/p2b1n2/qp1Pp1B1/P1p1P3/1P1B4/4QPPP/2R2RK1 w - - 0 21
e2g4,2r2rk1/5ppp/p2b1B2/qp1Pp3/P3P3/1P1p4/4QPPP/2R2RK1 w - - 0 22
c1c8,2r2rk1/5p1p/p2b1Bp1/qp1Pp3/P3P1Q1/1P1p4/5PPP/2R2RK1 w - - 0 23
c8f8,2R2rk1/5p1p/p2b1Bp1/1p1Pp3/P3P1Q1/1P1p4/3q1PPP/5RK1 w - - 1 24
a4b5,5bk1/5p1p/p4Bp1/1p1Pp3/P3P1Q1/1P1p4/3q1PPP/5RK1 w - - 0 25
g4c8,5bk1/5p2/p4Bp1/1P1Pp2p/4P1Q1/1P1p4/3q1PPP/5RK1 w - - 0 26
b5a6,2Q2bk1/5p2/p4Bp1/1P1Pp2p/1q2P3/1P1p4/5PPP/5RK1 w - - 2 27
a6a7,2Q2bk1/5p2/P4Bp1/3Pp2p/1q2P3/1P6/3p1PPP/5RK1 w - - 0 28
c8c4,2Q2bk1/P4p2/5Bp1/1q1Pp2p/4P3/1P6/3p1PPP/5RK1 w - - 1 29
a5c6,r2qkbnr/1b1p1ppp/p3p3/n7/Pp1NP3/5B2/1PP2PPP/RNBQR1K1 b kq - 1 10
d7d6,r2qkbnr/1b1p1ppp/p1n1p3/8/Pp1NP3/4BB2/1PP2PPP/RN1QR1K1 b kq - 3 11
g8f6,r2qkbnr/1b3ppp/p1npp3/8/Pp1NP3/4BB2/1PPN1PPP/R2QR1K1 b kq - 1 12
a8c8,r2qkb1r/1b3ppp/p1nppn2/8/Pp1NP3/1N2BB2/1PP2PPP/R2QR1K1 b kq - 3 13
c6e5,2rqkb1r/1b3ppp/p1nppn2/8/Pp1NP3/1N1QBB2/1PP2PPP/R3R1K1 b k - 5 14
f8e7,2rqkb1r/1b3ppp/p2ppn2/4n3/Pp1NP3/1N2BB2/1PP1QPPP/R3R1K1 b k - 7 15
d8c7,2rqk2r/1b2bppp/p2ppn2/4n1B1/Pp1NP3/1N3B2/1PP1QPPP/R3R1K1 b k - 9 16
h7h6,2r1k2r/1bq1bppp/p2ppn2/P3n1B1/1p1NP3/1N3B2/1PP1QPPP/R3R1K1 b k - 0 17
g7g5,2r1k2r/1bq1bpp1/p2ppn1p/P3n3/1p1NP2B/1N3B2/1PP1QPPP/R3R1K1 b k - 1 18
g5g4,2r1k2r/1bq1bp2/p2ppn1p/P3n1p1/1p1NP3/1N3BB1/1PP1QPPP/R3R1K1 b k - 1 19
d6e5,2r1k2r/1bq1bp2/p2ppn1p/P3B3/1p1NP1p1/1N3B2/1PP1QPPP/R3R1K1 b k - 0 20
f7e6,2r1k2r/1bq1bp2/p3Nn1p/P3p3/1p2P1p1/1N3B2/1PP1QPPP/R3R1K1 b k - 0 21
e8f7,2r1k2r/1bq1b3/p3pn1p/P3p3/1p2P1B1/1N6/1PP1QPPP/R3R1K1 b k - 0 22
f7g7,2r4r/1bq1bk2/p3pn1p/P3p2B/1p2P3/1N6/1PP1QPPP/R3R1K1 b - - 2 23
f6h5,2r4r/1bq1b1k1/p3pn1p/P3p2B/1p2P3/1N3Q2/1PP2PPP/R3R1K1 b - - 4 24
c7c2,2r4r/1bq1b1k1/p3p2p/P3p2Q/1p2P3/1N6/1PP2PPP/R3R1K1 b - - 0 25
e7g5,2r4r/1b2b1k1/p3p2p/P3p3/1p2P1Q1/1N6/1Pq2PPP/R3R1K1 b - - 1 26
h8e8,2r4r/1b4k1/p3Q2p/P3p1b1/1p2P3/1N6/1Pq2PPP/R3R1K1 b - - 0 27
e8e7,2r1r3/1b1Q2k1/p6p/P3p1b1/1p2P3/1N6/1Pq2PPP/R3R1K1 b - - 2 28
c8f8,2r5/1b2r1k1/p6p/P3p1b1/1p2P1Q1/1N6/1Pq2PPP/R3R1K1 b - - 4 29
d6e5,rn1q1rk1/1bp1bppp/3ppn2/p3P3/1p1P4/P2B1N2/1PPNQPPP/R1B2RK1 b - - 0 10
f6d5,rn1q1rk1/1bp1bppp/4pn2/p3P3/1p6/P2B1N2/1PPNQPPP/R1B2RK1 b - - 0 11
h7h6,rn1q1rk1/1bp1bppp/4p3/p2nP3/1p2N3/P2B1N2/1PP1QPPP/R1B2RK1 b - - 2 12
a5b4,rn1q1rk1/1bp1bpp1/4p2p/p2nP3/1P2N3/3B1N2/1PP1QPPP/R1B2RK1 b - - 0 13
b7a8,Rn1q1rk1/1bp1bpp1/4p2p/3nP3/1p2N3/3B1N2/1PP1QPPP/2B2RK1 b - - 0 14
c7c5,bn1q1rk1/2p1bpp1/4p2p/3nP3/1p2N3/3B1N2/1PPBQPPP/5RK1 b - - 1 15
b8c6,bn1q1rk1/4bpp1/4p2p/2pnP3/1p2N3/3B1N2/1PPBQPPP/R5K1 b - - 1 16
d5b6,b2q1rk1/4bpp1/2n1p2p/2pnP3/1pB1N3/5N2/1PPBQPPP/R5K1 b - - 3 17
c6d4,b2q1rk1/4bpp1/1nn1p2p/1Bp1P3/1p2N3/5N2/1PPBQPPP/R5K1 b - - 5 18
d8d4,b2q1rk1/4bpp1/1n2p2p/1Bp1P3/1p1NN3/8/1PPBQPPP/R5K1 b - - 0 19
d4e4,b4rk1/4bpp1/1n2p2p/1Bp1P3/1p1qN3/2P5/1P1BQPPP/R5K1 b - - 0 20
b7c6,r1bq1rk1/pp2bppp/2B2n2/2p5/3p4/2NPBN2/PPP2PPP/R2Q1RK1 b - - 0 10
d4c3,r1bq1rk1/p3bppp/2p2n2/2p3B1/3p4/2NP1N2/PPP2PPP/R2Q1RK1 b - - 1 11
f1d3,r2q1rk1/ppp1bpp1/2n2n1p/3p4/3P2bB/P1N1P3/1PQ2PPP/R3KBNR w KQ - 1 10
g1e2,r2qr1k1/ppp1bpp1/2n2n1p/3p4/3P2bB/P1NBP3/1PQ2PPP/R3K1NR w KQ - 3 11
d3e2,r2qr1k1/ppp1bpp1/2n2n1p/3p4/3P3B/P1NBP3/1PQ1bPPP/R3K2R w KQ - 0 12
h4e7,r2qr1k1/ppp1bpp1/2n4p/3p4/3Pn2B/P1N1P3/1PQ1BPPP/R3K2R w KQ - 1 13
c3e4,r2q2k1/ppp1rpp1/2n4p/3p4/3Pn3/P1N1P3/1PQ1BPPP/R3K2R w KQ - 0 14
a1c1,r2q2k1/ppp2pp1/2n4p/3p4/3Pr3/P3P3/1PQ1BPPP/R3K2R w KQ - 0 15
c1d1,r5k1/ppp1qpp1/2n4p/3p4/3Pr3/P3P3/1PQ1BPPP/2R1K2R w K - 2 16
d1d2,4r1k1/ppp1qpp1/2n4p/3p4/3Pr3/P3P3/1PQ1BPPP/3RK2R w K - 4 17
g2g3,4r1k1/ppp1q1p1/2n4p/3p1p2/3Pr3/P3P3/1PQRBPPP/4K2R w K - 0 18
c2b3,4r1k1/ppp1q3/2n4p/3p1pp1/3Pr3/P3P1P1/1PQRBP1P/4K2R w K - 0 19
e1g1,4r1k1/ppp5/2n1q2p/3p1pp1/3Pr3/PQ2P1P1/1P1RBP1P/4K2R w K - 2 20
d2d4,4r1k1/ppp5/4q2p/3p1pp1/3nr3/PQ2P1P1/1P1RBP1P/5RK1 w - - 0 21
e3d4,4r1k1/ppp5/4q2p/3p1pp1/3r4/PQ2P1P1/1P2BP1P/5RK1 w - - 0 22
b3d5,4r1k1/ppp5/7p/3p1pp1/3P4/PQ4P1/1P2qP1P/5RK1 w - - 0 23
d5b7,4r1k1/ppp5/4q2p/3Q1pp1/3P4/P5P1/1P3P1P/5RK1 w - - 1 24
b7c7,4r1k1/pQp5/4q2p/6p1/3P1p2/P5P1/1P3P1P/5RK1 w - - 0 25
c7b7,4r1k1/p1Q5/4q2p/6p1/3P4/P4pP1/1P3P1P/5RK1 w - - 0 26
g1h1,5rk1/pQ6/4q2p/6p1/3P4/P4pP1/1P3P1P/5RK1 w - - 2 27
f1g1,5rk1/pQ6/7p/6p1/3P4/P4pPq/1P3P1P/5R1K w - - 4 28
b7a7,5rk1/pQ6/7p/8/3P2p1/P4pPq/1P3P1P/6RK w - - 0 29
