f3d4,r3kb1r/pp1bnppp/1q2p3/3pP3/3n4/3B1N2/PP1N1PPP/R1BQ1RK1 w kq - 2 10
d2f3,r3kb1r/pp1bnppp/4p3/3pP3/3q4/3B4/PP1N1PPP/R1BQ1RK1 w kq - 0 11
c1e3,r3kb1r/pp1bnppp/1q2p3/3pP3/8/3B1N2/PP3PPP/R1BQ1RK1 w kq - 2 12
a1c1,r3kb1r/ppqbnppp/4p3/3pP3/8/3BBN2/PP3PPP/R2Q1RK1 w kq - 4 13
a2a3,r3kb1r/ppqb1ppp/2n1p3/3pP3/8/3BBN2/PP3PPP/2RQ1RK1 w kq - 6 14
b2b4,r3k2r/ppqbbppp/2n1p3/3pP3/8/P2BBN2/1P3PPP/2RQ1RK1 w kq - 1 15
h2h4,r3k2r/1pqbbppp/p1n1p3/3pP3/1P6/P2BBN2/5PPP/2RQ1RK1 w kq - 0 16
d1e2,r3k2r/1pqbbpp1/p1n1p2p/3pP3/1P5P/P2BBN2/5PP1/2RQ1RK1 w kq - 0 17
h4g5,r3k2r/1pqbbp2/p1n1p2p/3pP1p1/1P5P/P2BBN2/4QPP1/2R2RK1 w kq - 0 18
g2g4,r3k2r/1pqbbp2/p1n1p3/3pP1p1/1P6/P2BBN2/4QPP1/2R2RK1 w kq - 0 19
b4b5,2kr3r/1pqbbp2/p1n1p3/3pP1p1/1P4P1/P2BBN2/4QP2/2R2RK1 w - - 1 20
d3b5,2kr3r/1pqbbp2/2n1p3/1p1pP1p1/6P1/P2BBN2/4QP2/2R2RK1 w - - 0 21
g1g2,2kr4/1pqbbp2/2n1p3/1B1pP1p1/6P1/P3BN1r/4QP2/2R2RK1 w - - 1 22
f1h1,2k4r/1pqbbp2/2n1p3/1B1pP1p1/6P1/P3BN1r/4QPK1/2R2R2 w - - 3 23
c1h1,2k4r/1pqbbp2/2n1p3/1B1pP1p1/6P1/P3BN2/4QPK1/2R4r w - - 0 24
g2h1,2k5/1pqbbp2/2n1p3/1B1pP1p1/6P1/P3BN2/4QPK1/7r w - - 0 25
f3e5,2k5/1pqbbp2/4p3/1B1pn1p1/6P1/P3BN2/4QP2/7K w - - 0 26
b5d7,2k5/1p1bbp2/4p3/1B1pq1p1/6P1/P3B3/4QP2/7K w - - 0 27
e2b5,8/1p1kbp2/4p3/3pq1p1/6P1/P3B3/4QP2/7K w - - 0 28
b5e8,2k5/1p2bp2/4p3/1Q1pq1p1/6P1/P3B3/5P2/7K w - - 2 29
h6f7,r1bq1rk1/p2pp1bp/2p2ppn/8/3PP3/5N1P/PP3PP1/RNBQR1K1 b - - 0 10
d7d6,r1bq1rk1/p2ppnbp/2p2pp1/8/3PP3/2N2N1P/PP3PP1/R1BQR1K1 b - - 2 11
d8a5,r1bq1rk1/p3pnbp/2pp1pp1/8/3PP3/1PN2N1P/P4PP1/R1BQR1K1 b - - 0 12
c8d7,r1b2rk1/p3pnbp/2pp1pp1/q7/3PP3/1PN2N1P/PB3PP1/R2QR1K1 b - - 2 13
e7e5,r4rk1/p2bpnbp/2pp1pp1/q7/3PP3/1P3N1P/PB2NPP1/R2QR1K1 b - - 4 14
d7e6,r4rk1/p2b1nbp/2pp1pp1/q3p3/3PP3/1P5P/PB1NNPP1/R2QR1K1 b - - 1 15
a5a6,r4rk1/p4nbp/2ppbpp1/q3p3/3PP3/1P5P/PBQNNPP1/R3R1K1 b - - 3 16
a8c8,r4rk1/p4nbp/q1ppbpp1/4p3/2NPP3/1P5P/PBQ1NPP1/R3R1K1 b - - 5 17
f8e8,2r2rk1/p4nbp/q1ppbpp1/4p3/3PP3/1P2N2P/PBQ1NPP1/R3R1K1 b - - 7 18
a6b7,2r1r1k1/p4nbp/q1ppbpp1/4p3/3PP3/PP2N2P/1BQ1NPP1/R3R1K1 b - - 0 19
g7h6,2r1r1k1/pq3nbp/2ppbpp1/4p3/1P1PP3/P3N2P/1BQ1NPP1/R3R1K1 b - - 0 20
e6g4,2r1r1k1/pq3n1p/2ppbppb/4p3/1P1PP1N1/P6P/1BQ1NPP1/R3R1K1 b - - 2 21
f7g5,2r1r1k1/pq3n1p/2pp1ppb/4p3/1P1PP1P1/P7/1BQ1NPP1/R3R1K1 b - - 0 22
g5e6,2r1r1k1/pq5p/2pp1ppb/4p1n1/1P1PP1P1/P7/1BQ1NPP1/3RR1K1 b - - 2 23
d6e5,2r1r1k1/pq5p/2ppnppb/4P3/1P2P1P1/P7/1BQ1NPP1/3RR1K1 b - - 0 24
b7f7,2r1r1k1/pq5p/2p1nppb/4p3/1PQ1P1P1/P7/1B2NPP1/3RR1K1 b - - 1 25
c6c5,2r1r1k1/p4q1p/2pRnppb/4p3/1PQ1P1P1/P7/1B2NPP1/4R1K1 b - - 3 26
c8d8,2r1r1k1/p4q1p/3Rnppb/1Pp1p3/2Q1P1P1/P7/1B2NPP1/4R1K1 b - - 0 27
e6d4,3rr1k1/p4q1p/3Rnppb/1Pp1p3/2Q1P1P1/P7/1B2NPP1/3R2K1 b - - 2 28
g8f7,3rr1k1/p4Q1p/3R1ppb/1Pp1p3/3nP1P1/P7/1B2NPP1/3R2K1 b - - 0 29
c1e3,r1bqk2r/1p1nbppp/p1npp3/8/3NP1P1/2N4P/PPP2PB1/R1BQ1RK1 w kq - 5 10
f2f4,r1bq1rk1/1p1nbppp/p1npp3/8/3NP1P1/2N1B2P/PPP2PB1/R2Q1RK1 w - - 7 11
d1d4,r1bq1rk1/1p1nbppp/p2pp3/8/3nPPP1/2N1B2P/PPP3B1/R2Q1RK1 w - - 0 12
d4d2,r1bq1rk1/1p1nbppp/p2p4/4p3/3QPPP1/2N1B2P/PPP3B1/R4RK1 w - - 0 13
e3f4,r1bq1rk1/1p1nbppp/p2p4/8/4PpP1/2N1B2P/PPPQ2B1/R4RK1 w - - 0 14
c3d5,r1bq1rk1/1p2bppp/p2p4/4n3/4PBP1/2N4P/PPPQ2B1/R4RK1 w - - 1 15
d5e7,r2q1rk1/1p2bppp/p2pb3/3Nn3/4PBP1/7P/PPPQ2B1/R4RK1 w - - 3 16
a1d1,r4rk1/1p2qppp/p2pb3/4n3/4PBP1/7P/PPPQ2B1/R4RK1 w - - 0 17
a2a4,r2r2k1/1p2qppp/p2pb3/4n3/4PBP1/7P/PPPQ2B1/3R1RK1 w - - 2 18
b2b3,2rr2k1/1p2qppp/p2pb3/4n3/P3PBP1/7P/1PPQ2B1/3R1RK1 w - - 1 19
f1f2,2rr2k1/1pq2ppp/p2pb3/4n3/P3PBP1/1P5P/2PQ2B1/3R1RK1 w - - 1 20
a4b5,2rr2k1/2q2ppp/p2pb3/1p2n3/P3PBP1/1P5P/2PQ1RB1/3R2K1 w - - 0 21
d2b4,2rr2k1/2q2ppp/3pb3/1p2n3/4PBP1/1P5P/2PQ1RB1/3R2K1 w - - 0 22
b4d4,2rr2k1/5ppp/1q1pb3/1p2n3/1Q2PBP1/1P5P/2P2RB1/3R2K1 w - - 2 23
f2d2,2rr2k1/2q2ppp/3pb3/1p2n3/3QPBP1/1P5P/2P2RB1/3R2K1 w - - 4 24
d4b4,2rr2k1/2q3pp/3pbp2/1p2n3/3QPBP1/1P5P/2PR2B1/3R2K1 w - - 0 25
g1h1,2rr2k1/6pp/1q1pbp2/1p2n3/1Q2PBP1/1P5P/2PR2B1/3R2K1 w - - 2 26
g4g5,3r2k1/6pp/1qrpbp2/1p2n3/1Q2PBP1/1P5P/2PR2B1/3R3K w - - 4 27
b4c5,3r2k1/6pp/2rpbp2/1pq1n1P1/1Q2PB2/1P5P/2PR2B1/3R3K w - - 1 28
g5f6,3r2k1/6pp/3pbp2/1pr1n1P1/4PB2/1P5P/2PR2B1/3R3K w - - 0 29
d6d5,r1bq1rk1/p3npbp/2pp2p1/2P1p3/4P3/2P2N1P/PP3PP1/RNBQR1K1 b - - 0 10
d8d5,r1bq1rk1/p3npbp/2p3p1/2PPp3/8/2P2N1P/PP3PP1/RNBQR1K1 b - - 0 11
e7d5,r1b2rk1/p3npbp/2p3p1/2PQp3/8/2P2N1P/PP3PP1/RNB1R1K1 b - - 0 12
f8e8,r1b2rk1/p4pbp/2p3p1/2PnN3/8/2P4P/PP3PP1/RNB1R1K1 b - - 0 13
c8f5,r1b1r1k1/p4pbp/2p3p1/2Pn4/8/2P2N1P/PP3PP1/RNB1R1K1 b - - 2 14
e8e1,r3r1k1/p4pbp/2p3p1/2Pn1b2/8/N1P2N1P/PP3PP1/R1B1R1K1 b - - 4 15
d5c3,r5k1/p4pbp/2p3p1/2Pn1b2/8/N1P4P/PP3PP1/R1B1N1K1 b - - 0 16
c3e2,r5k1/p4pbp/2p3p1/2P2b2/2N5/2n4P/PP3PP1/R1B1N1K1 b - - 1 17
f5e6,r5k1/p4pbp/2p3p1/2P2b2/2N5/7P/PP2nPP1/R1B1NK2 b - - 3 18
e2d4,r5k1/p4pbp/2p1b1p1/N1P5/8/7P/PP2nPP1/R1B1NK2 b - - 5 19
d4f5,r5k1/p4pbp/2p1b1p1/N1P5/3n4/4B2P/PP3PP1/R3NK2 b - - 7 20
a8c8,r5k1/p4pbp/2N1b1p1/2P2n2/8/4B2P/PP3PP1/R3NK2 b - - 0 21
f5e3,2r3k1/N4pbp/4b1p1/2P2n2/8/4B2P/PP3PP1/R3NK2 b - - 0 22
c8c5,2r3k1/N4pbp/4b1p1/2P5/8/4P2P/PP4P1/R3NK2 b - - 0 23
c5c7,6k1/N4pbp/4b1p1/2r5/8/4P2P/PP4P1/3RNK2 b - - 1 24
g7f8,3R2k1/N1r2pbp/4b1p1/8/8/4P2P/PP4P1/4NK2 b - - 3 25
g8g7,R4bk1/N1r2p1p/4b1p1/8/8/4P2P/PP4P1/4NK2 b - - 5 26
c7c1,R4b2/N1r2pkp/4b1p1/8/P7/4P2P/1P4P1/4NK2 b - - 0 27
f8b4,R4b2/N4pkp/4b1p1/8/P7/4P2P/1P2K1P1/2r1N3 b - - 2 28
c1c2,R7/N4pkp/4b1p1/8/Pb6/4PN1P/1P2K1P1/2r5 b - - 4 29
e4f5,r2qk2r/p1p1nppp/2pp4/2b2bB1/4P3/8/PPP2PPP/RN1Q1RK1 w kq - 0 10
d1h5,r2qk2r/p1p1n1pp/2pp1p2/2b2PB1/8/8/PPP2PPP/RN1Q1RK1 w kq - 0 11
g5e3,r2q1k1r/p1p1n1pp/2pp1p2/2b2PBQ/8/8/PPP2PPP/RN3RK1 w - - 2 12
f1e1,r2q1k1r/p1p1n1pp/1bpp1p2/5P1Q/8/4B3/PPP2PPP/RN3RK1 w - - 4 13
h5h3,r3qk1r/p1p1n1pp/1bpp1p2/5P1Q/8/4B3/PPP2PPP/RN2R1K1 w - - 6 14
e3d2,r3qk1r/p1p3pp/1bpp1p2/3n1P2/8/4B2Q/PPP2PPP/RN2R1K1 w - - 8 15
b1c3,r4k1r/p1pq2pp/1bpp1p2/3n1P2/8/7Q/PPPB1PPP/RN2R1K1 w - - 10 16
e1e6,r4k1r/p1pqn1pp/1bpp1p2/5P2/8/2N4Q/PPPB1PPP/R3R1K1 w - - 12 17
a1e1,r4k1r/p1pqn1pp/2ppRp2/5P2/3b4/2N4Q/PPPB1PPP/R5K1 w - - 14 18
c3d5,r4k1r/p1pq2pp/2ppRp2/3n1P2/3b4/2N4Q/PPPB1PPP/4R1K1 w - - 16 19
c2c3,r4k1r/p1pq2pp/3pRp2/3p1P2/3b4/7Q/PPPB1PPP/4R1K1 w - - 0 20
h3g3,r4k1r/p1pq2pp/1b1pRp2/3p1P2/8/2P4Q/PP1B1PPP/4R1K1 w - - 1 21
g3h4,r4kr1/p1pq2pp/1b1pRp2/3p1P2/8/2P3Q1/PP1B1PPP/4R1K1 w - - 3 22
h4h7,r4kr1/p1p3pp/1b1pRp2/1q1p1P2/7Q/2P5/PP1B1PPP/4R1K1 w - - 5 23
d2e3,r4kr1/p1p3pQ/1b1pRp2/3p1P2/8/2Pq4/PP1B1PPP/4R1K1 w - - 1 24
h2h3,r4kr1/p5pQ/1b1pRp2/2pp1P2/8/2PqB3/PP3PPP/4R1K1 w - - 0 25
c3d4,r4kr1/p5pQ/1b1pRp2/2p2P2/3p4/2PqB2P/PP3PP1/4R1K1 w - - 0 26
e3h6,r4kr1/p5pQ/1b1pRp2/5P2/3p4/3qB2P/PP3PP1/4R1K1 w - - 0 27
c3d5,rn2kb1r/1p3pp1/p2pbq2/4p2p/4P3/2N4P/PPP1NPP1/R2QKB1R w KQkq - 0 10
e2c3,rn1qkb1r/1p3pp1/p2pb3/3Np2p/4P3/7P/PPP1NPP1/R2QKB1R w KQkq - 2 11
f1c4,r2qkb1r/1p1n1pp1/p2pb3/3Np2p/4P3/2N4P/PPP2PP1/R2QKB1R w KQkq - 4 12
c4b3,2rqkb1r/1p1n1pp1/p2pb3/3Np2p/2B1P3/2N4P/PPP2PP1/R2QK2R w KQk - 6 13
e1g1,2rqkb1r/1p1n1p2/p2pb1p1/3Np2p/4P3/1BN4P/PPP2PP1/R2QK2R w KQk - 0 14
f2f4,2rqkb1r/1p3p2/p2pb1p1/2nNp2p/4P3/1BN4P/PPP2PP1/R2Q1RK1 w k - 2 15
d5f4,2rqkb1r/1p3p2/p2pb1p1/2nN3p/4Pp2/1BN4P/PPP3P1/R2Q1RK1 w k - 0 16
a2b3,2rqkb1r/1p3p2/p2p2p1/2n4p/4PN2/1bN4P/PPP3P1/R2Q1RK1 w k - 0 17
b3b4,2rqk2r/1p3pb1/p2p2p1/2n4p/4PN2/1PN4P/1PP3P1/R2Q1RK1 w k - 1 18
g1h1,2rqk2r/1p1n1pb1/p2p2p1/7p/1P2PN2/2N4P/1PP3P1/R2Q1RK1 w k - 1 19
f4d5,2rqk2r/1p3pb1/p2p2p1/4n2p/1P2PN2/2N4P/1PP3P1/R2Q1R1K w k - 3 20
d1d4,2rq1rk1/1p3pb1/p2p2p1/3Nn2p/1P2P3/2N4P/1PP3P1/R2Q1R1K w - - 5 21
d4e3,3q1rk1/1p3pb1/p2p2p1/3Nn2p/1PrQP3/2N4P/1PP3P1/R4R1K w - - 7 22
f1f4,5rk1/1p3pb1/p2p2p1/3Nn2p/1Pr1P2q/2N1Q2P/1PP3P1/R4R1K w - - 9 23
a1f1,5rk1/1p3pb1/p2p2p1/3Nn1qp/1Pr1PR2/2N1Q2P/1PP3P1/R6K w - - 11 24
e3e2,5r1k/1p3pb1/p2p2p1/3Nn1qp/1Pr1PR2/2N1Q2P/1PP3P1/5R1K w - - 13 25
d5b6,2r4k/1p3pb1/p2p2p1/3Nn1qp/1Pr1PR2/2N4P/1PP1Q1P1/5R1K w - - 15 26
b2c3,2r4k/1p3pb1/pN1p2p1/4n1qp/1P2PR2/2r4P/1PP1Q1P1/5R1K w - - 0 27
b6a4,7k/1p3pb1/pN1p2p1/4n1qp/1P2PR2/2r4P/2P1Q1P1/5R1K w - - 0 28
a4b2,7k/1p3pb1/p2p2p1/4n1qp/NP2PR2/r6P/2P1Q1P1/5R1K w - - 2 29
e3f2,rnbqr1k1/pp1n1pbp/3p2p1/2p5/3P1P2/2N1BN2/PPP1B1PP/R2QK2R w KQ - 2 10
e1g1,r1bqr1k1/pp1n1pbp/2np2p1/2p5/3P1P2/2N2N2/PPP1BBPP/R2QK2R w KQ - 4 11
d4d5,r1b1r1k1/pp1n1pbp/2np2p1/q1p5/3P1P2/2N2N2/PPP1BBPP/R2Q1RK1 w - - 6 12
f1e1,r1b1r1k1/pp1nnpbp/3p2p1/q1pP4/5P2/2N2N2/PPP1BBPP/R2Q1RK1 w - - 1 13
b2c3,r1b1r1k1/pp1nnp1p/3p2p1/q1pP4/5P2/2b2N2/PPP1BBPP/R2QR1K1 w - - 0 14
e2b5,r1b1r1k1/pp1nnp1p/3p2p1/2pP4/5P2/2q2N2/P1P1BBPP/R2QR1K1 w - - 0 15
b5d3,r1b1r1k1/1p1nnp1p/p2p2p1/1BpP4/5P2/2q2N2/P1P2BPP/R2QR1K1 w - - 0 16
f3g5,r1b1r1k1/1p2np1p/p2p1np1/2pP4/5P2/2qB1N2/P1P2BPP/R2QR1K1 w - - 2 17
a1b1,r3r1k1/1p2np1p/p2p1np1/2pP1bN1/5P2/2qB4/P1P2BPP/R2QR1K1 w - - 4 18
c2d3,r3r1k1/1p2np1p/p2p1np1/2pP2N1/5P2/2qb4/P1P2BPP/1R1QR1K1 w - - 0 19
g5e4,r3r1k1/4np1p/p2p1np1/1ppP2N1/5P2/2qP4/P4BPP/1R1QR1K1 w - - 0 20
d3e4,r3r1k1/4np1p/p2p2p1/1ppP4/4nP2/2qP4/P4BPP/1R1QR1K1 w - - 0 21
d1d2,r3r1k1/4np1p/p2p2p1/1ppP4/2q1PP2/8/P4BPP/1R1QR1K1 w - - 1 22
b1c1,3rr1k1/4np1p/p2p2p1/1ppP4/2q1PP2/8/P2Q1BPP/1R2R1K1 w - - 3 23
f2h4,3rr1k1/4np1p/p2p2p1/1ppP4/q3PP2/8/P2Q1BPP/2R1R1K1 w - - 5 24
h4f6,4r1k1/3rnp1p/p2p2p1/1ppP4/q3PP1B/8/P2Q2PP/2R1R1K1 w - - 7 25
e4e5,4rk2/3rnp1p/p2p1Bp1/1ppP4/q3PP2/8/P2Q2PP/2R1R1K1 w - - 9 26
e1e5,4rk2/3rnp1p/p4Bp1/1ppPp3/q4P2/8/P2Q2PP/2R1R1K1 w - - 0 27
e5e8,4rkn1/3r1p1p/p4Bp1/1ppPR3/q4P2/8/P2Q2PP/2R3K1 w - - 1 28
c1e1,4k1n1/3r1p1p/p4Bp1/1ppP4/q4P2/8/P2Q2PP/2R3K1 w - - 0 29
f6h7,r1bq1rk1/pp1nppb1/3p1np1/2pP2B1/2P1P3/2N3N1/PP3PPP/R2QKB1R b KQ - 0 10
d8b6,r1bq1rk1/pp1nppbn/3p2p1/2pP4/2P1P3/2N1B1N1/PP3PPP/R2QKB1R b KQ - 2 11
d7e5,r1b2rk1/pp1nppbn/1q1p2p1/2pP4/2P1P3/2N1B1N1/PP1Q1PPP/R3KB1R b KQ - 4 12
c8d7,r1b2rk1/pp2ppbn/1q1p2p1/2pPn3/2P1P3/2N1BPN1/PP1Q2PP/R3KB1R b KQ - 0 13
b6b4,r4rk1/pp1bppbn/1q1p2p1/2pPn3/2P1P3/2N1BPN1/PP1QB1PP/R3K2R b KQ - 2 14
b4b3,r4rk1/pp1bppbn/3p2p1/2pPn3/1qP1P3/P1N1BPN1/1P1QB1PP/R3K2R b KQ - 0 15
e5c4,r4rk1/pp1bppbn/3p2p1/2pPn3/2P1P3/PqN1BPN1/1P1QB1PP/2R1K2R b K - 2 16
b3c4,r4rk1/pp1bppbn/3p2p1/2pP4/2B1P3/PqN1BPN1/1P1Q2PP/2R1K2R b K - 0 17
g7h6,r4rk1/pp1bppbn/3p2pB/2pP4/2q1P3/P1N2PN1/1P1Q2PP/2R1K2R b K - 1 18
c4d4,r4rk1/pp1bpp1n/3p2pQ/2pP4/2q1P3/P1N2PN1/1P4PP/2R1K2R b K - 0 19
d4g7,r4rk1/pp1bpp1n/3p2pQ/2pP4/3qP3/P1N2P2/1P2N1PP/2R1K2R b K - 2 20
b7b5,r4rk1/pp1bppqn/3p2p1/2pP4/4P3/P1N1QP2/1P2N1PP/2R1K2R b K - 4 21
a7a5,r4rk1/p2bppqn/3p2p1/1ppP4/4P3/P1N1QP2/1P2N1PP/2R2RK1 b - - 1 22
b5b4,r4rk1/3bppqn/3p2p1/pppP4/4PP2/P1N1Q3/1P2N1PP/2R2RK1 b - - 0 23
d7b5,r4rk1/3bppqn/3p2p1/p1pP4/1p2PP2/P3Q3/1P2N1PP/2RN1RK1 b - - 1 24
f7f5,r4rk1/4ppqn/3p2p1/pbpP4/1p2PP2/P3Q3/1P2NRPP/2RN2K1 b - - 3 25
f8e8,r4rk1/4p1qn/3p2p1/pbpPPp2/1p3P2/P3Q3/1P2NRPP/2RN2K1 b - - 0 26
g8f7,r3r1k1/4p1qn/3p2p1/pbpPPp2/1p3P2/P3Q1N1/1P3RPP/2RN2K1 b - - 2 27
a8c8,r3r3/4pkqn/3p2p1/pbpPPp2/1p3P1P/P3Q1N1/1P3RP1/2RN2K1 b - - 0 28
d6e5,2r1r3/4pkqn/3p2p1/pbpPPp2/1p3P1P/P4QN1/1P3RP1/2RN2K1 b - - 2 29
a8c8,r2qkb1r/pp1b1ppp/4pn2/n2p4/3P1B2/2NBP3/PPQ2PPP/R3K1NR b KQkq - 1 10
f8e7,2rqkb1r/pp1b1ppp/4pn2/n2p4/3P1B2/2NBPN2/PPQ2PPP/R3K2R b KQk - 3 11
e8g8,2rqk2r/pp1bbppp/4pn2/n2p4/3P1B2/2NBPN2/PPQ2PPP/R4RK1 b k - 5 12
a5c6,2rq1rk1/pp1bbppp/4pn2/n2pN3/3P1B2/2NBP3/PPQ2PPP/R4RK1 b - - 7 13
c6e5,2rq1rk1/pp1bbppp/2n1pn2/3pN3/3P1B2/2NBP3/PP2QPPP/R4RK1 b - - 9 14
d7c6,2rq1rk1/pp1bbppp/4pn2/3pB3/3P4/2NBP3/PP2QPPP/R4RK1 b - - 0 15
h7h6,2rq1rk1/pp2bppp/2b1pn2/3pB3/3P4/2NBP3/PP2QPPP/2R2RK1 b - - 2 16
e7d6,2rq1rk1/pp2bpp1/2b1pn1p/3pB3/3P4/P1NBP3/1P2QPPP/2R2RK1 b - - 0 17
a7a6,2rq1rk1/pp3pp1/2bbpn1p/3pB3/3P1P2/P1NBP3/1P2Q1PP/2R2RK1 b - - 0 18
d8e7,2rq1rk1/1p3pp1/p1bbpn1p/3pB3/3P1P2/P1NBPQ2/1P4PP/2R2RK1 b - - 1 19
f6e4,2r2rk1/1p2qpp1/p1bbpn1p/3pB3/3P1P2/P1NBP2Q/1P4PP/2R2RK1 b - - 3 20
d5e4,2r2rk1/1p2qpp1/p1bbp2p/3pB3/3PBP2/P1N1P2Q/1P4PP/2R2RK1 b - - 0 21
e7d6,2r2rk1/1p2qpp1/p1bBp2p/8/3PpP2/P1N1P2Q/1P4PP/2R2RK1 b - - 0 22
e6f5,2r2rk1/1p3pp1/p1bqp2p/5P2/3Pp3/P1N1P2Q/1P4PP/2R2RK1 b - - 0 23
c8e8,2r2rk1/1p3pp1/p1bq3p/5Q2/3Pp3/P1N1P3/1P4PP/2R2RK1 b - - 0 24
g7g6,4rrk1/1p3pp1/p1bq3p/5Q2/3PpR2/P1N1P3/1P4PP/2R3K1 b - - 2 25
d6f6,4rrk1/1p3p2/p1bq1Qpp/8/3PpR2/P1N1P3/1P4PP/2R3K1 b - - 1 26
g8g7,4rrk1/1p3p2/p1b2Rpp/8/3Pp3/P1N1P3/1P4PP/2R3K1 b - - 0 27
e8e6,4rr2/1p3pk1/p1b2Rpp/8/3Pp3/P1N1P3/1P4PP/5RK1 b - - 2 28
f7e6,5r2/1p3pk1/p1b1R1pp/8/3Pp3/P1N1P3/1P4PP/5RK1 b - - 0 29
b1c3,r1b1k2r/ppp1nppp/5q2/3p4/1b1PP3/4B1P1/PP3PBP/RN1QK2R w KQkq - 1 10
e4e5,r1b2rk1/ppp1nppp/5q2/3p4/1b1PP3/2N1B1P1/PP3PBP/R2QK2R w KQ - 3 11
a2a3,r1b2rk1/ppp1nppp/q7/3pP3/1b1P4/2N1B1P1/PP3PBP/R2QK2R w KQ - 1 12
b2c3,r1b2rk1/ppp1nppp/q7/3pP3/3P4/P1b1B1P1/1P3PBP/R2QK2R w KQ - 0 13
d1d2,r4rk1/ppp1nppp/q7/3pPb2/3P4/P1P1B1P1/5PBP/R2QK2R w KQ - 1 14
h2h4,r4rk1/ppp1nppp/q7/3pP3/3P4/P1PbB1P1/3Q1PBP/R3K2R w KQ - 3 15
f2f4,r4rk1/ppp1n1pp/q4p2/3pP3/3P3P/P1PbB1P1/3Q1PB1/R3K2R w KQ - 0 16
e1f2,r4rk1/ppp1n1pp/q4p2/3pP3/2bP1P1P/P1P1B1P1/3Q2B1/R3K2R w KQ - 1 17
d4e5,r4rk1/ppp1n1pp/q7/3pp3/2bP1P1P/P1P1B1P1/3Q1KB1/R6R w - - 0 18
e3c5,r4rk1/pp2n1pp/q1p5/3pP3/2b2P1P/P1P1B1P1/3Q1KB1/R6R w - - 0 19
g2f3,4rrk1/pp2n1pp/q1p5/2BpP3/2b2P1P/P1P3P1/3Q1KB1/R6R w - - 2 20
c5d6,4r1k1/pp2nrpp/q1p5/2BpP3/2b2P1P/P1P2BP1/3Q1K2/R6R w - - 4 21
d6c5,4r1k1/pp3rpp/q1pB4/3pPn2/2b2P1P/P1P2BP1/3Q1K2/R6R w - - 6 22
c5d4,4r1k1/p4rpp/qpp5/2BpPn2/2b2P1P/P1P2BP1/3Q1K2/R6R w - - 0 23
e5e6,4r1k1/p4rpp/qp6/2ppPn2/2bB1P1P/P1P2BP1/3Q1K2/R6R w - - 0 24
d4e5,6k1/p4rpp/qp2r3/2pp1n2/2bB1P1P/P1P2BP1/3Q1K2/R6R w - - 0 25
c3d4,6k1/p4rpp/qp2r3/2p1Bn2/2bp1P1P/P1P2BP1/3Q1K2/R6R w - - 0 26
e5d4,6k1/p4rpp/qp2r3/2p1B3/2bn1P1P/P4BP1/3Q1K2/R6R w - - 0 27
f3g4,6k1/p2r2pp/qp2r3/2p5/2bB1P1P/P4BP1/3Q1K2/R6R w - - 1 28
g4e6,6k1/p5pp/qp2r3/2p5/2br1PBP/P5P1/3Q1K2/R6R w - - 0 29
g5e3,rnbq1rk1/ppp1npb1/3p2pp/3Pp1B1/2B1P3/2P2P2/PP2N1PP/RN1Q1RK1 w - - 0 10
d1d2,rnbq1rk1/ppp1n1b1/3p2pp/3Ppp2/2B1P3/2P1BP2/PP2N1PP/RN1Q1RK1 w - - 0 11
e3f2,rnbq1rk1/ppp1n1b1/3p2pp/3Pp3/2B1Pp2/2P1BP2/PP1QN1PP/RN3RK1 w - - 0 12
b1a3,r1bq1rk1/pppnn1b1/3p2pp/3Pp3/2B1Pp2/2P2P2/PP1QNBPP/RN3RK1 w - - 2 13
b2b4,r1bq1rk1/pppnn1b1/3p3p/3Pp1p1/2B1Pp2/N1P2P2/PP1QNBPP/R4RK1 w - - 0 14
g1h1,r1bq1rk1/pppn2b1/3p2np/3Pp1p1/1PB1Pp2/N1P2P2/P2QNBPP/R4RK1 w - - 1 15
f1g1,r1bq1rk1/ppp3b1/3p1nnp/3Pp1p1/1PB1Pp2/N1P2P2/P2QNBPP/R4R1K w - - 3 16
a1b1,r1bq2k1/ppp2rb1/3p1nnp/3Pp1p1/1PB1Pp2/N1P2P2/P2QNBPP/R5RK w - - 5 17
c4d3,r1bq1bk1/ppp2r2/3p1nnp/3Pp1p1/1PB1Pp2/N1P2P2/P2QNBPP/1R4RK w - - 7 18
c3c4,r1bq1bk1/ppp3r1/3p1nnp/3Pp1p1/1P2Pp2/N1PB1P2/P2QNBPP/1R4RK w - - 9 19
c4c5,r1bq1bk1/ppp3r1/3p1nnp/3Pp3/1PP1Ppp1/N2B1P2/P2QNBPP/1R4RK w - - 0 20
e2c3,r1bq1bk1/ppp3r1/3p1nn1/2PPp2p/1P2Ppp1/N2B1P2/P2QNBPP/1R4RK w - - 0 21
a3c4,r1bq1bk1/ppp3rn/3p2n1/2PPp2p/1P2Ppp1/N1NB1P2/P2Q1BPP/1R4RK w - - 2 22
d2e1,r1b2bk1/ppp3rn/3p2n1/2PPp1qp/1PN1Ppp1/2NB1P2/P2Q1BPP/1R4RK w - - 4 23
c5c6,r1b2bk1/ppp3r1/3p1nn1/2PPp1qp/1PN1Ppp1/2NB1P2/P4BPP/1R2Q1RK w - - 6 24
b1b3,r1b2bk1/p1p3r1/1pPp1nn1/3Pp1qp/1PN1Ppp1/2NB1P2/P4BPP/1R2Q1RK w - - 0 25
h2g3,r1b2bk1/p1p3r1/1pPp1nn1/3Pp1qp/1PN1Pp2/1RNB1Pp1/P4BPP/4Q1RK w - - 0 26
g3g4,r1b2bk1/p1p3r1/1pPp1nn1/3Pp1q1/1PN1Pp1p/1RNB1PP1/P4BP1/4Q1RK w - - 0 27
h1h2,r1b2bk1/p1p4r/1pPp1nn1/3Pp1q1/1PN1PpPp/1RNB1P2/P4BP1/4Q1RK w - - 1 28
d3f1,r1b3k1/p1p1b2r/1pPp1nn1/3Pp1q1/1PN1PpPp/1RNB1P2/P4BPK/4Q1R1 w - - 3 29
e7d6,r1bqkb1r/pp1npppp/3Pn3/PPp5/8/1QP5/3P1PPP/RNB1KBNR b KQkq - 0 10
d7f6,r1bqkb1r/pp1n1ppp/3pn3/PPp5/8/1QP2N2/3P1PPP/RNB1KB1R b KQkq - 1 11
d6d5,r1bqkb1r/pp3ppp/3pnn2/PPp5/8/1QP2NP1/3P1P1P/RNB1KB1R b KQkq - 0 12
c5c4,r1bqkb1r/pp3ppp/4nn2/PPpp4/8/1QP2NP1/3P1PBP/RNB1K2R b KQkq - 1 13
f8c5,r1bqkb1r/pp3ppp/4nn2/PP1p4/2p5/2P2NP1/2QP1PBP/RNB1K2R b KQkq - 1 14
e8g8,r1bqk2r/pp3ppp/4nn2/PPbp4/2p5/2P2NP1/2QP1PBP/RNB2RK1 b kq - 3 15
c5d6,r1bq1rk1/pp3ppp/4nn2/PPbp4/2pP4/2P2NP1/2Q2PBP/RNB2RK1 b - d3 0 16
f8e8,r1bq1rk1/pp3ppp/3bnn2/PP1p4/2pP4/B1P2NP1/2Q2PBP/RN3RK1 b - - 2 17
d8d6,r1bqr1k1/pp3ppp/3Bnn2/PP1p4/2pP4/2P2NP1/2Q2PBP/RN3RK1 b - - 0 18
c8d7,r1b1r1k1/pp3ppp/3qnn2/PP1p4/2pP4/2P2NP1/2QN1PBP/R4RK1 b - - 1 19
b7b6,r3r1k1/pp1b1ppp/3qnn2/PP1p4/2pP4/2P2NP1/1Q1N1PBP/R4RK1 b - - 3 20
e6c7,r3r1k1/p2b1ppp/1p1qnn2/PP1pN3/2pP4/2P3P1/1Q1N1PBP/R4RK1 b - - 1 21
a7b6,r3r1k1/p1nb1ppp/1P1q1n2/1P1pN3/2pP4/2P3P1/1Q1N1PBP/R4RK1 b - - 0 22
d5c4,r3r1k1/2nb1ppp/1p1q1n2/1P1pN3/2NP4/2P3P1/1Q3PBP/R4RK1 b - - 0 23
c7a8,B3r1k1/2nb1ppp/1p1q1n2/1P2N3/2pP4/2P3P1/1Q3P1P/R4RK1 b - - 0 24
d6e6,n3r1k1/3b1ppp/1p1q1n2/1P6/2NP4/2P3P1/1Q3P1P/R4RK1 b - - 0 25
f6g4,n3r1k1/3b1ppp/1p2qn2/1P2N3/3P4/2P3P1/1Q3P1P/R4RK1 b - - 2 26
a8c7,n3r1k1/3b1ppp/1p2q3/1P2N3/3P2n1/2P3P1/1Q3P1P/R3R1K1 b - - 4 27
e6g4,4r1k1/2nb1ppp/1p2q3/1P6/3P2N1/2P3P1/1Q3P1P/R3R1K1 b - - 0 28
c7e8,4R1k1/2nb1ppp/1p6/1P6/3P2q1/2P3P1/1Q3P1P/R5K1 b - - 0 29
c4f1,r1bq1rk1/1p2ppbp/p1np1np1/8/2B1P3/1NN5/PPP2PPP/R1BQR1K1 w - - 0 10
c1g5,r1bq1rk1/4ppbp/p1np1np1/1p6/4P3/1NN5/PPP2PPP/R1BQRBK1 w - - 0 11
d1d2,r1bqr1k1/4ppbp/p1np1np1/1p4B1/4P3/1NN5/PPP2PPP/R2QRBK1 w - - 2 12
c3d5,r2qr1k1/1b2ppbp/p1np1np1/1p4B1/4P3/1NN5/PPPQ1PPP/R3RBK1 w - - 4 13
c2c3,r2qr1k1/1b1nppbp/p1np2p1/1p1N2B1/4P3/1N6/PPPQ1PPP/R3RBK1 w - - 6 14
a2a4,2rqr1k1/1b1nppbp/p1np2p1/1p1N2B1/4P3/1NP5/PP1Q1PPP/R3RBK1 w - - 1 15
a1a4,2rqr1k1/1b1nppbp/p1np2p1/3N2B1/p3P3/1NP5/1P1Q1PPP/R3RBK1 w - - 0 16
e1a1,r2qr1k1/1b1nppbp/p1np2p1/3N2B1/R3P3/1NP5/1P1Q1PPP/4RBK1 w - - 1 17
g1h1,r1q1r1k1/1b1nppbp/p1np2p1/3N2B1/R3P3/1NP5/1P1Q1PPP/R4BK1 w - - 3 18
d5e3,r1q1r1k1/1b1n1pbp/p1npp1p1/3N2B1/R3P3/1NP5/1P1Q1PPP/R4B1K w - - 0 19
a4a2,r1q1r1k1/1b3pbp/pnnpp1p1/6B1/R3P3/1NP1N3/1P1Q1PPP/R4B1K w - - 2 20
g5f4,r1q1r1k1/1b3pb1/pnnpp1pp/6B1/4P3/1NP1N3/RP1Q1PPP/R4B1K w - - 0 21
f4g3,r1q1r1k1/1b3pb1/pnnp2pp/4p3/4PB2/1NP1N3/RP1Q1PPP/R4B1K w - - 0 22
d2c2,r1qr2k1/1b3pb1/pnnp2pp/4p3/4P3/1NP1N1B1/RP1Q1PPP/R4B1K w - - 2 23
b3a5,r1q3k1/1b1r1pb1/pnnp2pp/4p3/4P3/1NP1N1B1/RPQ2PPP/R4B1K w - - 4 24
a2a5,r1q3k1/1b1r1pb1/pn1p2pp/n3p3/4P3/2P1N1B1/RPQ2PPP/R4B1K w - - 0 25
f2f3,r1qr2k1/1b3pb1/pn1p2pp/R3p3/4P3/2P1N1B1/1PQ2PPP/R4B1K w - - 1 26
g3h4,r1qr1bk1/1b3p2/pn1p2pp/R3p3/4P3/2P1NPB1/1PQ3PP/R4B1K w - - 1 27
e3g4,r1q2bk1/1b1r1p2/pn1p2pp/R3p3/4P2B/2P1NP2/1PQ3PP/R4B1K w - - 3 28
h4f6,r1q2bk1/1br2p2/pn1p2pp/R3p3/4P1NB/2P2P2/1PQ3PP/R4B1K w - - 5 29
b7b5,1r1q1rk1/pp1bppbp/2np1np1/2p5/4PPP1/2NP3P/PPP1N1B1/R1BQ1RK1 b - - 0 10
c6d4,1r1q1rk1/p2bppbp/2np1np1/1pp5/4PPP1/2NP2NP/PPP3B1/R1BQ1RK1 b - - 1 11
f6e8,1r1q1rk1/p2bppbp/3p1np1/1pp3P1/3nPP2/2NP2NP/PPP3B1/R1BQ1RK1 b - - 0 12
a7a5,1r1qnrk1/p2bppbp/3p2p1/1pp3P1/3nPP2/3P2NP/PPP1N1B1/R1BQ1RK1 b - - 2 13
g7d4,1r1qnrk1/3bppbp/3p2p1/ppp3P1/3NPP2/3P2NP/PPP3B1/R1BQ1RK1 b - - 0 14
d8c8,1r1qnrk1/3bpp1p/3p2p1/ppp3P1/3bPP2/3P2NP/PPP3B1/R1BQ1R1K b - - 1 15
b5b4,1rq1nrk1/3bpp1p/3p2p1/ppp3P1/3bPP2/3P2NP/PPP3BK/R1BQ1R2 b - - 3 16
c5c4,1rq1nrk1/3bpp1p/3p2p1/p1p2PP1/1p1bP3/3P2NP/PPP3BK/R1BQ1R2 b - - 0 17
a5a4,1rq1nrk1/3bpp1p/3p2p1/p4PP1/1ppbP3/3P2NP/PPP3BK/1RBQ1R2 b - - 1 18
c4d3,1rq1nrk1/3bpp1p/3p2p1/5PP1/pppbPB2/3P2NP/PPP3BK/1R1Q1R2 b - - 1 19
b4b3,1rq1nrk1/3bpp1p/3p2p1/5PP1/pp1bPB2/3P2NP/PP4BK/1R1Q1R2 b - - 0 20
e8g7,1rq1nrk1/3bpp1p/3p2p1/5PP1/p2bPB2/Pp1P2NP/1P4BK/1R1Q1R2 b - - 0 21
d4e5,1rq2rk1/3bppnp/3p2p1/5PP1/p2bPB2/Pp1P3P/1P2N1BK/1R1Q1R2 b - - 2 22
d6e5,1rq2rk1/3bppnp/3p2p1/4BPP1/p3P3/Pp1P3P/1P2N1BK/1R1Q1R2 b - - 0 23
e7f6,1rq2rk1/3bppnp/5Pp1/4p1P1/p3P3/Pp1P3P/1P2N1BK/1R1Q1R2 b - - 0 24
g7h5,1rq2rk1/3b1pnp/5Pp1/4p3/p3P3/Pp1P3P/1P2N1BK/1R1Q1R2 b - - 0 25
c8c2,1rq2rk1/3b1p1p/5Pp1/4p2n/p3P3/Pp1P3P/1P1QN1BK/1R3R2 b - - 2 26
d7b5,1r3rk1/3b1p1p/5Pp1/4p2n/p3P3/Pp1PQ2P/1Pq1N1BK/1R3R2 b - - 4 27
c2d3,1r3rk1/5p1p/5Pp1/1b2p2n/p3P3/Pp1PQ1NP/1Pq3BK/1R3R2 b - - 6 28
e3c5,r2qk1nr/1b2ppbp/p2p2p1/1pn5/4PP2/2NBBN2/PPP1Q1PP/R3K2R w KQkq - 0 10
e4e5,r2qk1nr/1b2ppbp/p5p1/1pp5/4PP2/2NB1N2/PPP1Q1PP/R3K2R w KQkq - 0 11
e1g1,r3k1nr/1b2ppbp/p5p1/qpp1P3/5P2/2NB1N2/PPP1Q1PP/R3K2R w KQkq - 1 12
c3e4,r3k2r/1b2ppbp/p5pn/qpp1P3/5P2/2NB1N2/PPP1Q1PP/R4RK1 w kq - 3 13
e4d6,r3k2r/1b2ppbp/p5pn/qp2P3/2p1NP2/3B1N2/PPP1Q1PP/R4RK1 w kq - 0 14
e5d6,r3k2r/1b3pbp/p2p2pn/qp2P3/2p2P2/3B1N2/PPP1Q1PP/R4RK1 w kq - 0 15
e2e7,r6r/1b1k1pbp/p2P2pn/qp6/2p2P2/3B1N2/PPP1Q1PP/R4RK1 w - - 1 16
d3e4,r1k4r/1b2Qpbp/p2P2pn/qp6/2p2P2/3B1N2/PPP3PP/R4RK1 w - - 3 17
g1h1,r1k4r/1b2Qpbp/pq1P2pn/1p6/2p1BP2/5N2/PPP3PP/R4RK1 w - - 5 18
d6d7,2k4r/rb2Qpbp/pq1P2pn/1p6/2p1BP2/5N2/PPP3PP/R4R1K w - - 7 19
e4b7,1k5r/rb1PQpbp/pq4pn/1p6/2p1BP2/5N2/PPP3PP/R4R1K w - - 1 20
a1d1,1k5r/1r1PQpbp/pq4pn/1p6/2p2P2/5N2/PPP3PP/R4R1K w - - 0 21
f3e5,1k1r4/1r1PQpbp/pq4pn/1p6/2p2P2/5N2/PPP3PP/3R1R1K w - - 2 22
f4e5,1k1r4/1r1PQp1p/pq4pn/1p2b3/2p2P2/8/PPP3PP/3R1R1K w - - 0 23
e5e6,1k1r4/1rqPQp1p/p5pn/1p2P3/2p5/8/PPP3PP/3R1R1K w - - 1 24
d1d6,1k1r4/1rqPQp1p/p3P1p1/1p6/2p3n1/8/PPP3PP/3R1R1K w - - 1 25
d6a6,1k1r4/1rqPQp1p/p2RP1p1/1p2n3/2p5/8/PPP3PP/5R1K w - - 3 26
e6d7,1k1r4/1rqnQp1p/R3P1p1/1p6/2p5/8/PPP3PP/5R1K w - - 0 27
e7b4,1k1r4/1r1qQp1p/R5p1/1p6/2p5/8/PPP3PP/5R1K w - - 0 28
h1g1,1k1r4/1r3p1p/R5p1/1p6/1Qp5/8/PPP3PP/3q1R1K w - - 2 29
d4c5,1rbqk2r/3nppbp/p2p2pn/1pp1P3/3PBP2/2N1BN2/PPP3PP/R2QK2R w KQk - 2 10
e3g1,1rbqk2r/3nppbp/p2p2p1/1pP1P3/4BPn1/2N1BN2/PPP3PP/R2QK2R w KQk - 1 11
c5d6,1rbqk2r/3nppbp/p2p2p1/2P1P3/1p2BPn1/2N2N2/PPP3PP/R2QK1BR w KQk - 0 12
b2c3,1rbqk2r/3nppbp/p2P2p1/4P3/4BPn1/2p2N2/PPP3PP/R2QK1BR w KQk - 0 13
h2h3,1rbq1rk1/3nppbp/p2P2p1/4P3/4BPn1/2P2N2/P1P3PP/R2QK1BR w KQ - 1 14
g1f2,1rbq1rk1/3nppbp/p2P2pn/4P3/4BP2/2P2N1P/P1P3P1/R2QK1BR w KQ - 1 15
e4b7,1r1q1rk1/1b1nppbp/p2P2pn/4P3/4BP2/2P2N1P/P1P2BP1/R2QK2R w KQ - 3 16
e1g1,3q1rk1/1r1nppbp/p2P2pn/4P3/5P2/2P2N1P/P1P2BP1/R2QK2R w KQ - 0 17
d1d6,3q1rk1/1r1n1pbp/p2p2pn/4P3/5P2/2P2N1P/P1P2BP1/R2Q1RK1 w - - 0 18
f3g5,q4rk1/1r1n1pbp/p2Q2pn/4P3/5P2/2P2N1P/P1P2BP1/R4RK1 w - - 1 19
d6d5,q4rk1/1r1n1pbp/p2Q2p1/4PnN1/5P2/2P4P/P1P2BP1/R4RK1 w - - 3 20
d5d7,q4rk1/3n1pbp/p5p1/3QPnN1/5P2/2P4P/PrP2BP1/R4RK1 w - - 5 21
d7d3,q4rk1/3Q1pbp/p5p1/4PnN1/5P2/2P4P/P1r2BP1/R4RK1 w - - 0 22
a1d1,q4rk1/5pbp/p5p1/4PnN1/5P2/2PQ3P/Pr3BP1/R4RK1 w - - 2 23
g5e4,q4rk1/5pbp/p5p1/4PnN1/5P2/2PQ3P/r4BP1/3R1RK1 w - - 0 24
f2c5,q4rk1/5p1p/p5pb/4Pn2/4NP2/2PQ3P/r4BP1/3R1RK1 w - - 2 25
g2g4,q1r3k1/5p1p/p5pb/2B1Pn2/4NP2/2PQ3P/r5P1/3R1RK1 w - - 4 26
g4f5,q1r4k/5p1p/p5pb/2B1Pn2/4NPP1/2PQ3P/r7/3R1RK1 w - - 1 27
c5d4,q1r4k/5p1p/p6b/2B1Pp2/4NP2/2PQ3P/r7/3R1RK1 w - - 0 28
g1h1,q5rk/5p1p/p6b/4Pp2/3BNP2/2PQ3P/r7/3R1RK1 w - - 2 29
d2b3,r3kbnr/pp1b1ppp/1qn1p3/3pP3/8/3B1N2/PP1N1PPP/R1BQ1RK1 w kq - 2 10
c1e3,r3kb1r/pp1bnppp/1qn1p3/3pP3/8/1N1B1N2/PP3PPP/R1BQ1RK1 w kq - 4 11
a1c1,r3kb1r/ppqbnppp/2n1p3/3pP3/8/1N1BBN2/PP3PPP/R2Q1RK1 w kq - 6 12
b3c5,r3kb1r/ppqb1ppp/2n1p1n1/3pP3/8/1N1BBN2/PP3PPP/2RQ1RK1 w kq - 8 13
b2b4,r3k2r/ppqbbppp/2n1p1n1/2NpP3/8/3BBN2/PP3PPP/2RQ1RK1 w kq - 10 14
a2a4,r3k2r/1pqbbppp/p1n1p1n1/2NpP3/1P6/3BBN2/P4PPP/2RQ1RK1 w kq - 0 15
b4b5,r4rk1/1pqbbppp/p1n1p1n1/2NpP3/PP6/3BBN2/5PPP/2RQ1RK1 w - - 1 16
a4b5,r4rk1/1pqbbppp/2n1p1n1/1pNpP3/P7/3BBN2/5PPP/2RQ1RK1 w - - 0 17
f3e5,r4rk1/1pqbbppp/4p1n1/1PNpn3/8/3BBN2/5PPP/2RQ1RK1 w - - 0 18
c5e6,r4rk1/1pqbbppp/4p3/1PNpn3/8/3BB3/5PPP/2RQ1RK1 w - - 0 19
e6f8,r4rk1/1p1bbppp/3qN3/1P1pn3/8/3BB3/5PPP/2RQ1RK1 w - - 1 20
h2h3,r4bk1/1p1b1ppp/3q4/1P1pn3/8/3BB3/5PPP/2RQ1RK1 w - - 0 21
e3f4,r4bk1/3b1ppp/1p1q4/1P1pn3/8/3BB2P/5PP1/2RQ1RK1 w - - 0 22
f1e1,r4bk1/3b1p1p/1p1q2p1/1P1pn3/5B2/3B3P/5PP1/2RQ1RK1 w - - 0 23
d1d2,r5k1/3b1pbp/1p1q2p1/1P1pn3/5B2/3B3P/5PP1/2RQR1K1 w - - 2 24
f4h6,4r1k1/3b1pbp/1p1q2p1/1P1pn3/5B2/3B3P/3Q1PP1/2R1R1K1 w - - 4 25
d2h6,4r1k1/3b1p1p/1p1q2pb/1P1pn3/8/3B3P/3Q1PP1/2R1R1K1 w - - 0 26
d1h5,N4bnr/pp1kpppp/2n5/8/3P4/8/PP3PPP/R1BbKB1R b KQ - 0 10
c6d4,N4bnr/pp1kpppp/2n5/3P3b/8/8/PP3PPP/R1B1KB1R b KQ - 0 11
d4c2,N4bnr/pp1kpppp/8/3P3b/3n4/4B3/PP3PPP/R3KB1R b KQ - 2 12
c2a1,N4bnr/pp1kpppp/8/3P3b/8/4B3/PPnK1PPP/R4B1R b - - 4 13
d7d8,N4bnr/pp1kpppp/8/1B1P3b/8/4B3/PP1K1PPP/n6R b - - 1 14
g8f6,N2k1bnr/Bp2pppp/8/1B1P3b/8/8/PP1K1PPP/n6R b - - 0 15
e7e6,N2k1b1r/Bp2pppp/5n2/1B1P3b/8/8/PP1K1PPP/n1R5 b - - 2 16
d8e7,N2k1b1r/1p3ppp/1B2pn2/1B1P3b/8/8/PP1K1PPP/n1R5 b - - 1 17
e7d8,N4b1r/1p2kppp/4pn2/1BBP3b/8/8/PP1K1PPP/n1R5 b - - 3 18
f6e4,N2k1b1r/1p3ppp/3Ppn2/1BB4b/8/8/PP1K1PPP/n1R5 b - - 0 19
e4c5,N2k1b1r/1p3ppp/3Pp3/1BB4b/4n3/4K3/PP3PPP/n1R5 b - - 2 20
f8d6,N2k1b1r/1p3ppp/3Pp3/1BR4b/8/4K3/PP3PPP/n7 b - - 0 21
a1c2,N2k3r/1p3ppp/3bp3/1B5R/8/4K3/PP3PPP/n7 b - - 0 22
c2b4,N2k3r/1p3ppp/3bp3/1B5R/8/3K4/PPn2PPP/8 b - - 2 23
b4d5,N2k3r/1p3ppp/3bp3/1B5R/1nK5/8/PP3PPP/8 b - - 4 24
e6d5,N2k3r/1p3ppp/3bp3/1B1R4/2K5/8/PP3PPP/8 b - - 0 25
d8e7,N2k3r/1p3ppp/3b4/1B1K4/8/8/PP3PPP/8 b - - 0 26
d6h2,7r/1p2kppp/1N1b4/1B1K4/8/8/PP3PPP/8 b - - 2 27
h8d8,7r/1p2kppp/1N6/1B6/4K3/8/PP3PPb/8 b - - 1 28
d8d2,3r4/1p2kppp/1N6/1B6/4K3/6P1/PP3P1b/8 b - - 0 29
h6f7,r1bq1rk1/p3p1bp/2pp1ppn/2p5/4PP2/2NP1NQ1/PPP3PP/R1B2RK1 b - - 1 10
a8b8,r1bq1rk1/p3pnbp/2pp1pp1/2p5/4PP2/2NPBNQ1/PPP3PP/R4RK1 b - - 3 11
b8b4,1rbq1rk1/p3pnbp/2pp1pp1/2p5/4PP2/1PNPBNQ1/P1P3PP/R4RK1 b - - 0 12
e7e6,2bq1rk1/p3pnbp/2pp1pp1/2p5/1r2PP2/1PNPBNQ1/P1P3PP/4RRK1 b - - 2 13
b4b6,2bq1rk1/p4nbp/2ppppp1/2p5/1r2PP2/1PNP1NQ1/P1PB2PP/4RRK1 b - - 1 14
e6f5,2bq1rk1/p4nbp/1rppppp1/2p2P2/4P3/1PNP1NQ1/P1PB2PP/4RRK1 b - - 0 15
f5e4,2bq1rk1/p4nbp/1rpp1pp1/2p2p2/4P2P/1PNP1NQ1/P1PB2P1/4RRK1 b - - 0 16
c8f5,2bq1rk1/p4nbp/1rpp1pp1/2p5/4N2P/1P1P1NQ1/P1PB2P1/4RRK1 b - - 0 17
d8d7,3q1rk1/p4nbp/1rpp1pp1/2p2b1P/4N3/1P1P1NQ1/P1PB2P1/4RRK1 b - - 0 18
f5e4,5rk1/p2q1nbp/1rpp1pp1/2p2b1P/4N2N/1P1P2Q1/P1PB2P1/4RRK1 b - - 2 19
g6g5,5rk1/p2q1nbp/1rpp1pp1/2p4P/4P2N/1P4Q1/P1PB2P1/4RRK1 b - - 0 20
f7e5,5rk1/p2q1nbp/1rpp1p2/2p2NpP/4P3/1P4Q1/P1PB2P1/4RRK1 b - - 1 21
g7h8,5rk1/p2q2bp/1rpp1p1P/2p1nNp1/4P3/1P4Q1/P1PB2P1/4RRK1 b - - 0 22
e5f7,5rkb/p2q3p/1rpp1p1P/2p1nNp1/4P3/1P2B1Q1/P1P3P1/4RRK1 b - - 2 23
d7e6,5rkb/p2q1n1p/1rpp1p1P/2p2Np1/4P3/1P2B1Q1/P1P3P1/3R1RK1 b - - 4 24
f7h6,5rkb/p4n1p/1rpNqp1P/2p3p1/4P3/1P2B1Q1/P1P3P1/3R1RK1 b - - 0 25
b6b8,5rkb/p6p/1rpNqp1n/2B3p1/4P3/1P4Q1/P1P3P1/3R1RK1 b - - 0 26
h8g7,1r3rkb/p6p/2p1qp1n/2B2Np1/4P3/1P4Q1/P1P3P1/3R1RK1 b - - 2 27
g8g7,1r3rk1/p5Np/2p1qp1n/2B3p1/4P3/1P4Q1/P1P3P1/3R1RK1 b - - 0 28
b8f8,1r3B2/p5kp/2p1qp1n/6p1/4P3/1P4Q1/P1P3P1/3R1RK1 b - - 0 29
h2h3,r3kb1r/pp1n1ppp/2p1pn2/5q2/2B5/2NP4/PPP2PPP/R1BQ1RK1 w kq - 0 10
c3e2,r3k2r/pp1n1ppp/2pbpn2/5q2/2B5/2NP3P/PPP2PP1/R1BQ1RK1 w kq - 1 11
e2g3,r4rk1/pp1n1ppp/2pbpn2/5q2/2B5/3P3P/PPP1NPP1/R1BQ1RK1 w - - 3 12
c4b3,r4rk1/pp1n1ppp/2pbpn2/q7/2B5/3P2NP/PPP2PP1/R1BQ1RK1 w - - 5 13
c1d2,3r1rk1/pp1n1ppp/2pbpn2/q7/8/1B1P2NP/PPP2PP1/R1BQ1RK1 w - - 7 14
d2c3,3r1rk1/ppqn1ppp/2pbpn2/8/8/1B1P2NP/PPPB1PP1/R2Q1RK1 w - - 9 15
f2g3,3r1rk1/ppqn1ppp/2p1pn2/8/8/1BBP2bP/PPP2PP1/R2Q1RK1 w - - 0 16
d1e2,3r1rk1/pp1n1ppp/2p1pn2/8/8/1BBP2qP/PPP3P1/R2Q1RK1 w - - 0 17
c3d2,3r1rk1/pp1n1ppp/2p1p3/3n4/8/1BBP2qP/PPP1Q1P1/R4RK1 w - - 2 18
b3d5,3r1rk1/pp3ppp/2p1p3/2nn4/8/1B1P2qP/PPPBQ1P1/R4RK1 w - - 4 19
d2b4,3r1rk1/pp3ppp/4p3/2np4/8/3P2qP/PPPBQ1P1/R4RK1 w - - 0 20
f1f3,2r2rk1/pp3ppp/4p3/2np4/1B6/3P2qP/PPP1Q1P1/R4RK1 w - - 2 21
c2c3,2r2rk1/pp3ppp/4p3/2np4/1B5q/3P1R1P/PPP1Q1P1/R5K1 w - - 4 22
d3d4,2r1r1k1/pp3ppp/4p3/2np4/1B5q/2PP1R1P/PP2Q1P1/R5K1 w - - 1 23
a1f1,2r1r1k1/pp1n1ppp/4p3/3p4/1B1P3q/2P2R1P/PP2Q1P1/R5K1 w - - 1 24
e2b5,2r1r1k1/pp1n2pp/4p3/3p1p2/1B1P3q/2P2R1P/PP2Q1P1/5RK1 w - - 0 25
a2a4,2r1r1k1/pp4pp/1n2p3/1Q1p1p2/1B1P3q/2P2R1P/PP4P1/5RK1 w - - 2 26
b2b3,2rqr1k1/pp4pp/1n2p3/1Q1p1p2/PB1P4/2P2R1P/1P4P1/5RK1 w - - 1 27
b5e2,2rqr1k1/1p4pp/pn2p3/1Q1p1p2/PB1P4/1PP2R1P/6P1/5RK1 w - - 0 28
f3e3,2rqr1k1/1p1n2pp/p3p3/3p1p2/PB1P4/1PP2R1P/4Q1P1/5RK1 w - - 2 29
d7e5,r2q1rk1/pbpn1pbp/1p1p1np1/4P3/2P1P3/2N2NP1/PP3PBP/R1BQR1K1 b - - 0 10
d6e5,r2q1rk1/pbp2pbp/1p1p1np1/4N3/2P1P3/2N3P1/PP3PBP/R1BQR1K1 b - - 0 11
d8e7,r2q1rk1/pbp2pbp/1p3np1/4p3/2P1P3/2N3P1/PPQ2PBP/R1B1R1K1 b - - 1 12
c7c6,r4rk1/pbp1qpbp/1p3np1/4p3/2P1P3/1PN3P1/P1Q2PBP/R1B1R1K1 b - - 0 13
a8d8,r4rk1/pb2qpbp/1pp2np1/4p3/P1P1P3/1PN3P1/2Q2PBP/R1B1R1K1 b - - 0 14
c6c5,3r1rk1/pb2qpbp/1pp2np1/4p3/P1P1P3/BPN3P1/2Q2PBP/R3R1K1 b - - 2 15
b7d5,3r1rk1/pb2qpbp/1p3np1/2pNp3/P1P1P3/BP4P1/2Q2PBP/R3R1K1 b - - 1 16
f6e8,3r1rk1/p3qpbp/1p3np1/2pPp3/P3P3/BP4P1/2Q2PBP/R3R1K1 b - - 0 17
a7a5,3rnrk1/p3qpbp/1p4p1/2pPp3/P3P3/BP4P1/2Q2PBP/1R2R1K1 b - - 2 18
e8d6,3rnrk1/4qpbp/1p4p1/p1pPp3/P3P3/BP4P1/2Q2P1P/1R2RBK1 b - - 1 19
g8h8,3r1rk1/4qpbp/1p1n2p1/p1pPp3/P3P3/1P4P1/1BQ2P1P/1R2RBK1 b - - 3 20
e7g5,3r1r1k/4qpbp/1p1n2p1/p1pPp3/P1B1P3/1P4P1/1BQ2P1P/1R2R1K1 b - - 5 21
g5g4,3r1r1k/5pbp/1p1n2p1/p1pPp1q1/P1B1P3/1P4P1/2Q2P1P/1RB1R1K1 b - - 7 22
f7f5,3r1r1k/5pbp/1p1n2p1/p1pPp3/P1B1P1q1/1P4P1/2Q2PKP/1RB1R3 b - - 9 23
g4h5,3r1r1k/6bp/1p1n2p1/p1pPpp2/P1B1P1q1/1P4PP/2Q2PK1/1RB1R3 b - - 0 24
e7f6,r1bqk2r/4bppp/p1np1B2/1p1Np3/4P3/N7/PPP2PPP/R2QKB1R b KQkq - 0 10
e8g8,r1bqk2r/5ppp/p1np1b2/1p1Np3/4P3/N1P5/PP3PPP/R2QKB1R b KQkq - 0 11
f6g5,r1bq1rk1/5ppp/p1np1b2/1p1Np3/4P3/N1PB4/PP3PPP/R2QK2R b KQ - 2 12
c8e6,r1bq1rk1/5ppp/p1np4/1p1Np1b1/4P3/N1PB4/PP3PPP/R2Q1RK1 b - - 4 13
g8h8,r2q1rk1/5ppp/p1npb3/1p1Np1b1/4P3/2PB4/PPN2PPP/R2Q1RK1 b - - 6 14
g7g6,r2q1r1k/5ppp/p1npb3/1p1Np1b1/4P3/2PBN3/PP3PPP/R2Q1RK1 b - - 8 15
g5e3,r2q1r1k/5p1p/p1npb1p1/1p1Np1b1/4P3/2PBN1P1/PP3P1P/R2Q1RK1 b - - 0 16
f7f5,r2q1r1k/5p1p/p1npb1p1/1p2p3/4P3/2PBN1P1/PP3P1P/R2Q1RK1 b - - 0 17
g6f5,r2q1r1k/7p/p1npb1p1/1p2pP2/8/2PBN1P1/PP3P1P/R2Q1RK1 b - - 0 18
e5e4,r2q1r1k/7p/p1npb3/1p2pp1Q/8/2PBN1P1/PP3P1P/R4RK1 b - - 1 19
d8e7,r2q1r1k/7p/p1npb3/1p3p1Q/4p3/2P1N1P1/PPB2P1P/R4RK1 b - - 1 20
d6d5,r4r1k/4q2p/p1npb3/1p3p1Q/4p3/2P3P1/PPB2PNP/R4RK1 b - - 3 21
e7f6,r4r1k/4q2p/p1n1b3/1p1p1p1Q/4pN2/2P3P1/PPB2P1P/R4RK1 b - - 1 22
e6f7,r4r1k/7p/p1n1bq2/1p1p1p1Q/4pN2/2P3P1/PPB2P1P/3R1RK1 b - - 3 23
a8d8,r4r1k/5b1p/p1n2q2/1p1p1p2/4pN2/2P3PQ/PPB2P1P/3R1RK1 b - - 5 24
b5b4,3r1r1k/5b1p/p1n2q2/1p1p1p2/P3pN2/2P3PQ/1PB2P1P/3R1RK1 b - - 0 25
c6b4,3r1r1k/5b1p/p1n2q2/3p1p2/PP2pN2/6PQ/1PB2P1P/3R1RK1 b - - 0 26
d5d4,3r1r1k/5b1p/p4q2/3p1p2/Pn2pN2/1B4PQ/1P3P1P/3R1RK1 b - - 1 27
f8f7,3r1r1k/5B1p/p4q2/5p2/Pn1ppN2/6PQ/1P3P1P/3R1RK1 b - - 0 28
f6b6,3r3k/5r1p/p4q2/5p1N/Pn1pp3/6PQ/1P3P1P/3R1RK1 b - - 1 29
b4c3,r3k1nr/pp3ppp/2n5/3q4/1b1Pp1b1/2N1B3/PP1NBPPP/R2QK2R b KQkq - 1 10
g4e2,r3k1nr/pp3ppp/2n5/3q4/3Pp1b1/2P1B3/P2NBPPP/R2QK2R b KQkq - 0 11
f7f5,r3k1nr/pp3ppp/2n5/3q4/3Pp3/2P1B3/P2NQPPP/R3K2R b KQkq - 0 12
d5d6,r3k1nr/pp4pp/2n5/3q1p2/2PPp3/4B3/P2NQPPP/R3K2R b KQkq - 0 13
c6b4,r3k1nr/pp4pp/2nq4/3P1p2/2P1p3/4B3/P2NQPPP/R3K2R b KQkq - 0 14
g8f6,r3k1nr/pp4pp/3q4/3P1p2/1nP1p3/4B3/P2NQPPP/R4RK1 b kq - 2 15
b7b6,r3k2r/pp4pp/3q1n2/3P1p2/1nP1p3/4B3/P2NQPPP/1R3RK1 b kq - 4 16
e8g8,r3k2r/p5pp/1p1q1n2/3P1p2/1nP1p3/4BP2/P2NQ1PP/1R3RK1 b kq - 0 17
f5e4,r4rk1/p5pp/1p1q1n2/3P1p2/1nP1P3/4B3/P2NQ1PP/1R3RK1 b - - 0 18
a8e8,r4rk1/p5pp/1p1q1n2/3P4/1nPBp3/8/P2NQ1PP/1R3RK1 b - - 1 19
g7f6,4rrk1/p5pp/1p1q1B2/3P4/1nP1p3/8/P2NQ1PP/1R3RK1 b - - 0 20
d6e5,4rrk1/p6p/1p1q1p2/3P4/1nP1N3/8/P3Q1PP/1R3RK1 b - - 0 21
g8h8,4rrk1/p6p/1p3p2/3Pq3/1nP1N1Q1/8/P5PP/1R3RK1 b - - 2 22
b4d3,4rr1k/p6p/1p3p2/3Pq3/1nP3Q1/6N1/P5PP/1R3RK1 b - - 4 23
e5d4,4rr1k/p6p/1p3p2/3Pq3/2P5/3n1QN1/P5PP/1R3RK1 b - - 6 24
d3e5,4rr1k/p6p/1p3p2/3P4/2Pq4/3n1QN1/P5PP/1R3R1K b - - 8 25
d4c4,4rr1k/p6p/1p3p2/3PnQ2/2Pq4/6N1/P5PP/1R3R1K b - - 10 26
c4d5,4rr1k/p6p/1p3p2/3PnQ2/2q1N3/8/P5PP/1R3R1K b - - 1 27
d5f7,4rr1k/p6p/1p3N2/3qnQ2/8/8/P5PP/1R3R1K b - - 0 28
e8e6,4rr1k/p4q1p/1p3N2/4nQ2/8/8/P5PP/4RR1K b - - 2 29
e1g1,r1bqk2r/1p2bpp1/2n1pn1p/p1Pp4/3P4/P1N2N2/1P2BPPP/R1BQK2R w KQkq - 2 10
c1e3,r1bq1rk1/1p2bpp1/2n1pn1p/p1Pp4/3P4/P1N2N2/1P2BPPP/R1BQ1RK1 w - - 4 11
c3e4,r1bq1rk1/1p2bpp1/2n1p2p/p1Pp4/3Pn3/P1N1BN2/1P2BPPP/R2Q1RK1 w - - 6 12
f3e5,r1bq1rk1/1p2bpp1/2n1p2p/p1P5/3Pp3/P3BN2/1P2BPPP/R2Q1RK1 w - - 0 13
d1d2,r1bq1rk1/1p2b1p1/2n1p2p/p1P1Np2/3Pp3/P3B3/1P2BPPP/R2Q1RK1 w - - 0 14
e3f4,r1bq1rk1/1p2b1p1/2n1p2p/p1P1N3/3Ppp2/P3B3/1P1QBPPP/R4RK1 w - - 0 15
e5g6,r1bq1rk1/1p2b1p1/4p2p/p1P1N3/3npB2/P7/1P1QBPPP/R4RK1 w - - 0 16
g6e7,r1bq2k1/1p2b1p1/4prNp/p1P5/3npB2/P7/1P1QBPPP/R4RK1 w - - 2 17
d2d4,r1b3k1/1p2q1p1/4pr1p/p1P5/3npB2/P7/1P1QBPPP/R4RK1 w - - 0 18
a1d1,r1b3k1/1p2q1p1/4p2p/p1P5/3Qpr2/P7/1P2BPPP/R4RK1 w - - 0 19
d4d8,r1b3k1/1p2q1p1/7p/p1P1p3/3Qpr2/P7/1P2BPPP/3R1RK1 w - - 0 20
e2c4,r1bQ1qk1/1p4p1/7p/p1P1p3/4pr2/P7/1P2BPPP/3R1RK1 w - - 2 21
f1e1,r1bQ1q2/1p4pk/7p/p1P1p3/2B1pr2/P7/1P3PPP/3R1RK1 w - - 4 22
d8f8,r1bQ1q2/1p4pk/7p/p1P1p3/2B1p3/P7/1P3rPP/3RR1K1 w - - 0 23
e1e4,r1b2r2/1p4pk/7p/p1P1p3/2B1p3/P7/1P4PP/3RR1K1 w - - 0 24
d1d5,r1b1r3/1p4pk/7p/p1P1p3/2B1R3/P7/1P4PP/3R2K1 w - - 1 25
e4e5,r3r3/1p4pk/7p/p1PRpb2/2B1R3/P7/1P4PP/6K1 w - - 3 26
e5e8,r3r3/1p4pk/6bp/p1PRR3/2B5/P7/1P4PP/6K1 w - - 1 27
d5d7,4r3/1p4pk/6bp/p1PR4/2B5/P7/1P4PP/6K1 w - - 0 28
b2b4,2r5/1p1R2pk/6bp/p1P5/2B5/P7/1P4PP/6K1 w - - 2 29
d8e8,rnbk2nr/ppp3bp/5pp1/2B1p3/2B1P3/N1P2N2/PP3PPP/R3K2R b KQ - 5 10
b8a6,rnb1k1nr/ppp3bp/5pp1/1NB1p3/2B1P3/2P2N2/PP3PPP/R3K2R b KQ - 7 11
c8d7,r1b1k1nr/ppp3bp/n4pp1/1N2p3/2B1P3/B1P2N2/PP3PPP/R3K2R b KQ - 9 12
d7b5,r3k1nr/pppb2bp/n4pp1/1N2p3/2B1P3/B1P2N2/PP3PPP/2KR3R b - - 11 13
c7c6,r3k1nr/ppp3bp/n4pp1/1B2p3/4P3/B1P2N2/PP3PPP/2KR3R b - - 0 14
b7a6,r3k1nr/pp4bp/B1p2pp1/4p3/4P3/B1P2N2/PP3PPP/2KR3R b - - 0 15
a8c8,r3k1nr/p5bp/p1pR1pp1/4p3/4P3/B1P2N2/PP3PPP/2K4R b - - 1 16
g7f8,2r1k1nr/p5bp/p1pR1pp1/4p3/4P3/B1P2N2/PP3PPP/2KR4 b - - 3 17
f8a3,2r1kbnr/p2R3p/p1p2pp1/4p3/4P3/B1P2N2/PP3PPP/2KR4 b - - 5 18
g8e7,2r1k1nr/p2R3p/p1p2pp1/4p3/4P3/P1P2N2/P4PPP/2KR4 b - - 0 19
e8f7,2r1k2r/R3n2p/p1p2pp1/4p3/4P3/P1P2N2/P4PPP/2KR4 b - - 0 20
h8e8,2r4r/R2Rnk1p/p1p2pp1/4p3/4P3/P1P2N2/P4PPP/2K5 b - - 2 21
f1e1,r2qkb1r/p4ppp/b3pn2/2pp4/8/6P1/PPP1PPBP/RNBQ1RK1 w kq - 2 10
b1d2,r2qk2r/p3bppp/b3pn2/2pp4/8/6P1/PPP1PPBP/RNBQR1K1 w kq - 4 11
c2c4,r2q1rk1/p3bppp/b3pn2/2pp4/8/6P1/PPPNPPBP/R1BQR1K1 w - - 6 12
g2a8,r2q1rk1/p3bppp/b3pn2/2p5/2p5/6P1/PP1NPPBP/R1BQR1K1 w - - 0 13
d2f3,q4rk1/p3bppp/b3pn2/2p5/2p5/6P1/PP1NPP1P/R1BQR1K1 w - - 0 14
d1c2,q4rk1/p3bppp/b3p3/2pn4/2p5/5NP1/PP2PP1P/R1BQR1K1 w - - 2 15
c2b1,q4rk1/p3bppp/b3p3/2p5/1np5/5NP1/PPQ1PP1P/R1B1R1K1 w - - 4 16
f3d2,q4rk1/pb2bppp/4p3/2p5/1np5/5NP1/PP2PP1P/RQB1R1K1 w - - 6 17
a2a3,q4rk1/pb3ppp/4p3/2p3b1/1np5/6P1/PP1NPP1P/RQB1R1K1 w - - 8 18
c1d2,q4rk1/pb3ppp/4p3/2p5/1np5/P5P1/1P1bPP1P/RQB1R1K1 w - - 0 19
b1c1,q4rk1/p4ppp/4p3/2p5/1np1b3/P5P1/1P1BPP1P/RQ2R1K1 w - - 1 20
d2c3,q4rk1/p4ppp/4p3/2p5/2p1b3/P5P1/1PnBPP1P/R1Q1R1K1 w - - 3 21
c1a1,q4rk1/p4ppp/4p3/2p5/2p1b3/P1B3P1/1P2PP1P/n1Q1R1K1 w - - 0 22
a1c1,q2r2k1/p4ppp/4p3/2p5/2p1b3/P1B3P1/1P2PP1P/Q3R1K1 w - - 1 23
f2f3,3r2k1/p4ppp/4p3/2pq4/2p1b3/P1B3P1/1P2PP1P/2Q1R1K1 w - - 3 24
c1f4,3r2k1/p4ppp/4p1b1/2pq4/2p5/P1B2PP1/1P2P2P/2Q1R1K1 w - - 1 25
e2e4,3r2k1/p5pp/4ppb1/2pq4/2p2Q2/P1B2PP1/1P2P2P/4R1K1 w - - 0 26
f4e3,3r2k1/p5pp/4ppb1/2p5/2p1PQ2/P1Bq1PP1/1P5P/4R1K1 w - - 1 27
g1f2,3r2k1/p5p1/4ppb1/2p4p/2p1P3/P1BqQPP1/1P5P/4R1K1 w - - 0 28
g3g4,3r2k1/p5p1/4ppb1/2p5/2p1P2p/P1BqQPP1/1P3K1P/4R3 w - - 0 29
f8c5,r1bqkb1r/1p3ppp/p3pn2/8/3N4/3B4/PPP2PPP/R1BQR1K1 b kq - 0 10
d8c7,r1bqk2r/1p3ppp/p3pn2/2b5/3N4/3BB3/PPP2PPP/R2QR1K1 b kq - 2 11
e8g8,r1b1k2r/1pq2ppp/p3pn2/2b5/3N4/3BBQ2/PPP2PPP/R3R1K1 b kq - 4 12
c5d6,r1b2rk1/1pq2ppp/p3pn2/2b5/3N4/2PBBQ2/PP3PPP/R3R1K1 b - - 0 13
a8b8,r1b2rk1/1pq2ppp/p2bpn2/8/3N4/2PBBQ1P/PP3PP1/R3R1K1 b - - 0 14
d6e7,1rb2rk1/1pq2ppp/p2bpn2/6B1/3N4/2PB1Q1P/PP3PP1/R3R1K1 b - - 2 15
f8d8,1rb2rk1/1pq1bppp/p3pn2/6B1/3N4/2PB1Q1P/PP3PP1/3RR1K1 b - - 4 16
f6d5,1rbr2k1/1pq1bppp/p3pn2/6B1/3N4/2P2Q1P/PP3PP1/1B1RR1K1 b - - 6 17
g7g6,1rbr2k1/1pq1bppp/p3p3/3n2BQ/3N4/2P4P/PP3PP1/1B1RR1K1 b - - 8 18
e7g5,1rbr2k1/1pq1bp1p/p3p1p1/3n2B1/3N3Q/2P4P/PP3PP1/1B1RR1K1 b - - 1 19
b7b5,1rbr2k1/1pq2p1p/p3p1p1/3n2Q1/3N4/2P4P/PP3PP1/1B1RR1K1 b - - 0 20
c8b7,1rbr2k1/2q2p1p/p3p1p1/1p1n2Q1/3N3P/2P5/PP3PP1/1B1RR1K1 b - - 0 21
c7f4,1r1r2k1/1bq2p1p/p3p1p1/1p1n2QP/3N4/2P5/PP3PP1/1B1RR1K1 b - - 0 22
f4g5,1r1r2k1/1b3p1p/p3p1p1/1p1n2QP/5q2/2P2N2/PP3PP1/1B1RR1K1 b - - 2 23
d5f6,1r1r2k1/1b3p1p/p3p1p1/1p1n2NP/8/2P5/PP3PP1/1B1RR1K1 b - - 0 24
h7g6,1r1r2k1/1b3p1p/p3pnP1/1p4N1/8/2P5/PP3PP1/1B1RR1K1 b - - 0 25
g8g7,1r1r2k1/1b3p2/p3pnp1/1p4N1/8/2P2P2/PP4P1/1B1RR1K1 b - - 0 26
b7d5,1r1r4/1b3pk1/p3pnp1/1p4N1/8/2P2P2/PP3KP1/1B1RR3 b - - 2 27
d5c4,1r1r4/5pk1/p3pnp1/1p1b2N1/3R4/2P2P2/PP3KP1/1B2R3 b - - 4 28
d8d4,1r1r4/5pk1/p3pnp1/1p4N1/2bR4/2P2P2/PP3KP1/1B1R4 b - - 6 29
d1d5,r2qkb1r/1p3ppp/p1np1n2/3bp1B1/4P3/N7/PPP2PPP/R2QKB1R w KQkq - 0 10
d5a5,r3kb1r/1p3ppp/p1np1n2/q2Qp1B1/4P3/N7/PPP2PPP/R3KB1R w KQkq - 1 11
g5f6,r3kb1r/1p3ppp/p2p1n2/n3p1B1/4P3/N7/PPP2PPP/R3KB1R w KQkq - 0 12
e1c1,r3kb1r/1p3p1p/p2p1p2/n3p3/4P3/N7/PPP2PPP/R3KB1R w KQkq - 0 13
c2c3,2r1kb1r/1p3p1p/p2p1p2/n3p3/4P3/N7/PPP2PPP/2KR1B1R w k - 2 14
d1d5,2r1kb1r/1p3p1p/p4p2/n2pp3/4P3/N1P5/PP3PPP/2KR1B1R w k - 0 15
d5a5,2r1k2r/1p3p1p/p4p2/n2Rp3/4P3/b1P5/PP3PPP/2K2B1R w k - 0 16
c1b1,4k2r/1p3p1p/p4p2/R3p3/4P3/b1r5/PP3PPP/2K2B1R w k - 0 17
a5a4,4k2r/1p3p1p/p4p2/R3p3/1b2P3/2r5/PP3PPP/1K3B1R w k - 2 18
d6d7,r3kb1r/pp3ppp/2nqpn2/1N6/3P2b1/5N2/PP2BPPP/R1BQ1RK1 b kq - 3 10
c6e5,r3kb1r/pp1q1ppp/2n1pn2/1N2N3/3P2b1/8/PP2BPPP/R1BQ1RK1 b kq - 5 11
d7d1,r3kb1r/pp1q1ppp/4pn2/1N2P3/6b1/8/PP2BPPP/R1BQ1RK1 b kq - 0 12
g4d1,r3kb1r/pp3ppp/4pn2/1N2P3/6b1/8/PP3PPP/R1BB1RK1 b kq - 0 13
e7e5,r1b1qrk1/ppp1ppb1/n2p2pp/8/2PPP1nB/2N2N2/PP2BPPP/R2Q1RK1 b - - 3 10
g4f6,r1b1qrk1/ppp2pb1/n2p2pp/4p3/2PPP1nB/2N2N1P/PP2BPP1/R2Q1RK1 b - - 0 11
d6e5,r1b1qrk1/ppp2pb1/n2p1npp/4P3/2P1P2B/2N2N1P/PP2BPP1/R2Q1RK1 b - - 0 12
c7c6,r1b1qrk1/ppp2pb1/n4npp/4p3/2P1P2B/2N2N1P/PPQ1BPP1/R4RK1 b - - 1 13
f6h5,r1b1qrk1/pp3pb1/n1p2npp/4p3/2P1P2B/2N2N1P/PPQ1BPP1/1R3RK1 b - - 1 14
a6c7,r1b1qrk1/pp3pb1/n1p3pp/4p2n/1PP1P2B/2N2N1P/P1Q1BPP1/1R3RK1 b - - 0 15
g6g5,r1b1qrk1/ppn2pb1/2p3pp/4p2n/1PP1P2B/2N2N1P/P1Q1BPP1/1R1R2K1 b - - 2 16
h5g3,r1b1qrk1/ppn2pb1/2p4p/4p1pn/1PP1P3/2N2NBP/P1Q1BPP1/1R1R2K1 b - - 1 17
c7e6,r1b1qrk1/ppn2pb1/2p4p/4p1p1/1PP1P3/2N2NPP/P1Q1B1P1/1R1R2K1 b - - 0 18
e6d4,r1b1qrk1/pp3pb1/2p1n2p/4p1p1/1PP1P3/2N2NPP/P1Q3P1/1R1R1BK1 b - - 2 19
g5g4,r1b1qrk1/pp3pb1/2p4p/4p1p1/1PPnP3/2N2NPP/P4QP1/1R1R1BK1 b - - 4 20
c8g4,r1b1qrk1/pp3pb1/2p4p/4p3/1PPnP1P1/2N2NP1/P4QP1/1R1R1BK1 b - - 0 21
e5e2,r1bq1rk1/pppp1ppp/3n1b2/4R3/3P4/8/PPP2PPP/RNBQ1BK1 w - - 1 10
d4d5,r1bq1rk1/pppp1ppp/5b2/5n2/3P4/8/PPP1RPPP/RNBQ1BK1 w - - 3 11
b1d2,r1bq1rk1/ppp2ppp/3p1b2/3P1n2/8/8/PPP1RPPP/RNBQ1BK1 w - - 0 12
d2e4,r1bqr1k1/ppp2ppp/3p1b2/3P1n2/8/8/PPPNRPPP/R1BQ1BK1 w - - 2 13
c2c3,r1bqr1k1/ppp2ppp/3p4/3Pbn2/4N3/8/PPP1RPPP/R1BQ1BK1 w - - 4 14
c1g5,r2qr1k1/pppb1ppp/3p4/3Pbn2/4N3/2P5/PP2RPPP/R1BQ1BK1 w - - 1 15
g5d2,r2qr1k1/pppb2pp/3p1p2/3PbnB1/4N3/2P5/PP2RPPP/R2Q1BK1 w - - 0 16
e2e1,r2qr1k1/ppp3pp/3p1p2/1b1Pbn2/4N3/2P5/PP1BRPPP/R2Q1BK1 w - - 2 17
g1f1,r2qr1k1/ppp3pp/3p1p2/3Pbn2/4N3/2P5/PP1B1PPP/R2QRbK1 w - - 0 18
d1h5,r2qr1k1/pp4pp/2pp1p2/3Pbn2/4N3/2P5/PP1B1PPP/R2QRK2 w - - 0 19
h5f3,r2qr1k1/pp5p/2pp1pp1/3Pbn1Q/4N3/2P5/PP1B1PPP/R3RK2 w - - 0 20
e4g3,r2qr1k1/pp5p/3p1pp1/3pbn2/4N3/2P2Q2/PP1B1PPP/R3RK2 w - - 0 21
f3d3,r2qr1k1/pp2n2p/3p1pp1/3pb3/8/2P2QN1/PP1B1PPP/R3RK2 w - - 2 22
d2g5,r2qr1k1/pp2n2p/3p2p1/3pbp2/8/2PQ2N1/PP1B1PPP/R3RK2 w - - 0 23
f2f4,r3r1k1/pp2n2p/1q1p2p1/3pbpB1/8/2PQ2N1/PP3PPP/R3RK2 w - - 2 24
f4e5,r3r1k1/pp5p/1qnp2p1/3pbpB1/5P2/2PQ2N1/PP4PP/R3RK2 w - - 1 25
c1e3,r3k1nr/pp2bppp/1qn1p3/3pP3/1P4b1/2P2N2/P3BPPP/RNBQ1RK1 w kq - 1 10
b1d2,r3k1nr/ppq1bppp/2n1p3/3pP3/1P4b1/2P1BN2/P3BPPP/RN1Q1RK1 w kq - 3 11
h2h3,r3k2r/ppq1bppp/2n1p2n/3pP3/1P4b1/2P1BN2/P2NBPPP/R2Q1RK1 w kq - 5 12
d2f3,r3k2r/ppq1bppp/2n1p2n/3pP3/1P6/2P1Bb1P/P2NBPP1/R2Q1RK1 w kq - 0 13
e3f4,r3k2r/ppq1bppp/2n1p3/3pPn2/1P6/2P1BN1P/P3BPP1/R2Q1RK1 w kq - 1 14
f1e1,r3k2r/ppq1bpp1/2n1p3/3pPn1p/1P3B2/2P2N1P/P3BPP1/R2Q1RK1 w kq - 0 15
e2d3,r3k1r1/ppq1bpp1/2n1p3/3pPn1p/1P3B2/2P2N1P/P3BPP1/R2QR1K1 w q - 2 16
f4h2,r3k1r1/ppq1bp2/2n1p3/3pPnpp/1P3B2/2PB1N1P/P4PP1/R2QR1K1 w q - 0 17
d3f5,r3k1r1/ppq1bp2/2n1p3/3pPn1p/1P4p1/2PB1N1P/P4PPB/R2QR1K1 w q - 0 18
d1f3,r3k1r1/ppq1bp2/2n1p3/3pPB1p/1P6/2P2p1P/P4PPB/R2QR1K1 w q - 0 19
e5e6,r3k1r1/ppq1bp2/2n5/3pPp1p/1P6/2P2Q1P/P4PPB/R3R1K1 w q - 0 20
f3f5,r1q1k1r1/pp2bp2/2n1P3/3p1p1p/1P6/2P2Q1P/P4PPB/R3R1K1 w q - 1 21
e1e6,r1q1k1r1/pp2b3/2n1p3/3p1Q1p/1P6/2P4P/P4PPB/R3R1K1 w q - 0 22
e6e7,r1q1k3/pp2b3/2n1R3/3p1Qrp/1P6/2P4P/P4PPB/R5K1 w q - 1 23
f5g5,r1q1k3/pp2n3/8/3p1Qrp/1P6/2P4P/P4PPB/R5K1 w q - 0 24
a1c1,r3k3/pp2n3/8/3p2Qp/1P6/2q4P/P4PPB/R5K1 w q - 0 25
g5h5,r3k3/pp2n3/8/3p2Qp/1q6/7P/P4PPB/2R3K1 w q - 0 26
c1c7,r7/pp1kn3/8/3p3Q/1q6/7P/P4PPB/2R3K1 w - - 1 27
h5e5,r7/ppR1n3/4k3/3p3Q/1q6/7P/P4PPB/6K1 w - - 3 28
b8c6,rnb2rk1/ppq1ppbp/5np1/2p5/8/1PN1PN2/PB1PBPPP/2RQ1RK1 b - - 3 10
b7b6,r1b2rk1/ppq1ppbp/2n2np1/2p5/N7/1P2PN2/PB1PBPPP/2RQ1RK1 b - - 5 11
f8d8,r1b2rk1/p1q1ppbp/1pn2np1/2p5/N2P4/1P2PN2/PB2BPPP/2RQ1RK1 b - - 0 12
a8b8,r1br2k1/p1q1ppbp/1pn2np1/2p5/N2P4/1P2PN2/PB2BPPP/2R1QRK1 b - - 2 13
b6b5,1rbr2k1/p1q1ppbp/1pn2np1/2P5/N7/1P2PN2/PB2BPPP/2R1QRK1 b - - 0 14
a7a6,1rbr2k1/p1q1ppbp/2n2np1/1pP5/8/1PN1PN2/PB2BPPP/2R1QRK1 b - - 1 15
e7e5,1rbr2k1/2q1ppbp/p1n2np1/1pP5/8/PPN1PN2/1B2BPPP/2R1QRK1 b - - 0 16
c8f5,1rbr2k1/2q2pbp/p1n2np1/1pP1p3/1P6/P1N1PN2/1B2BPPP/2R1QRK1 b - - 0 17
e5e4,1r1r2k1/2q2pbp/p1n2np1/1pP1pb2/1P6/P1N1PN1P/1B2BPP1/2R1QRK1 b - - 0 18
c6e5,1r1r2k1/2q2pbp/p1n2np1/1pP2b2/1P2p3/P1N1P2P/1B1NBPP1/2R1QRK1 b - - 1 19
f5g4,1r1r2k1/2q2pbp/p4np1/1pP1nb2/1P2p1P1/P1N1P2P/1B1NBP2/2R1QRK1 b - - 0 20
f6g4,1r1r2k1/2q2pbp/p4np1/1pP1n3/1P2p1P1/P1N1P3/1B1NBP2/2R1QRK1 b - - 0 21
e5f3,1r1r2k1/2q2pbp/p5p1/1pP1n3/1P2N1n1/P3P3/1B1NBP2/2R1QRK1 b - - 0 22
e1c1,r1bq1rkn/ppp1bpp1/2npp2p/4P2P/3P4/2N1BN2/PPPQ1PP1/R3KB1R w KQ - 0 10
d4e5,r1bq1rkn/ppp1bpp1/2n1p2p/4p2P/3P4/2N1BN2/PPPQ1PP1/2KR1B1R w - - 0 11
d1d2,r1b2rkn/ppp1bpp1/2n1p2p/4P2P/8/2N1BN2/PPPq1PP1/2KR1B1R w - - 0 12
f1e2,r1b2rkn/1pp1bpp1/p1n1p2p/4P2P/8/2N1BN2/PPPR1PP1/2K2B1R w - - 0 13
c3e4,r1b2rkn/1pp1bpp1/p3p2p/4P2P/1n6/2N1BN2/PPPRBPP1/2K4R w - - 2 14
c1b1,r1b2rkn/1pp1bpp1/p3p2p/4P2P/4N3/4BN2/nPPRBPP1/2K4R w - - 0 15
g2g4,r1b2rkn/1pp1bpp1/p3p2p/4P2P/1n2N3/4BN2/1PPRBPP1/1K5R w - - 2 16
g4g5,r1b2rkn/1pp1bpp1/p3p2p/3nP2P/4N1P1/4BN2/1PPRBP2/1K5R w - - 1 17
f2e3,r1b2rkn/1pp1bpp1/p3p2p/4P1PP/4N3/4nN2/1PPRBP2/1K5R w - - 0 18
f3g5,r1b2rkn/1pp1bpp1/p3p3/4P1pP/4N3/4PN2/1PPRB3/1K5R w - - 0 19
e5f6,r1b2rkn/1pp1b1p1/p3pp2/4P1NP/4N3/4P3/1PPRB3/1K5R w - - 0 20
g5f3,r1b2rkn/1pp1b3/p3pp2/6NP/4N3/4P3/1PPRB3/1K5R w - - 0 21
h1g1,r1b2rkn/1pp1b3/p3p3/5p1P/4N3/4PN2/1PPRB3/1K5R w - - 0 22
e4g5,r1b2r1n/1pp1b2k/p3p3/5p1P/4N3/4PN2/1PPRB3/1K4R1 w - - 2 23
e2c4,r1b2r1n/1pp1b3/p3p2k/5pNP/8/4PN2/1PPRB3/1K4R1 w - - 4 24
f3g5,r1b2r1n/1pp5/p3p2k/5pbP/2B5/4PN2/1PPR4/1K4R1 w - - 0 25
d2g2,r1b1r2n/1pp5/p3p2k/5pNP/2B5/4P3/1PPR4/1K4R1 w - - 1 26
c4d3,r1b1r2n/2p5/p3p2k/1p3pNP/2B5/4P3/1PP3R1/1K4R1 w - - 0 27
g2g3,r3r2n/1bp5/p3p2k/1p3pNP/8/3BP3/1PP3R1/1K4R1 w - - 2 28
b2b4,r6n/1bp1r3/p3p2k/1p3pNP/8/3BP1R1/1PP5/1K4R1 w - - 4 29
d7f8,r1bqr1k1/pp1nbppp/2p2n2/3p2B1/3P4/2NBPN2/PPQ2PPP/R4RK1 b - - 6 10
c8e6,r1bqrnk1/pp2bppp/2p2n2/3p2B1/3P4/2NBPN1P/PPQ2PP1/R4RK1 b - - 0 11
a7a5,r2qrnk1/pp2bppp/2p1bn2/3p2B1/3P4/2NBPN1P/PPQ2PP1/1R3RK1 b - - 2 12
f6d7,r2qrnk1/1p2bppp/2p1bn2/p2p2B1/3P4/P1NBPN1P/1PQ2PP1/1R3RK1 b - - 0 13
f8g6,r2qrnk1/1p1nbppp/2p1b3/p2p4/3P1B2/P1NBPN1P/1PQ2PP1/1R3RK1 b - - 2 14
d7b6,r2qr1k1/1p1nbppp/2p1b1n1/p2p4/3P4/P1NBPN1P/1PQ2PPB/1R3RK1 b - - 4 15
e7d6,r2qr1k1/1p2bppp/1np1b1n1/p2p4/3P4/P1NBP2P/1PQN1PPB/1R3RK1 b - - 6 16
d8d6,r2qr1k1/1p3ppp/1npBb1n1/p2p4/3P4/P1NBP2P/1PQN1PP1/1R3RK1 b - - 0 17
b6c4,r3r1k1/1p3ppp/1npqb1n1/p2p4/1P1P4/P1NBP2P/2QN1PP1/1R3RK1 b - - 0 18
d5c4,r3r1k1/1p3ppp/2pqb1n1/p2p4/1PNP4/P1NBP2P/2Q2PP1/1R3RK1 b - - 0 19
h7g6,r3r1k1/1p3ppp/2pqb1B1/p7/1PpP4/P1N1P2P/2Q2PP1/1R3RK1 b - - 0 20
a8a5,r3r1k1/1p3pp1/2pqb1p1/P7/2pP4/P1N1P2P/2Q2PP1/1R3RK1 b - - 0 21
a5a3,4r1k1/1R3pp1/2pqb1p1/r7/2pP4/P1N1P2P/2Q2PP1/5RK1 b - - 0 22
d6d5,4r1k1/1R3pp1/2pqb1p1/8/2pPN3/r3P2P/2Q2PP1/5RK1 b - - 1 23
e8a8,4r1k1/1R3pp1/2p1b1p1/2Nq4/2pP4/r3P2P/2Q2PP1/5RK1 b - - 3 24
c4c3,r5k1/1R3pp1/2p1b1p1/2Nq4/2pP4/r3P2P/2Q2PP1/2R3K1 b - - 5 25
d5e6,r5k1/1R3pp1/2p1N1p1/3q4/3P4/r1p1P2P/2Q2PP1/2R3K1 b - - 0 26
e6f6,r5k1/1R3pp1/2p1q1p1/8/3P4/r1pQP2P/5PP1/2R3K1 b - - 1 27
a3a1,r5k1/1R3pp1/2p2qp1/8/3P4/r1RQP2P/5PP1/6K1 b - - 0 28
f6f2,r5k1/5pp1/2p2qp1/8/3P4/2RQP2P/5PP1/rR4K1 b - - 2 29
f3d4,r3k1nr/pp1b1ppp/1q2p3/2bpP3/3n4/3B1N2/PP1N1PPP/R1BQ1RK1 w kq - 2 10
d2f3,r3k1nr/pp1b1ppp/1q2p3/3pP3/3b4/3B4/PP1N1PPP/R1BQ1RK1 w kq - 0 11
d1e2,r3k2r/pp1bnppp/1q2p3/3pP3/3b4/3B1N2/PP3PPP/R1BQ1RK1 w kq - 2 12
f1d1,r3k2r/pp1b1ppp/1q2p1n1/3pP3/3b4/3B1N2/PP2QPPP/R1B2RK1 w kq - 4 13
a1b1,r3k2r/pp1b1ppp/1q2p1n1/2bpP3/8/3B1N2/PP2QPPP/R1BR2K1 w kq - 6 14
c1d2,r3k2r/1p1b1ppp/1q2p1n1/p1bpP3/8/3B1N2/PP2QPPP/1RBR2K1 w kq - 0 15
h2h4,r4rk1/1p1b1ppp/1q2p1n1/p1bpP3/8/3B1N2/PP1BQPPP/1R1R2K1 w - - 2 16
h4h5,r4rk1/1p1b2pp/1q2p1n1/p1bpPp2/7P/3B1N2/PP1BQPP1/1R1R2K1 w - f6 0 17
h5h6,r4rk1/1p1bn1pp/1q2p3/p1bpPp1P/8/3B1N2/PP1BQPP1/1R1R2K1 w - - 1 18
d2g5,r4rk1/1p1bn2p/1q2p1pP/p1bpPp2/8/3B1N2/PP1BQPP1/1R1R2K1 w - - 0 19
a2a3,r4rk1/1p1b3p/1qn1p1pP/p1bpPpB1/8/3B1N2/PP2QPP1/1R1R2K1 w - - 2 20
f3d4,r4rk1/1p1b3p/1q2p1pP/p1bpPpB1/3n4/P2B1N2/1P2QPP1/1R1R2K1 w - - 1 21
b2b4,r4rk1/1p1b3p/1q2p1pP/p2pPpB1/3b4/P2B4/1P2QPP1/1R1R2K1 w - - 0 22
g5e7,r4rk1/1p1b3p/1q2p1pP/3pPpB1/pP1b4/P2B4/4QPP1/1R1R2K1 w - - 0 23
e7c5,r1r3k1/1p1bB2p/1q2p1pP/3pPp2/pP1b4/P2B4/4QPP1/1R1R2K1 w - - 2 24
b4c5,r1r3k1/1p1b3p/1q2p1pP/2bpPp2/pP6/P2B4/4QPP1/1R1R2K1 w - - 0 25
b1b7,r1r3k1/1p1b3p/4p1pP/2qpPp2/p7/P2B4/4QPP1/1R1R2K1 w - - 0 26
d1b1,r5k1/1Rrb3p/4p1pP/2qpPp2/p7/P2B4/4QPP1/3R2K1 w - - 1 27
e2b2,2r3k1/1Rrb3p/4p1pP/2qpPp2/p7/P2B4/4QPP1/1R4K1 w - - 3 28
b7c7,2r1b1k1/1Rr4p/4p1pP/2qpPp2/p7/P2B4/1Q3PP1/1R4K1 w - - 5 29
e4d5,r3k1nr/pp1nppbp/2p3p1/q2p4/2BPPPb1/2N1BN2/PPPQ2PP/2KR3R w kq - 0 10
g2f3,r3k1nr/pp1nppbp/2p3p1/q2P4/2BP1P2/2N1Bb2/PPPQ2PP/2KR3R w kq - 0 11
c4b3,r3k1nr/pp2ppbp/1np3p1/q2P4/2BP1P2/2N1BP2/PPPQ3P/2KR3R w kq - 1 12
c1b1,r3k1nr/pp2ppbp/1n4p1/q2p4/3P1P2/1BN1BP2/PPPQ3P/2KR3R w kq - 0 13
f4f5,r3k1nr/pp3pbp/1n2p1p1/q2p4/3P1P2/1BN1BP2/PPPQ3P/1K1R3R w kq - 0 14
h1g1,r3k1nr/pp3pbp/1n2p3/q2p1p2/3P4/1BN1BP2/PPPQ3P/1K1R3R w kq - 0 15
e3f4,r3kbnr/pp3p1p/1n2p3/q2p1p2/3P4/1BN1BP2/PPPQ3P/1K1R2R1 w kq - 2 16
f4e5,r3k1nr/pp2bp1p/1n2p3/q2p1p2/3P1B2/1BN2P2/PPPQ3P/1K1R2R1 w kq - 4 17
e5f6,r3k2r/pp2bp1p/1n2pn2/q2pBp2/3P4/1BN2P2/PPPQ3P/1K1R2R1 w kq - 6 18
c3d5,r3k2r/pp3p1p/1n2pb2/q2p1p2/3P4/1BN2P2/PPPQ3P/1K1R2R1 w kq - 0 19
d5f6,r3k2r/pp3p1p/1n2pb2/3N1p2/3P4/1B3P2/PPPq3P/1K1R2R1 w kq - 0 20
d1d2,r6r/pp2kp1p/1n2pN2/5p2/3P4/1B3P2/PPPq3P/1K1R2R1 w - - 1 21
d2g2,r6r/pp3p1p/1n2pk2/5p2/3P4/1B3P2/PPPR3P/1K4R1 w - - 0 22
c2c3,r6r/1p3p1p/1n2pk2/p4p2/3P4/1B3P2/PPP3RP/1K4R1 w - - 0 23
a2a4,3r3r/1p3p1p/1n2pk2/p4p2/3P4/1BP2P2/PP4RP/1K4R1 w - - 1 24
b3d5,3r3r/1p3p1p/4pk2/p2n1p2/P2P4/1BP2P2/1P4RP/1K4R1 w - - 1 25
f3f4,7r/1p3p1p/4pk2/p2r1p2/P2P4/2P2P2/1P4RP/1K4R1 w - - 0 26
a4b5,7r/5p1p/4pk2/pp1r1p2/P2P1P2/2P5/1P4RP/1K4R1 w - - 0 27
g2g8,7r/5p1p/4pk2/pr3p2/3P1P2/2P5/1P4RP/1K4R1 w - - 0 28
g8h8,1r4Rr/5p1p/4pk2/p4p2/3P1P2/2P5/1P5P/1K4R1 w - - 2 29
e5d4,r1bq1rk1/pp1n1ppp/3b1n2/3Pp3/3P4/3B1N2/PP1N1PPP/R1BQ1RK1 b - - 0 10
d7b6,r1bq1rk1/pp1n1ppp/3b1n2/3P4/2Np4/3B1N2/PP3PPP/R1BQ1RK1 b - - 1 11
d8d6,r1bq1rk1/pp3ppp/1n1N1n2/3P4/3p4/3B1N2/PP3PPP/R1BQ1RK1 b - - 0 12
c8g4,r1b2rk1/pp3ppp/1n1q1n2/3P4/3p4/5N2/PPB2PPP/R1BQ1RK1 b - - 1 13
g4f3,r4rk1/pp3ppp/1n1q1n2/3P4/3Q2b1/5N2/PPB2PPP/R1B2RK1 b - - 0 14
a8c8,r4rk1/pp3ppp/1n1q1n2/3P4/3Q4/5P2/PPB2P1P/R1B2RK1 b - - 0 15
f6d5,2r2rk1/pp3ppp/1n1q1n2/3P4/3Q4/1B3P2/PP3P1P/R1B2RK1 b - - 2 16
f8d8,2r2rk1/pp3ppp/1n1q4/3n4/3Q4/1B3P2/PP1B1P1P/R4RK1 b - - 1 17
d6g6,2rr2k1/pp3ppp/1n1q4/3n4/3Q4/1B3P2/PP1B1P1P/2R2RK1 b - - 3 18
d5f6,2rr2k1/pp3ppp/1n4q1/3n4/6Q1/1B3P2/PP1B1P1P/2R2RK1 b - - 5 19
h7g6,2rr2k1/pp3ppp/1n3nQ1/8/8/1B3P2/PP1B1P1P/2R2RK1 b - - 0 20
f6d5,2rr2k1/pp3pp1/1n3np1/8/8/1B2BP2/PP3P1P/2R2RK1 b - - 1 21
d8c8,2Rr2k1/pp3pp1/1n4p1/3n4/8/1B2BP2/PP3P1P/5RK1 b - - 0 22
c8c1,2r3k1/pp3pp1/1n4p1/3n4/8/1B2BP2/PP3P1P/2R3K1 b - - 1 23
d5b4,6k1/pp3pp1/1n4p1/3n4/8/1B3P2/PP3P1P/2B3K1 b - - 0 24
b4d3,6k1/pp3pp1/1n4p1/8/1n6/1B2BP2/PP3P1P/6K1 b - - 2 25
g8f8,6k1/pp3pp1/1n4p1/8/3B4/1B1n1P2/PP3P1P/6K1 b - - 4 26
d3f4,5k2/pp3pp1/1n4p1/8/3B4/1B1n1P2/PP3P1P/5K2 b - - 6 27
g6g5,5k2/pp3pp1/1n4p1/8/P2B1n2/1B3P2/1P3P1P/5K2 b - - 0 28
b6c8,5k2/pp3pp1/1n6/P5p1/3B1n2/1B3P2/1P3P1P/5K2 b - - 0 29
g5f6,r1bqk2r/4bppp/p1np1n2/1p1Np1B1/4P3/N7/PPP2PPP/R2QKB1R w KQkq - 4 10
c2c4,r1bqk2r/5ppp/p1np1b2/1p1Np3/4P3/N7/PPP2PPP/R2QKB1R w KQkq - 0 11
a3c2,r1bqk2r/5ppp/p1np1b2/3Np3/1pP1P3/N7/PP3PPP/R2QKB1R w KQkq - 0 12
g2g3,r1bq1rk1/5ppp/p1np1b2/3Np3/1pP1P3/8/PPN2PPP/R2QKB1R w KQ - 2 13
f1g2,r1bq1rk1/5ppp/p1np4/3Np1b1/1pP1P3/6P1/PPN2P1P/R2QKB1R w KQ - 1 14
e1g1,r1b2rk1/5ppp/p1np4/q2Np1b1/1pP1P3/6P1/PPN2PBP/R2QK2R w KQ - 3 15
d1d3,r1b2rk1/5ppp/p1np4/2qNp1b1/1pP1P3/6P1/PPN2PBP/R2Q1RK1 w - - 5 16
h2h4,r1b2rk1/5ppp/2np4/p1qNp1b1/1pP1P3/3Q2P1/PPN2PBP/R4RK1 w - - 0 17
a2a3,r1b2rk1/5ppp/2np3b/p1qNp3/1pP1P2P/3Q2P1/PPN2PB1/R4RK1 w - - 1 18
c2a3,r1b2rk1/5ppp/2np3b/p1qNp3/2P1P2P/p2Q2P1/1PN2PB1/R4RK1 w - - 0 19
a3b5,r4rk1/5ppp/2npb2b/p1qNp3/2P1P2P/N2Q2P1/1P3PB1/R4RK1 w - - 1 20
b2b3,r2r2k1/5ppp/2npb2b/pNqNp3/2P1P2P/3Q2P1/1P3PB1/R4RK1 w - - 3 21
g1h2,r2r2k1/5p1p/2npb1pb/pNqNp3/2P1P2P/1P1Q2P1/5PB1/R4RK1 w - - 0 22
e4d5,r2r2k1/5p1p/2np2pb/pNqbp3/2P1P2P/1P1Q2P1/5PBK/R4R2 w - - 0 23
d3e2,r2r2k1/5p1p/3p2pb/pNqPp3/1nP4P/1P1Q2P1/5PBK/R4R2 w - - 1 24
h4h5,r2r2k1/7p/3p2pb/pNqPpp2/1nP4P/1P4P1/4QPBK/R4R2 w - - 0 25
f2f3,r2r2k1/7p/3p2pb/pNqP1p1P/1nP1p3/1P4P1/4QPBK/R4R2 w - - 0 26
f3f4,r2r2k1/7p/3p2pb/pNqP1p1P/1nP5/1P2pPP1/4Q1BK/R4R2 w - - 0 27
g3g4,r5k1/3r3p/3p2pb/pNqP1p1P/1nP2P2/1P2p1P1/4Q1BK/R4R2 w - - 1 28
e2g4,r5k1/3r3p/3p2pb/pNqP3P/1nP2Pp1/1P2p3/4Q1BK/R4R2 w - - 0 29
f3g2,r2q1rk1/pp1nppbp/2pp1np1/8/2PP4/2N2BPP/PP2PP2/R1BQ1RK1 w - - 1 10
e2e3,r2q1rk1/pp1n1pbp/2pp1np1/4p3/2PP4/2N3PP/PP2PPB1/R1BQ1RK1 w - - 0 11
a1b1,r2q1rk1/pp1n1pb1/2pp1np1/4p2p/2PP4/2N1P1PP/PP3PB1/R1BQ1RK1 w - - 0 12
d4d5,r2qr1k1/pp1n1pb1/2pp1np1/4p2p/2PP4/2N1P1PP/PP3PB1/1RBQ1RK1 w - - 2 13
e3e4,r2qr1k1/pp1n1pb1/3p1np1/2pPp2p/2P5/2N1P1PP/PP3PB1/1RBQ1RK1 w - - 0 14
c1g5,r2qr1k1/pp1n1pb1/3p1np1/2pPp3/2P1P2p/2N3PP/PP3PB1/1RBQ1RK1 w - - 0 15
f2g3,r2qr1k1/pp1n1pb1/3p1np1/2pPp1B1/2P1P3/2N3pP/PP3PB1/1R1Q1RK1 w - - 0 16
d1d3,r3r1k1/pp1n1pb1/3p1np1/q1pPp1B1/2P1P3/2N3PP/PP4B1/1R1Q1RK1 w - - 1 17
a2a3,r3r1k1/1p1n1pb1/p2p1np1/q1pPp1B1/2P1P3/2NQ2PP/PP4B1/1R3RK1 w - - 0 18
g1h2,1r2r1k1/1p1n1pb1/p2p1np1/q1pPp1B1/2P1P3/P1NQ2PP/1P4B1/1R3RK1 w - - 1 19
c4b5,1r2r1k1/3n1pb1/p2p1np1/qppPp1B1/2P1P3/P1NQ2PP/1P4BK/1R3R2 w - - 0 20
g3g4,1r2r1k1/3n1pb1/3p1np1/qppPp1B1/4P3/P1NQ2PP/1P4BK/1R3R2 w - - 0 21
a3b4,1r2r1k1/3n1pb1/3p1np1/q1pPp1B1/1p2P1P1/P1NQ3P/1P4BK/1R3R2 w - - 0 22
d3e2,4r1k1/3n1pb1/3p1np1/q1pPp1B1/1r2P1P1/2NQ3P/1P4BK/1R3R2 w - - 0 23
g5d2,4r1k1/3n1pbn/3p2p1/q1pPp1B1/1r2P1P1/2N4P/1P2Q1BK/1R3R2 w - - 2 24
g4g5,4r1k1/3n1pbn/1q1p2p1/2pPp3/1r2P1P1/2N4P/1P1BQ1BK/1R3R2 w - - 4 25
b1b2,4r1k1/3n1pbn/1q1p2p1/2pPp1P1/4P3/2N4P/1r1BQ1BK/1R3R2 w - - 0 26
f1b1,4r1k1/3n1pbn/3p2p1/2pPp1P1/4P3/2N4P/1q1BQ1BK/5R2 w - - 0 27
b1c1,4r1k1/3n1pbn/3p2p1/2pPp1P1/4P3/2N4P/2qBQ1BK/1R6 w - - 2 28
c1b1,4r1k1/3n1pbn/3p2p1/2pPp1P1/4P3/2N4P/1q1BQ1BK/2R5 w - - 4 29
e7e6,r1bqkb1r/pp2pp1p/2n3p1/3B4/3P4/1Q3N2/PP3PPP/R1B1K2R b KQkq - 0 10
b7c6,r1bqkb1r/pp3p1p/2B1p1p1/8/3P4/1Q3N2/PP3PPP/R1B1K2R b KQkq - 0 11
f8g7,r1bqkb1r/p4p1p/2p1p1p1/8/3P4/1Q3N2/PP3PPP/R1B2RK1 b kq - 1 12
d8d6,r1bqk2r/p4pbp/2p1p1p1/6B1/3P4/1Q3N2/PP3PPP/R4RK1 b kq - 3 13
e8g8,r1b1k2r/p4pbp/2pqp1p1/6B1/3P4/1Q3N2/PP3PPP/R2R2K1 b kq - 5 14
a8b8,r1b2rk1/p4pbp/2pqp1p1/6B1/3P4/1Q3N2/PP3PPP/2RR2K1 b - - 7 15
c8a6,1rb2rk1/p4pbp/2pqp1p1/6B1/3P4/2Q2N2/PP3PPP/2RR2K1 b - - 9 16
f8c8,1r3rk1/p4pbp/b1pqp1p1/6B1/3P4/2Q2N2/PPR2PPP/3R2K1 b - - 11 17
c6c5,1rr3k1/p4pbp/b1pqp1p1/Q5B1/3P4/5N2/PPR2PPP/3R2K1 b - - 13 18
d6f4,1rr3k1/p4pbp/b2qp1p1/Q1p5/3P1B2/5N2/PPR2PPP/3R2K1 b - - 1 19
c8d8,1rr3k1/p4pbp/Q3p1p1/2p5/3P1q2/5N2/PPR2PPP/3R2K1 b - - 0 20
c5d4,1r1r2k1/Q4pbp/4p1p1/2p5/3P1q2/5N2/PPR2PPP/3R2K1 b - - 0 21
e6e5,1r1r2k1/Q4pbp/4p1p1/8/3p1q2/5N2/PP1R1PPP/3R2K1 b - - 1 22
f4f5,1r1r2k1/Q4pbp/6p1/4p3/P2p1q2/5N2/1P1R1PPP/3R2K1 b - - 0 23
h7h5,1r1r2k1/Q4pbp/6p1/P3pq2/3p4/5N2/1P1R1PPP/3R2K1 b - - 0 24
f5g4,1r1r2k1/Q4pb1/6p1/P3pq1p/3p3P/5N2/1P1R1PP1/3R2K1 b - - 0 25
d8c8,1r1r2k1/2Q2pb1/6p1/P3p2p/3p2qP/5N2/1P1R1PP1/3R2K1 b - - 2 26
c8d8,1rr3k1/5pb1/3Q2p1/P3p2p/3p2qP/5N2/1P1R1PP1/3R2K1 b - - 4 27
b8c8,1r1r2k1/2Q2pb1/6p1/P3p2p/3p2qP/5N2/1P1R1PP1/3R2K1 b - - 6 28
e5e4,2rr2k1/5pb1/1Q4p1/P3p2p/3p2qP/5N2/1P1R1PP1/3R2K1 b - - 8 29
a7a5,r1bq1rk1/ppp2pb1/3p1np1/2nPp2p/2P1P1P1/2N1BB1P/PP3P2/R2QK1NR b KQ - 2 10
g6h5,r1bq1rk1/1pp2pb1/3p1np1/p1nPp2P/2P1P3/2N1BB1P/PP3P2/R2QK1NR b KQ - 0 11
c7c6,r1bq1rk1/1pp2pb1/3p1n2/p1nPp2p/2P1P3/2N1BB1P/PP2NP2/R2QK2R b KQ - 1 12
c6d5,r1bq1rk1/1p3pb1/2pp1n2/p1nPp2p/2P1P3/2N1BB1P/PP1QNP2/R3K2R b KQ - 1 13
b7b6,r1bq1rk1/1p3pb1/3p1n2/p1nPp2p/4P3/2N1BB1P/PP1QNP2/R3K2R b KQ - 0 14
g8h8,r1bq1rk1/5pb1/1p1p1n2/p1nPp2p/4P3/2N1BB1P/PP1QNP2/R3K1R1 b Q - 1 15
f8g8,r1bq1r1k/5pb1/1p1p1n2/p1nPp2p/4P3/2N1BB1P/PP1QNP2/2KR2R1 b - - 3 16
c8d7,r1bq2rk/5pb1/1p1p1n1B/p1nPp2p/4P3/2N2B1P/PP1QNP2/2KR2R1 b - - 5 17
g7f8,r2q2rk/3b1pb1/1p1p1n1B/p1nPp1Qp/4P3/2N2B1P/PP2NP2/2KR2R1 b - - 7 18
b6b5,r2q1brk/3b1p2/1p1p1n1B/p1nPp2p/4P3/2N1QB1P/PP2NP2/2KR2R1 b - - 9 19
g8g6,r2q1brk/3b1p2/3p1n1B/ppnPp2p/4P3/2N1QBNP/PP3P2/2KR2R1 b - - 1 20
d8f8,r2q1B1k/3b1p2/3p1nr1/ppnPp2p/4P3/2N1QBNP/PP3P2/2KR2R1 b - - 0 21
f6h5,r4q1k/3b1p2/3p1nr1/ppnPp2N/4P3/2N1QB1P/PP3P2/2KR2R1 b - - 0 22
g6f6,r4q1k/3b1p2/3p2r1/ppnPp2B/4P3/2N1Q2P/PP3P2/2KR2R1 b - - 0 23
b5b4,r4q1k/3b1p2/3p1r2/ppnPp1RB/4P3/2N1Q2P/PP3P2/2KR4 b - - 2 24
f6h6,r4q1k/3b1p2/3p1r2/p1nPp1RB/1p2P3/4Q2P/PP2NP2/2KR4 b - - 1 25
h6h7,r4q1k/3b1p2/3p3r/p1nPp1RB/1p2P3/4Q2P/PP2NP2/2K3R1 b - - 3 26
d7g4,r4q1k/3b1p1r/3p4/p1nPp1R1/1p2P1B1/4Q2P/PP2NP2/2K3R1 b - - 5 27
f7f6,r4q1k/5p1r/3p4/p1nPp1R1/1p2P1R1/4Q2P/PP2NP2/2K5 b - - 0 28
f6f5,r4q1k/7r/3p1pR1/p1nPp3/1p2P1R1/4Q2P/PP2NP2/2K5 b - - 1 29
h2h3,r3k1nr/p2nppbp/2pp2p1/qp6/3PPPb1/2NQBN2/PPP3PP/1K1R1B1R w kq - 0 10
d4d5,r3k1nr/p2nppbp/2ppb1p1/qp6/3PPP2/2NQBN1P/PPP3P1/1K1R1B1R w kq - 1 11
c3e2,r3k1nr/p2nppbp/2ppb1p1/q2P4/1p2PP2/2NQBN1P/PPP3P1/1K1R1B1R w kq - 0 12
e4d5,r3k1nr/p2nppbp/3pb1p1/q2p4/1p2PP2/3QBN1P/PPP1N1P1/1K1R1B1R w kq - 0 13
d3b3,r3k1nr/p2nppbp/3p2p1/q2P1b2/1p3P2/3QBN1P/PPP1N1P1/1K1R1B1R w kq - 1 14
e3c5,r3k1nr/p3ppbp/3p2p1/q1nP1b2/1p3P2/1Q2BN1P/PPP1N1P1/1K1R1B1R w kq - 3 15
e2d4,r3k1nr/p3ppbp/3p2p1/2qP1b2/1p3P2/1Q3N1P/PPP1N1P1/1K1R1B1R w kq - 0 16
f1b5,r3k1nr/p3ppbp/3p2p1/2qP4/1p1NbP2/1Q3N1P/PPP3P1/1K1R1B1R w kq - 2 17
b5c6,r4knr/p3ppbp/3p2p1/1BqP4/1p1NbP2/1Q3N1P/PPP3P1/1K1R3R w - - 4 18
f3g5,1r3knr/p3ppbp/2Bp2p1/2qP4/1p1NbP2/1Q3N1P/PPP3P1/1K1R3R w - - 6 19
d4f5,1r3knr/p3ppbp/2Bp2p1/2qP1bN1/1p1N1P2/1Q5P/PPP3P1/1K1R3R w - - 8 20
h1e1,1r3knr/p3ppbp/2Bp4/2qP1pN1/1p3P2/1Q5P/PPP3P1/1K1R3R w - - 0 21
g5f7,1r3knr/p3ppb1/2Bp3p/2qP1pN1/1p3P2/1Q5P/PPP3P1/1K1RR3 w - - 0 22
b3d3,1r4nr/p3pkb1/2Bp3p/2qP1p2/1p3P2/1Q5P/PPP3P1/1K1RR3 w - - 0 23
d3f5,1r5r/p3pkb1/2Bp1n1p/2qP1p2/1p3P2/3Q3P/PPP3P1/1K1RR3 w - - 2 24
f5e6,1r2r3/p3pkb1/2Bp1n1p/2qP1Q2/1p3P2/7P/PPP3P1/1K1RR3 w - - 1 25
c6e8,1r2rk2/p3p1b1/2BpQn1p/2qP4/1p3P2/7P/PPP3P1/1K1RR3 w - - 3 26
g2g4,4rk2/p3p1b1/3pQn1p/2qP4/1p3P2/7P/PPP3P1/1K1RR3 w - - 0 27
g4g5,2q1rk2/p3p1b1/3pQn1p/3P4/1p3PP1/7P/PPP5/1K1RR3 w - - 1 28
e1e6,4rk2/p3p1b1/3pqn1p/3P2P1/1p3P2/7P/PPP5/1K1RR3 w - - 0 29
f6f5,r1bqkb1r/5p1p/p1np1p2/1p1Np3/4P3/N7/PPP2PPP/R2QKB1R b KQkq - 1 10
f8g7,r1bqkb1r/5p1p/p1np4/1p1Npp2/4P3/N5P1/PPP2P1P/R2QKB1R b KQkq - 0 11
e8g8,r1bqk2r/5pbp/p1np4/1p1Npp2/4P3/N5P1/PPP2PBP/R2QK2R b KQkq - 2 12
c8f5,r1bq1rk1/5pbp/p1np4/1p1NpP2/8/N5P1/PPP2PBP/R2QK2R b KQ - 0 13
c6e7,r2q1rk1/5pbp/p1np4/1p2pb2/8/N3N1P1/PPP2PBP/R2QK2R b KQ - 1 14
e7f5,r2q1rk1/4npbp/p2p4/1p2pN2/8/N5P1/PPP2PBP/R2QK2R b KQ - 0 15
a8a7,r2q1rk1/5pbp/p2p4/1p2pn2/8/N1P3P1/PP3PBP/R2QK2R b KQ - 0 16
a7d7,3q1rk1/r4pbp/p2p4/1p2pn2/8/N1P3P1/PP3PBP/R2Q1RK1 b - - 2 17
f5e7,3q1rk1/3r1pbp/p2p4/1p2pn2/8/2P3P1/PPN2PBP/R2Q1RK1 b - - 4 18
d8b6,3q1rk1/3rnpbp/p2p4/1p2p3/P7/2P3P1/1PN2PBP/R2Q1RK1 b - - 0 19
b6b5,5rk1/3rnpbp/pq1p4/1P2p3/8/2P3P1/1PN2PBP/R2Q1RK1 b - - 0 20
a6a5,5rk1/3rnpbp/p2p4/1q2p3/1N6/2P3P1/1P3PBP/R2Q1RK1 b - - 1 21
b5d3,5rk1/3rnpbp/3p4/pq2p3/1N6/2PQ2P1/1P3PBP/R4RK1 b - - 1 22
f7f5,5rk1/3rnpbp/3p4/p3p3/8/2PN2P1/1P3PBP/R4RK1 b - - 0 23
e5e4,5rk1/3rn1bp/3p4/R3pp2/8/2PN2P1/1P3PBP/5RK1 b - - 0 24
f8b8,5rk1/3rn1bp/3p4/R4p2/4pN2/2P3P1/1P3PBP/5RK1 b - - 1 25
d6d5,1r4k1/3rn1bp/3p4/5p2/4pN2/2P3P1/RP3PBP/5RK1 b - - 3 26
d5d4,1r4k1/3rn1bp/8/3p1p2/4pN2/2P3P1/RP3PBP/3R2K1 b - - 1 27
d7d4,1r4k1/3rn1bp/8/5p2/3PpN2/6P1/RP3PBP/3R2K1 b - - 0 28
g7d4,1r4k1/4n1bp/8/5p2/3RpN2/6P1/RP3PBP/6K1 b - - 0 29
c3d5,rn1qkb1r/1b3ppp/p2ppn2/8/1p1NP1P1/2N4P/PPP2PB1/R1BQ1RK1 w kq - 0 10
e4d5,rn1qkb1r/1b3ppp/p2p1n2/3p4/1p1NP1P1/7P/PPP2PB1/R1BQ1RK1 w kq - 0 11
g4g5,rn1qk2r/1b2bppp/p2p1n2/3P4/1p1N2P1/7P/PPP2PB1/R1BQ1RK1 w kq - 1 12
d4f5,rn1qk2r/1b1nbppp/p2p4/3P2P1/1p1N4/7P/PPP2PB1/R1BQ1RK1 w kq - 1 13
d1d4,rn1q1rk1/1b1nbppp/p2p4/3P1NP1/1p6/7P/PPP2PB1/R1BQ1RK1 w - - 3 14
f2f4,rn1q1rk1/1b2bppp/p2p4/3PnNP1/1p1Q4/7P/PPP2PB1/R1B2RK1 w - - 5 15
f4e5,rn1qr1k1/1b2bppp/p2p4/3PnNP1/1p1Q1P2/7P/PPP3B1/R1B2RK1 w - - 1 16
d4h4,rn1qr1k1/1b2bppp/p7/3PpNP1/1p1Q4/7P/PPP3B1/R1B2RK1 w - - 0 17
f1d1,rn1qr1k1/4bppp/p7/3bpNP1/1p5Q/7P/PPP3B1/R1B2RK1 w - - 0 18
c1e3,rn2r1k1/4bppp/pq6/3bpNP1/1p5Q/7P/PPP3B1/R1BR2K1 w - - 2 19
g2d5,rn2r1k1/5ppp/pq6/2bbpNP1/1p5Q/4B2P/PPP3B1/R2R2K1 w - - 4 20
f5e3,rn2r1k1/5ppp/pq6/3BpNP1/1p5Q/4b2P/PPP5/R2R2K1 w - - 0 21
g1h1,rn2r1k1/5ppp/p7/3Bp1P1/1p5Q/4q2P/PPP5/R2R2K1 w - - 0 22
d1d3,1n2r1k1/r4ppp/p7/3Bp1P1/1p5Q/4q2P/PPP5/R2R3K w - - 2 23
d5e4,1n2r1k1/r4ppp/p7/3Bp1P1/1p5Q/3R3P/PPP1q3/R6K w - - 4 24
a1d1,1n2r1k1/r4p1p/p5p1/4p1P1/1p2B2Q/3R3P/PPP1q3/R6K w - - 0 25
d3d8,1n2r1k1/4rp1p/p5p1/4p1P1/1p2B2Q/3R3P/PPP1q3/3R3K w - - 2 26
g5h6,1n1Rr1k1/4rp2/p5p1/4p1Pp/1p2B2Q/7P/PPP1q3/3R3K w - h6 0 27
e4g2,1n1Rr3/4rp1k/p5pP/4p3/1p2B2Q/7P/PPP1q3/3R3K w - - 1 28
h4f6,1n1Rr3/4rp1k/p5pP/4p3/1p5Q/7P/PPq3B1/3R3K w - - 0 29
d4d5,r1bq1rk1/2ppnpbp/p1n3p1/1p6/3PP3/1B3N2/PP3PPP/RNBQ1RK1 w - - 2 10
c1d2,r1bq1rk1/2ppnpbp/p5p1/np1P4/4P3/1B3N2/PP3PPP/RNBQ1RK1 w - - 1 11
d1b3,r1bq1rk1/2ppnpbp/p5p1/1p1P4/4P3/1n3N2/PP1B1PPP/RN1Q1RK1 w - - 0 12
d2c3,r1bq1rk1/2p1npbp/p2p2p1/1p1P4/4P3/1Q3N2/PP1B1PPP/RN3RK1 w - - 0 13
b1d2,r1bq1rk1/2p1n1bp/p2p1pp1/1p1P4/4P3/1QB2N2/PP3PPP/RN3RK1 w - - 0 14
c3a5,r1b1qrk1/2p1n1bp/p2p1pp1/1p1P4/4P3/1QB2N2/PP1N1PPP/R4RK1 w - - 2 15
d5c6,r1b1qrk1/4n1bp/p2p1pp1/BppP4/4P3/1Q3N2/PP1N1PPP/R4RK1 w - c6 0 16
c6c7,r1b2rk1/4nqbp/p1Pp1pp1/Bp6/4P3/1Q3N2/PP1N1PPP/R4RK1 w - - 1 17
b3c2,r4rk1/2P1nqbp/p2pbpp1/Bp6/4P3/1Q3N2/PP1N1PPP/R4RK1 w - - 1 18
f1c1,r1r3k1/2P1nqbp/p2pbpp1/Bp6/4P3/5N2/PPQN1PPP/R4RK1 w - - 3 19
c2d3,r1r3k1/2Pbnqbp/p2p1pp1/Bp6/4P3/5N2/PPQN1PPP/R1R3K1 w - - 5 20
a5b6,r1r3k1/2Pb1qbp/p1np1pp1/Bp6/4P3/3Q1N2/PP1N1PPP/R1R3K1 w - - 7 21
f3e5,r1r3k1/2Pb1qbp/pB1p1pp1/1p2n3/4P3/3Q1N2/PP1N1PPP/R1R3K1 w - - 9 22
f2f4,r1r3k1/2Pb1qbp/pB3pp1/1p2p3/4P3/3Q4/PP1N1PPP/R1R3K1 w - - 0 23
d2f3,r1r3k1/2Pb1qbp/pB3pp1/1p6/4Pp2/3Q4/PP1N2PP/R1R3K1 w - - 0 24
a2a4,r1r3k1/2P2qbp/pB2bpp1/1p6/4Pp2/3Q1N2/PP4PP/R1R3K1 w - - 2 25
d3d6,r1r3k1/2P2qbp/pB3pp1/1p6/P1b1Pp2/3Q1N2/1P4PP/R1R3K1 w - - 1 26
d6c6,r1r2bk1/2P2q1p/pB1Q1pp1/1p6/P1b1Pp2/5N2/1P4PP/R1R3K1 w - - 3 27
c6e6,r1r2bk1/2P4p/pBQ1qpp1/1p6/P1b1Pp2/5N2/1P4PP/R1R3K1 w - - 5 28
a4b5,r1r2bk1/2P4p/pB2bpp1/1p6/P3Pp2/5N2/1P4PP/R1R3K1 w - - 0 29
c6e5,r1bqkb1r/pp3ppp/2n1p3/2PpP3/8/P1P1BP2/6PP/RN1QKBNR b KQkq - 1 10
e5g6,r1bqkb1r/pp3ppp/4p3/2Ppn3/5P2/P1P1B3/6PP/RN1QKBNR b KQkq - 0 11
f8e7,r1bqkb1r/pp3ppp/4p1n1/2Pp4/5P2/P1P1BN2/6PP/RN1QKB1R b KQkq - 2 12
e8g8,r1bqk2r/pp2bppp/4p1n1/2Pp4/5P2/P1PBBN2/6PP/RN1QK2R b KQkq - 4 13
d8c7,r1bq1rk1/pp2bppp/4p1n1/2Pp4/5P2/P1PBBN2/6PP/RN1Q1RK1 b - - 6 14
f7g6,r1b2rk1/ppq1bppp/4p1B1/2Pp4/5P2/P1P1BN2/6PP/RN1Q1RK1 b - - 0 15
e7f6,r1b2rk1/ppq1b1pp/4p1p1/2Pp4/3Q1P2/P1P1BN2/6PP/RN3RK1 b - - 1 16
g6g5,r1b2rk1/ppq3pp/4pbp1/2PpN3/3Q1P2/P1P1B3/6PP/RN3RK1 b - - 3 17
g5f4,r1b2rk1/ppq3pp/4pb2/2PpN1p1/3Q1P2/P1P1B3/3N2PP/R4RK1 b - - 1 18
b7b6,r1b2rk1/ppq3pp/4pb2/2PpN3/3Q1B2/P1P5/3N2PP/R4RK1 b - - 0 19
c7b6,r1b2rk1/p1q3pp/1P2pb2/3pN3/3Q1B2/P1P5/3N2PP/R4RK1 b - - 0 20
a7b6,r1b2rk1/p5pp/1Q2pb2/3pN3/5B2/P1P5/3N2PP/R4RK1 b - - 0 21
a2a3,rnbqr1k1/pp3ppp/2p2n2/3P4/1b3P2/2NP4/PPPBB1PP/R2QK1NR w KQ - 0 10
b2b4,rnbqr1k1/pp3ppp/2p2n2/2bP4/5P2/P1NP4/1PPBB1PP/R2QK1NR w KQ - 1 11
g1f3,rnbqr1k1/pp3ppp/1bp2n2/3P4/1P3P2/P1NP4/2PBB1PP/R2QK1NR w KQ - 1 12
c3a4,rnbqr1k1/pp3ppp/1b3n2/3p4/1P3P2/P1NP1N2/2PBB1PP/R2QK2R w KQ - 0 13
a4b6,r1bqr1k1/pp3ppp/1bn2n2/3p4/NP3P2/P2P1N2/2PBB1PP/R2QK2R w KQ - 2 14
h2h3,r1b1r1k1/pp3ppp/1qn2n2/3p4/1P3P2/P2P1N2/2PBB1PP/R2QK2R w KQ - 0 15
a3a4,r1b1r1k1/pp3ppp/1qn5/3p3n/1P3P2/P2P1N1P/2PBB1P1/R2QK2R w KQ - 1 16
e3c5,r2q1rk1/p1pbnppp/2pp4/1Bb5/4P3/2N1B3/PPP2PPP/R2Q1RK1 w - - 0 10
c5e3,r2q1rk1/p1pbnppp/3p4/1pB5/4P3/2N5/PPP2PPP/R2Q1RK1 w - - 0 11
a2a3,r2q1rk1/2pbnppp/p2p4/1p6/4P3/2N1B3/PPP2PPP/R2Q1RK1 w - - 0 12
f1e1,r2q1rk1/2pbn1pp/p2p4/1p3p2/4P3/P1N1B3/1PP2PPP/R2Q1RK1 w - - 0 13
e3d4,r2q1rk1/2pbn1pp/p2p4/1p6/4Pp2/P1N1B3/1PP2PPP/R2QR1K1 w - - 0 14
g2g3,r2q1rk1/2pbn1pp/p2p4/1p6/3BP3/P1N2p2/1PP2PPP/R2QR1K1 w - - 0 15
c3d5,r3qrk1/2pbn1pp/p2p4/1p6/3BP3/P1N2pP1/1PP2P1P/R2QR1K1 w - - 1 16
e4d5,r3qrk1/2pb2pp/p2p4/1p1n4/3BP3/P4pP1/1PP2P1P/R2QR1K1 w - - 0 17
e1e7,r4rk1/2pb2pp/p2p2q1/1p1P4/3B4/P4pP1/1PP2P1P/R2QR1K1 w - - 1 18
e7f7,r5k1/2pbRrpp/p2p2q1/1p1P4/3B4/P4pP1/1PP2P1P/R2Q2K1 w - - 3 19
d1d3,r5k1/2pb1qpp/p2p4/1p1P4/3B4/P4pP1/1PP2P1P/R2Q2K1 w - - 0 20
d3c3,r5k1/2pb2pp/p2p4/1p1q4/3B4/P2Q1pP1/1PP2P1P/R5K1 w - - 0 21
d4g7,r5k1/2pb2pp/p1qp4/1p6/3B4/P1Q2pP1/1PP2P1P/R5K1 w - - 2 22
g7c3,r5k1/2pb2Bp/p2p4/1p6/8/P1q2pP1/1PP2P1P/R5K1 w - - 0 23
a1e1,4r1k1/2pb3p/p2p4/1p6/8/P1B2pP1/1PP2P1P/R5K1 w - - 1 24
b8c6,rn1q1rk1/pp3pb1/3p1pp1/2p2b1p/2BP1N1P/2P1P3/PP1N1PP1/R2QK2R b KQ - 3 10
f8e8,r2q1rk1/pp3pb1/2np1pp1/2p2b1p/2BP1N1P/2P1PQ2/PP1N1PP1/R3K2R b KQ - 5 11
d8d7,r2qr1k1/pp3pb1/2np1pp1/2p2b1p/2BP1N1P/2P1PQ2/PP1N1PP1/R4RK1 b - - 7 12
c5d4,r3r1k1/pp1q1pb1/2np1pp1/2p2b1p/2BP1N1P/2P1P1Q1/PP1N1PP1/R4RK1 b - - 9 13
c6e7,r3r1k1/pp1q1pb1/2np1pp1/5b1p/2BP1N1P/2P3Q1/PP1N1PP1/R4RK1 b - - 0 14
d6d5,r3r1k1/pp1qnpb1/3p1pp1/5b1p/2BP1N1P/2P3Q1/PP1N1PP1/R3R1K1 b - - 2 15
f5g4,r3r1k1/pp1qnpb1/5pp1/3p1b1p/3P1N1P/1BP3Q1/PP1N1PP1/R3R1K1 b - - 1 16
g4f5,r3r1k1/pp1qnpb1/5pp1/3p3p/3P1NbP/1BP2PQ1/PP1N2P1/R3R1K1 b - - 0 17
g8h7,r3r1k1/pp1qnpb1/5pp1/3p1b1p/3P1N1P/1BP2PQ1/PP4P1/R3RNK1 b - - 2 18
f5e6,r3r3/pp1qnpbk/5pp1/3p1b1p/3P1N1P/1BP1NPQ1/PP4P1/R3R1K1 b - - 4 19
g7h6,r3r3/pp1qnpbk/4bpp1/3p3p/3P1N1P/1BP1NPQ1/PP2R1P1/R5K1 b - - 6 20
a7a6,r3r3/pp1qnp1k/4bppb/3p3p/3P1N1P/1BP1NPQ1/PP2R1P1/4R1K1 b - - 8 21
a8d8,r3r3/1p1qnp1k/p3bppb/3p3p/3P1N1P/1BP1NPQ1/PP2R1PK/4R3 b - - 1 22
f6f5,3rr3/1p1qnp1k/p3bppb/3p3p/3P1N1P/2P1NPQ1/PPB1R1PK/4R3 b - - 3 23
e7g8,3rr3/1p1qnp1k/p3b1pb/3p1p1p/3P1N1P/2P2PQ1/PPB1R1PK/4RN2 b - - 1 24
g8f6,3rr1n1/1p1q1p1k/p3b1pb/3pRp1p/3P1N1P/2P2PQ1/PPB3PK/4RN2 b - - 3 25
d7d6,3rr3/1p1q1p1k/p3bnpb/3pRp1p/3P3P/2PN1PQ1/PPB3PK/4RN2 b - - 5 26
f5f4,3rr3/1p3p1k/p2qbnpb/3p1p1p/3P3P/2PN1PQ1/PPB1R1PK/4RN2 b - - 7 27
e6f5,3rr3/1p3p1k/p2qbnpb/3p3p/3P1p1P/2PN1P2/PPB1RQPK/4RN2 b - - 1 28
d8e8,3rR3/1p3p1k/p2q1npb/3p1b1p/3P1p1P/2PN1P2/PPB2QPK/4RN2 b - - 0 29
d6g3,r1b2rk1/ppq2pp1/2nbpn1p/2Pp4/8/2PBPNB1/PP1N1PPP/R2Q1RK1 b - - 0 10
f8d8,r1b2rk1/ppq2pp1/2n1pn1p/2Pp4/8/2PBPNP1/PP1N1PP1/R2Q1RK1 b - - 0 11
e6e5,r1br2k1/ppq2pp1/2n1pn1p/2Pp4/8/2PBPNP1/PP1NQPP1/R4RK1 b - - 2 12
d5d4,r1br2k1/ppq2pp1/2n2n1p/2Ppp3/4P3/2PB1NP1/PP1NQPP1/R4RK1 b - - 0 13
c8g4,r1br2k1/ppq2pp1/2n2n1p/2P1p3/3pP3/2PB1NP1/PP1NQPP1/R1R3K1 b - - 1 14
a7a5,r2r2k1/ppq2pp1/2n2n1p/2P1p3/3pP1b1/P1PB1NP1/1P1NQPP1/R1R3K1 b - - 0 15
f6h5,r2r2k1/1pq2pp1/2n2n1p/p1P1p3/2PpP1b1/P2B1NP1/1P1NQPP1/R1R3K1 b - - 0 16
g7g5,r2r2k1/1pq2pp1/2n4p/p1P1p2n/2PpP1b1/P2B1NP1/1P1NQPP1/1RR3K1 b - - 2 17
h5f6,r2r2k1/1pq2p2/2n4p/p1P1p1pn/2PpP1b1/P2B1NP1/1P2QPP1/1RR2NK1 b - - 1 18
g4h5,r2r2k1/1pq2p2/2n2n1p/p1P1p1p1/2PpP1b1/P2B1NP1/1P2QPPN/1RR3K1 b - - 3 19
a5b4,r2r2k1/1pq2p2/2n2n1p/p1P1p1pb/1PPpP3/P2B1NP1/4QPPN/1RR3K1 b - - 0 20
a8a3,r2r2k1/1pq2p2/2n2n1p/2P1p1pb/1PPpP3/3B1NP1/4QPPN/1RR3K1 b - - 0 21
h5g6,3r2k1/1pq2p2/2n2n1p/2P1p1pb/1PPpP3/r2B1NP1/3Q1PPN/1RR3K1 b - - 2 22
d8a8,3r2k1/1pq2p2/2n2nbp/2P1p1p1/1PPpP3/r2B1NP1/3Q1PPN/1R2R1K1 b - - 4 23
g8g7,r5k1/1pq2p2/2n2nbp/2P1p1p1/1PPpP3/r2B1NP1/1R1Q1PPN/4R1K1 b - - 6 24
c7c8,r7/1pq2pk1/2n2nbp/2P1p1p1/1PPpP3/r2B1NP1/1R2QPPN/4R1K1 b - - 8 25
c6e7,r1q5/1p3pk1/2n2nbp/1PP1p1p1/2PpP3/r2B1NP1/1R2QPPN/4R1K1 b - - 0 26
c8c5,r1q5/1p2npk1/5nbp/1PP1N1p1/2PpP3/r2B2P1/1R2QPPN/4R1K1 b - - 0 27
e7g6,r7/1p2npk1/5nNp/1Pq3p1/2PpP3/r2B2P1/1R2QPPN/4R1K1 b - - 0 28
g6e5,r7/1p3pk1/5nnp/1Pq1P1p1/2Pp4/r2B2P1/1R2QPPN/4R1K1 b - - 0 29
b4d2,r1bqk1nr/pp3ppp/4n3/1P1pP3/1b1P4/8/3B1PPP/RN1QKBNR b KQkq - 2 10
f7f6,r1bqk1nr/pp3ppp/4n3/1P1pP3/3P4/8/3Q1PPP/RN2KBNR b KQkq - 0 11
g8e7,r1bqk1nr/pp4pp/4np2/1P1pP3/3P4/5N2/3Q1PPP/RN2KB1R b KQkq - 1 12
g7f6,r1bqk2r/pp2n1pp/4nP2/1P1p4/3P4/5N2/3Q1PPP/RN2KB1R b KQkq - 0 13
d8d6,r1bqk2r/pp2n2p/4np2/1P1p4/3P4/3B1N2/3Q1PPP/RN2K2R b KQkq - 1 14
e6f4,r1b1k2r/pp2n2p/3qnp2/1P1p4/3P4/3B1N2/3Q1PPP/RN3RK1 b kq - 3 15
f4d3,r1b1k2r/pp2n2p/3q1p2/1P1p4/3P1n2/3B1N2/3Q1PPP/RN2R1K1 b kq - 5 16
e8g8,r1b1k2r/pp2n2p/3q1p2/1P1p4/3P4/3Q1N2/5PPP/RN2R1K1 b kq - 0 17
e7g6,r1b2rk1/pp2n2p/3q1p2/1P1p4/3P4/2NQ1N2/5PPP/R3R1K1 b - - 2 18
c8g4,r1b2rk1/pp5p/3q1pn1/1P1p4/3P4/2NQ1NP1/5P1P/R3R1K1 b - - 0 19
f8f7,r4rk1/pp5p/3q1pn1/1P1p4/3P2b1/2NQ2P1/3N1P1P/R3R1K1 b - - 2 20
f7g7,r5k1/pp3r1p/3q1pn1/1P1p4/3P2b1/2NQR1P1/3N1P1P/R5K1 b - - 4 21
d6d7,r5k1/pp4rp/3q1pn1/1P1p4/3P2b1/2NQR1P1/3N1P1P/4R1K1 b - - 6 22
b7b6,r5k1/pp1q2rp/5pn1/1P1p4/3P2b1/1NNQR1P1/5P1P/4R1K1 b - - 8 23
a8c8,r5k1/p2q2rp/1p3pn1/1P1p4/3P2b1/2NQR1P1/5P1P/N3R1K1 b - - 1 24
g8h8,2r3k1/p2q2rp/1p3pn1/1P1p4/3P2b1/2NQR1P1/2N2P1P/4R1K1 b - - 3 25
g6f4,2r4k/p2q2rp/1p3pn1/1P1p4/1N1P2b1/2NQR1P1/5P1P/4R1K1 b - - 5 26
f4h3,2r4k/p2q2rp/1p3p2/1P1p4/1N1P1nb1/2N1R1P1/5P1P/1Q2R1K1 b - - 7 27
d7f5,2r4k/p2q2rp/1p3p2/1P1p4/1N1P2b1/2N1R1Pn/5PKP/1Q2R3 b - - 9 28
g4f5,2r4k/p5rp/1p3p2/1P1p1Q2/1N1P2b1/2N1R1Pn/5PKP/4R3 b - - 0 29
d4f5,2rqkb1r/pp1bpp2/2np1p1p/8/3NPP2/2N5/PPPQ2PP/R3KB1R w KQk - 0 10
f1d3,2r1kb1r/pp1bpp2/2np1p1p/q4N2/4PP2/2N5/PPPQ2PP/R3KB1R w KQk - 2 11
a2a3,2r1kb1r/pp1bpp2/3p1p1p/q4N2/1n2PP2/2NB4/PPPQ2PP/R3K2R w KQk - 4 12
d2d3,2r1kb1r/pp1bpp2/3p1p1p/q4N2/4PP2/P1Nn4/1PPQ2PP/R3K2R w KQk - 0 13
f5e3,2r1kb1r/pp1b1p2/3ppp1p/q4N2/4PP2/P1NQ4/1PP3PP/R3K2R w KQk - 0 14
e1c1,2r1kb1r/p2b1p2/3ppp1p/qp6/4PP2/P1NQN3/1PP3PP/R3K2R w KQk - 0 15
a3b4,2r1kb1r/p2b1p2/3ppp1p/q7/1p2PP2/P1NQN3/1PP3PP/2KR3R w k - 0 16
f4f5,2r1kb1r/p2b1p2/3ppp1p/8/1q2PP2/2NQN3/1PP3PP/2KR3R w k - 0 17
h1e1,2r1kb1r/p2b1p2/3ppp2/5P1p/1q2P3/2NQN3/1PP3PP/2KR3R w k - 0 18
e3c4,1r2kb1r/p2b1p2/3ppp2/5P1p/1q2P3/2NQN3/1PP3PP/2KRR3 w k - 2 19
c3a2,1r2k2r/p2bbp2/3ppp2/5P1p/1qN1P3/2NQ4/1PP3PP/2KRR3 w k - 4 20
b2b3,1r2k2r/pq1bbp2/3ppp2/5P1p/2N1P3/3Q4/NPP3PP/2KRR3 w k - 6 21
d3g3,1r3rk1/pq1bbp2/3ppp2/5P1p/2N1P3/1P1Q4/N1P3PP/2KRR3 w - - 1 22
g3h4,1r3r2/pq1bbp1k/3ppp2/5P1p/2N1P3/1P4Q1/N1P3PP/2KRR3 w - - 3 23
h4h5,1r5r/pq1bbp1k/3ppp2/5P1p/2N1P2Q/1P6/N1P3PP/2KRR3 w - - 5 24
h5g4,1r5r/pq1bbpk1/3ppp2/5P1Q/2N1P3/1P6/N1P3PP/2KRR3 w - - 1 25
h2h4,1r3k1r/pq1bbp2/3ppp2/5P2/2N1P1Q1/1P6/N1P3PP/2KRR3 w - - 3 26
a2c3,1r3k1r/p2bbp2/q2ppp2/5P2/2N1P1QP/1P6/N1P3P1/2KRR3 w - - 1 27
e4d5,1r3k1r/p2bbp2/q3pp2/3p1P2/2N1P1QP/1PN5/2P3P1/2KRR3 w - - 0 28
g4g3,1r3k1r/p2bbp2/q4p2/3P1p2/2N3QP/1PN5/2P3P1/2KRR3 w - - 0 29
f6e4,r1bq1rk1/pp3ppp/2n1pn2/2b5/2B1N3/5N2/PPP1QPPP/R1B2RK1 b - - 5 10
h7h6,r1bq1rk1/pp3ppp/2n1p3/2b5/2B1Q3/5N2/PPP2PPP/R1B2RK1 b - - 0 11
d8f6,r1bq1rk1/pp3pp1/2n1p2p/2b5/4Q3/3B1N2/PPP2PPP/R1B2RK1 b - - 1 12
g5d2,2r1kb1r/pp1bpppp/3p1n2/q5B1/3QP3/2N5/PPP2PPP/2KR1B1R w k - 1 10
f2f3,2r1kb1r/1p1bpppp/p2p1n2/q7/3QP3/2N5/PPPB1PPP/2KR1B1R w k - 0 11
d4c5,2r1kb1r/1p1bpppp/p2p1n2/2q5/3QP3/2N2P2/PPPB2PP/2KR1B1R w k - 1 12
d2e3,4kb1r/1p1bpppp/p2p1n2/2r5/4P3/2N2P2/PPPB2PP/2KR1B1R w k - 0 13
f1e2,4kb1r/1p1bpppp/p1rp1n2/8/4P3/2N1BP2/PPP3PP/2KR1B1R w k - 2 14
g2g4,4kb1r/1p1bpp1p/p1rp1np1/8/4P3/2N1BP2/PPP1B1PP/2KR3R w k - 0 15
h2h4,4kb1r/1p2pp1p/p1rpbnp1/8/4P1P1/2N1BP2/PPP1B2P/2KR3R w k - 1 16
g4g5,4kb1r/1p2pp2/p1rpbnp1/7p/4P1PP/2N1BP2/PPP1B3/2KR3R w k - 0 17
c3d5,4kb1r/1p1npp2/p1rpb1p1/6Pp/4P2P/2N1BP2/PPP1B3/2KR3R w k - 1 18
c2c3,4k2r/1p1nppb1/p1rpb1p1/3N2Pp/4P2P/4BP2/PPP1B3/2KR3R w k - 3 19
e4d5,4k2r/1p1nppb1/p1rp2p1/3b2Pp/4P2P/2P1BP2/PP2B3/2KR3R w k - 0 20
f3f4,4k2r/1prnppb1/p2p2p1/3P2Pp/7P/2P1BP2/PP2B3/2KR3R w k - 1 21
c1c2,5rk1/1prnppb1/p2p2p1/3P2Pp/5P1P/2P1B3/PP2B3/2KR3R w - - 1 22
d1e1,5rk1/2rnppb1/p2p2p1/1p1P2Pp/5P1P/2P1B3/PPK1B3/3R3R w - - 0 23
c3c4,5rk1/2rnppb1/p2p2p1/3P2Pp/1p3P1P/2P1B3/PPK1B3/4R2R w - - 0 24
e3c5,5rk1/2r1ppb1/p2p2p1/2nP2Pp/1pP2P1P/4B3/PPK1B3/4R2R w - - 1 25
e2d3,5rk1/4ppb1/p2p2p1/2rP2Pp/1pP2P1P/8/PPK1B3/4R2R w - - 0 26
b2b3,5rk1/2r1ppb1/p2p2p1/3P2Pp/1pP2P1P/3B4/PPK5/4R2R w - - 2 27
e1e2,5rk1/2r1ppb1/3p2p1/p2P2Pp/1pP2P1P/1P1B4/P1K5/4R2R w - - 0 28
f4f5,5rk1/2r1ppb1/3p2p1/3P2Pp/ppP2P1P/1P1B4/P1K1R3/7R w - - 0 29
f8d8,r1b2rk1/pp2ppbp/2n2np1/q1p5/2P5/2N1B1P1/PP1NPPBP/R2Q1RK1 b - - 3 10
f6d5,r1br2k1/pp2ppbp/2n2np1/q1pN4/2P5/4B1P1/PP1NPPBP/R2Q1RK1 b - - 5 11
c6d4,r1br2k1/pp2ppbp/2n3p1/q1pP4/8/4B1P1/PP1NPPBP/R2Q1RK1 b - - 0 12
c5d4,r1br2k1/pp2ppbp/6p1/q1pP4/3B4/6P1/PP1NPPBP/R2Q1RK1 b - - 0 13
a5b6,r1br2k1/pp2ppbp/6p1/q2P4/3p4/1N4P1/PP2PPBP/R2Q1RK1 b - - 1 14
c8f5,r1br2k1/pp2ppbp/1q4p1/3P4/3p4/1N4P1/PP1QPPBP/R4RK1 b - - 3 15
e7e5,r2r2k1/pp2ppbp/1q4p1/3P1b2/3p4/1N4P1/PP1QPPBP/R2R2K1 b - - 5 16
f5e6,r2r2k1/pp3pbp/1q2P1p1/5b2/3p4/1N4P1/PP1QPPBP/R2R2K1 b - - 0 17
a8c8,r2r2k1/pp3pbp/1q2b1p1/8/3p4/1N1Q2P1/PP2PPBP/R2R2K1 b - - 1 18
c8c1,2rr2k1/pp3pbp/1q2b1p1/8/3p4/1N1Q2P1/PP2PPBP/2RR2K1 b - - 3 19
e6f5,3r2k1/pp3pbp/1q2b1p1/8/3p4/1N1Q2P1/PP2PPBP/2R3K1 b - - 0 20
d4d3,3r2k1/pp3pbp/1q4p1/5b2/3p4/1N4P1/PP1QPPBP/2R3K1 b - - 2 21
d8d3,3r2k1/pp3pbp/1q4p1/5b2/8/1N1P2P1/PP1Q1PBP/2R3K1 b - - 0 22
g7f6,6k1/pp3pbp/1q4p1/5b2/8/1N1r2P1/PP2QPBP/2R3K1 b - - 1 23
d3b3,6k1/pp3p1p/1q3bp1/5b2/6P1/1N1r4/PP2QPBP/2R3K1 b - - 0 24
f5e6,6k1/pp3p1p/1q3bp1/5b2/6P1/1P6/1P2QPBP/2R3K1 b - - 0 25
b6d6,6k1/pp3p1p/1q2bbp1/8/6P1/1P2Q3/1P3PBP/2R3K1 b - - 2 26
e6g4,6k1/pB3p1p/3qbbp1/8/6P1/1P2Q3/1P3P1P/2R3K1 b - - 0 27
g4f3,6k1/p4p1p/3q1bp1/8/6b1/1P2QB2/1P3P1P/2R3K1 b - - 1 28
g8g7,6k1/p4p1p/3q1bp1/8/8/1P3Q2/1P3P1P/2R3K1 b - - 0 29
f1d3,r2qk2r/1ppnbpp1/p3bn1p/3p4/3P1B2/2N1PN1P/PP3PP1/R2QKB1R w KQkq - 2 10
e1g1,r2q1rk1/1ppnbpp1/p3bn1p/3p4/3P1B2/2NBPN1P/PP3PP1/R2QK2R w KQ - 4 11
d4c5,r2q1rk1/1p1nbpp1/p3bn1p/2pp4/3P1B2/2NBPN1P/PP3PP1/R2Q1RK1 w - - 0 12
f3d4,r2q1rk1/1p2bpp1/p3bn1p/2np4/5B2/2NBPN1P/PP3PP1/R2Q1RK1 w - - 0 13
f4d6,r2q1rk1/1p3pp1/p2bbn1p/2np4/3N1B2/2NBP2P/PP3PP1/R2Q1RK1 w - - 2 14
d1c2,r4rk1/1p3pp1/p2qbn1p/2np4/3N4/2NBP2P/PP3PP1/R2Q1RK1 w - - 0 15
a1c1,2r2rk1/1p3pp1/p2qbn1p/2np4/3N4/2NBP2P/PPQ2PP1/R4RK1 w - - 2 16
f1d1,2r1r1k1/1p3pp1/p2qbn1p/2np4/3N4/2NBP2P/PPQ2PP1/2R2RK1 w - - 4 17
d3f5,2r1r1k1/1p3pp1/p3bn1p/2npq3/3N4/2NBP2P/PPQ2PP1/2RR2K1 w - - 6 18
f2f4,2r1r1k1/1p3pp1/p3bn1p/3pqB2/3Nn3/2N1P2P/PPQ2PP1/2RR2K1 w - - 8 19
f5e4,1qr1r1k1/1p3pp1/p3bn1p/3p1B2/3NnP2/2N1P2P/PPQ3P1/2RR2K1 w - - 1 20
c2d3,1qr1r1k1/1p3pp1/p3b2p/3p4/3NnP2/2N1P2P/PPQ3P1/2RR2K1 w - - 0 21
d3e2,1qr1r1k1/1p3pp1/p3b2p/2np4/3N1P2/2NQP2P/PP4P1/2RR2K1 w - - 2 22
e2f3,2r1r1k1/1p3pp1/p2qb2p/2np4/3N1P2/2N1P2P/PP2Q1P1/2RR2K1 w - - 4 23
f4f5,3rr1k1/1p3pp1/p2qb2p/2np4/3N1P2/2N1PQ1P/PP4P1/2RR2K1 w - - 6 24
f5f6,2brr1k1/1p3pp1/p2q3p/2np1P2/3N4/2N1PQ1P/PP4P1/2RR2K1 w - - 1 25
f3f6,2brr1k1/1p3pp1/p4q1p/2np4/3N4/2N1PQ1P/PP4P1/2RR2K1 w - - 0 26
b2b4,2brr1k1/1p3p2/p4p1p/2np4/3N4/2N1P2P/PP4P1/2RR2K1 w - - 0 27
c3e4,2brr1k1/1p3p2/p4p1p/3p4/1P1Nn3/2N1P2P/P5P1/2RR2K1 w - - 1 28
g1f2,2br2k1/1p3p2/p4p1p/3p4/1P1Nr3/4P2P/P5P1/2RR2K1 w - - 0 29
d8c7,r2qk2r/p4pbp/1pp1bnp1/2p1p3/4P3/2NPBP2/PPPQN1PP/2KR3R b kq - 0 10
g7h6,r3k2r/p1q2pbp/1pp1bnpB/2p1p3/4P3/2NP1P2/PPPQN1PP/2KR3R b kq - 2 11
e8c8,r3k2r/p1q2p1p/1pp1bnpQ/2p1p3/4P3/2NP1P2/PPP1N1PP/2KR3R b kq - 0 12
b6b5,2kr3r/p1q2p1p/1pp1bnpQ/2p1p3/4P3/2NP1P1P/PPP1N1P1/2KR3R b - - 0 13
c8b7,2kr3r/p1q2p1p/2p1bnpQ/1pp1p3/4P3/1PNP1P1P/P1P1N1P1/2KR3R b - - 0 14
f6d7,3r3r/pkq2p1p/2p1bnpQ/1pp1p3/4P3/1PNP1P1P/P1P1N1P1/2KR1R2 b - - 2 15
f7f5,3r3r/pkqn1p1p/2p1b1pQ/1pp1p3/4PP2/1PNP3P/P1P1N1P1/2KR1R2 b - - 0 16
e6f5,3r3r/pkqn3p/2p1b1pQ/1pp1pP2/5P2/1PNP3P/P1P1N1P1/2KR1R2 b - - 0 17
f5e6,3r3r/pkqn3p/2p3pQ/1pp1pb2/5PP1/1PNP3P/P1P1N3/2KR1R2 b - - 0 18
e6d5,3r3r/pkqn3p/2p1b1pQ/1pp1pP2/6P1/1PNP3P/P1P1N3/2KR1R2 b - - 0 19
d7f8,3r3r/pkqn3p/2p2PpQ/1ppbp3/6P1/1PNP3P/P1P1N3/2KR1R2 b - - 0 20
f8e6,3r1n1r/pkq4p/2p2PpQ/1ppbp3/6P1/1PNP2NP/P1P5/2KR1R2 b - - 2 21
c7a5,3r3r/pkq4p/2p1nPpQ/1ppbp3/4N1P1/1P1P2NP/P1P5/2KR1R2 b - - 4 22
c5c4,3r3r/pk5p/2p1nPpQ/qppbp3/4N1P1/1P1P2NP/P1P5/1K1R1R2 b - - 6 23
b5c4,3r3r/pk5p/2p1nPpQ/qp1bp3/2P1N1P1/1P4NP/P1P5/1K1R1R2 b - - 0 24
h8f8,3r3r/pk3P1p/2p1n1pQ/q2bp3/2p1N1P1/1P4NP/P1P5/1K1R1R2 b - - 0 25
e6d4,3r1r2/pk3P1p/2p1n1pQ/q2bp1N1/2p3P1/1P4NP/P1P5/1K1R1R2 b - - 2 26
c4b3,3r1r2/pk3P1N/2p3pQ/q2bp3/2pn2P1/1P4NP/P1P5/1K1R1R2 b - - 0 27
d4b5,3r1r2/pk3P1N/2p3pQ/q2bp3/3n2P1/1P4NP/P7/1K1R1R2 b - - 0 28
b5c3,3r1N2/pk3P2/2p3pQ/qn1bp3/6P1/1P4NP/P7/1K1R1R2 b - - 0 29
d1e2,2kr3r/pp2bppp/2n5/5b2/4n3/3BBN2/PPP2PPP/RN1K3R w - - 4 10
a2a3,2kr3r/pp2bppp/8/5b2/1n2n3/3BBN2/PPP1KPPP/RN5R w - - 6 11
c2d3,2kr3r/pp2bppp/8/5b2/4n3/P2nBN2/1PP1KPPP/RN5R w - - 0 12
h1c1,2kr3r/pp2bppp/8/2n2b2/8/P2PBN2/1P2KPPP/RN5R w - - 1 13
e2e1,2kr3r/pp2bppp/8/2n5/8/P2bBN2/1P2KPPP/RNR5 w - - 0 14
b2b4,2kr3r/p3bppp/1p6/2n5/8/P2bBN2/1P3PPP/RNR1K3 w - - 0 15
a1a2,2kr3r/p4ppp/1p3b2/2n5/1P6/P2bBN2/5PPP/RNR1K3 w - - 1 16
c1b1,2kr3r/p4ppp/1p3b2/2n5/1P6/P3BN2/R4PPP/1bR1K3 w - - 0 17
a2c2,2kr3r/p4ppp/1p3b2/8/1P2n3/P3BN2/R4PPP/1R2K3 w - - 1 18
b1c1,3r3r/pk3ppp/1p3b2/8/1P2n3/P3BN2/2R2PPP/1R2K3 w - - 3 19
e3d4,2r4r/pk3ppp/1p3b2/8/1P2n3/P3BN2/2R2PPP/2R1K3 w - - 5 20
c1c2,7r/pk3ppp/1p3b2/8/1P1Bn3/P4N2/2r2PPP/2R1K3 w - - 0 21
d4f6,3r4/pk3ppp/1p3b2/8/1P1Bn3/P4N2/2R2PPP/4K3 w - - 1 22
f3e5,3r4/pk3ppp/1p3n2/8/1P6/P4N2/2R2PPP/4K3 w - - 0 23
c2e2,4r3/pk3ppp/1p3n2/4N3/1P6/P7/2R2PPP/4K3 w - - 2 24
e5c4,8/pk2rppp/1p3n2/4N3/1P6/P7/4RPPP/4K3 w - - 4 25
e1e2,8/pk3ppp/1p3n2/8/1PN5/P7/4rPPP/4K3 w - - 0 26
f2f3,8/p4ppp/1pk2n2/8/1PN5/P7/4KPPP/8 w - - 1 27
c4b2,8/p4ppp/1p3n2/1k6/1PN5/P4P2/4K1PP/8 w - - 1 28
g2g3,8/p4ppp/1p6/1k1n4/1P6/P4P2/1N2K1PP/8 w - - 3 29
f8e7,r3kb1r/pp3ppp/2nqp3/3n4/3P2b1/2N2N2/PP2BPPP/R1BQ1RK1 b kq - 1 10
g4f5,r3k2r/pp2bppp/2nqp3/3n4/3P2b1/2N2N1P/PP2BPP1/R1BQ1RK1 b kq - 0 11
e8g8,r3k2r/pp2bppp/2nqp3/3n1b2/3P4/1QN2N1P/PP2BPP1/R1B2RK1 b kq - 2 12
e6d5,r4rk1/pp2bppp/2nqp3/3N1b2/3P4/1Q3N1P/PP2BPP1/R1B2RK1 b - - 0 13
e7f6,r4rk1/pp2bppp/2nq4/3p1b2/3P4/1Q3N1P/PP1BBPP1/R4RK1 b - - 1 14
f5e4,r4rk1/pp3ppp/2nq1b2/3p1b2/3P4/1QB2N1P/PP2BPP1/R4RK1 b - - 3 15
a8b8,r4rk1/pQ3ppp/2nq1b2/3p4/3Pb3/2B2N1P/PP2BPP1/R4RK1 b - - 0 16
b8b6,1r3rk1/p4ppp/Q1nq1b2/3p4/3Pb3/2B2N1P/PP2BPP1/R4RK1 b - - 2 17
e4f3,5rk1/p4ppp/1rnq1b2/3p4/Q2Pb3/2B2N1P/PP2BPP1/R4RK1 b - - 4 18
c6d4,5rk1/p4ppp/1rnq1b2/3p4/Q2P4/2B2B1P/PP3PP1/R4RK1 b - - 0 19
b6b4,5rk1/p4ppp/1r1q1b2/3p4/Q2B4/5B1P/PP3PP1/R4RK1 b - - 0 20
f6d4,5rk1/p4ppp/3q1b2/3p4/1r1B4/Q4B1P/PP3PP1/R4RK1 b - - 2 21
d4b2,5rk1/p4ppp/3q4/3p4/1r1b4/Q4B1P/PP3PP1/3R1RK1 b - - 1 22
d5d4,5rk1/Q4ppp/3q4/3p4/1r6/5B1P/Pb3PP1/3R1RK1 b - - 0 23
d4d3,5rk1/Q4ppp/3q4/8/Pr1p4/5B1P/1b3PP1/3R1RK1 b - - 0 24
b2d4,5rk1/Q4ppp/3q4/P7/1r6/3p1B1P/1b3PP1/3R1RK1 b - - 0 25
d4f2,5rk1/Q4ppp/3q4/P7/1r1b4/3R1B1P/5PP1/5RK1 b - - 0 26
d6d3,5rk1/Q4ppp/3q4/P7/1r6/3R1B1P/5RP1/6K1 b - - 0 27
b4b1,5rk1/Q4ppp/P7/8/1r6/3q1B1P/5RP1/6K1 b - - 0 28
d3d6,5rk1/Q4ppp/P7/8/8/3q1B1P/5RPK/1r6 b - - 2 29
c8f5,r1bqr1k1/1p2ppbp/n1p2np1/p2p4/2P5/1PNP1NP1/PBQ1PPBP/R4RK1 b - - 2 10
e7e5,r2qr1k1/1p2ppbp/n1p2np1/p2p1b2/2P5/PPNP1NP1/1BQ1PPBP/R4RK1 b - - 0 11
d5d4,r2qr1k1/1p3pbp/n1p2np1/p2ppb2/2P1P3/PPNP1NP1/1BQ2PBP/R4RK1 b - - 0 12
d4c3,r2qr1k1/1p3pbp/n1p2np1/p3pP2/2Pp4/PPNP1NP1/1BQ2PBP/R4RK1 b - - 0 13
e5e4,r2qr1k1/1p3pbp/n1p2np1/p3pP2/2P5/PPBP1NP1/2Q2PBP/R4RK1 b - - 0 14
f6e4,r2qr1k1/1p3pbp/n1p2np1/p4P2/2P1P3/PPB2NP1/2Q2PBP/R4RK1 b - - 0 15
g8g7,r2qr1k1/1p3pBp/n1p3p1/p4P2/2P1n3/PP3NP1/2Q2PBP/R4RK1 b - - 0 16
h7g6,r2qr3/1p3pkp/n1p3P1/p7/2P1n3/PP3NP1/2Q2PBP/R4RK1 b - - 0 17
d8f6,r2qr3/1p3pk1/n1p3p1/p7/2P1n3/PP3NP1/2Q2PBP/3R1RK1 b - - 1 18
e4c5,r3r3/1p3pk1/n1p2qp1/p7/2P1n3/PP3NP1/2Q2PBP/3RR1K1 b - - 3 19
a8e8,r3R3/1p3pk1/n1p2qp1/p1n5/2P5/PP3NP1/2Q2PBP/3R2K1 b - - 0 20
e8e7,4r3/1p3pk1/n1p2qp1/p1n5/2P4P/PP3NP1/2Q2PB1/3R2K1 b - - 0 21
e7e8,8/1p2rpk1/n1p2qp1/p1n3N1/2P4P/PP4P1/2Q2PB1/3R2K1 b - - 2 22
f6e5,4r3/1p3pk1/n1p2qp1/p1n3N1/2P4P/PP4P1/2Q2PBK/3R4 b - - 4 23
e5f6,4r3/1p3pk1/n1p3p1/p1n1q1N1/2P2P1P/PP4P1/2Q3BK/3R4 b - - 0 24
e8e3,4r3/1p3pk1/n1p2qp1/p1n3N1/2P2P1P/PP4P1/2QR2BK/8 b - - 2 25
a5b4,8/1p3pk1/n1p2qp1/p1n3N1/1PP2P1P/P3r1P1/2QR2BK/8 b - - 0 26
a6b4,8/1p3pk1/n1p2qp1/2n3N1/1PP2P1P/4r1P1/2QR2BK/8 b - - 0 27
b4d3,8/1p3pk1/2p2qp1/2n3N1/1nP2P1P/4r1P1/3R2BK/3Q4 b - - 1 28
d3f4,8/1p3pk1/2p2qp1/2n3NP/2P2P2/3nr1P1/3R2BK/3Q4 b - - 0 29
d1d4,r2qkb1r/1b2pppp/p2p1n2/1p6/3nP1P1/2N4P/PPP2PB1/R1BQ1RK1 w kq - 0 10
d4d3,r2qkb1r/1b3ppp/p2p1n2/1p2p3/3QP1P1/2N4P/PPP2PB1/R1B2RK1 w kq - 0 11
a2a4,r2qk2r/1b2bppp/p2p1n2/1p2p3/4P1P1/2NQ3P/PPP2PB1/R1B2RK1 w kq - 2 12
c3d5,r2qk2r/1b2bppp/p2p1n2/4p3/Pp2P1P1/2NQ3P/1PP2PB1/R1B2RK1 w kq - 0 13
e4d5,r2qk2r/1b2bppp/p2p4/3np3/Pp2P1P1/3Q3P/1PP2PB1/R1B2RK1 w kq - 0 14
g4h5,r2qk2r/1b2bpp1/p2p4/3Pp2p/Pp4P1/3Q3P/1PP2PB1/R1B2RK1 w kq - 0 15
f2f4,r2qk3/1b2bpp1/p2p4/3Pp2r/Pp6/3Q3P/1PP2PB1/R1B2RK1 w q - 0 16
f4e5,r2qk3/1b3pp1/p2p1b2/3Pp2r/Pp3P2/3Q3P/1PP3B1/R1B2RK1 w q - 1 17
d3f3,r2qk3/1b3pp1/p2p4/3Pb2r/Pp6/3Q3P/1PP3B1/R1B2RK1 w q - 0 18
g1h1,r3k3/1b3pp1/pq1p4/3Pb2r/Pp6/5Q1P/1PP3B1/R1B2RK1 w q - 2 19
f3f7,r3k2r/1b3pp1/pq1p4/3Pb3/Pp6/5Q1P/1PP3B1/R1B2R1K w q - 4 20
c1g5,r2k3r/1b3Qp1/pq1p4/3Pb3/Pp6/7P/1PP3B1/R1B2R1K w - - 1 21
f7e6,r1k4r/1b3Qp1/pq1p4/3Pb1B1/Pp6/7P/1PP3B1/R4R1K w - - 3 22
g5f4,rk5r/1b4p1/pq1pQ3/3Pb1B1/Pp6/7P/1PP3B1/R4R1K w - - 5 23
f1f4,rk5r/1b4p1/pq1pQ3/3P4/Pp3b2/7P/1PP3B1/R4R1K w - - 0 24
a1f1,r6r/kb4p1/pq1pQ3/3P4/Pp3R2/7P/1PP3B1/R6K w - - 1 25
e6d7,4r2r/kb4p1/pq1pQ3/3P4/Pp3R2/7P/1PP3B1/5R1K w - - 3 26
d7e6,3r3r/kb1Q2p1/pq1p4/3P4/Pp3R2/7P/1PP3B1/5R1K w - - 5 27
e6e7,3r4/kb4p1/pq1pQ2r/3P4/Pp3R2/7P/1PP3B1/5R1K w - - 7 28
f4f7,7r/kb2Q1p1/pq1p3r/3P4/Pp3R2/7P/1PP3B1/5R1K w - - 9 29
c6d4,r1b1kb1r/pp3ppp/1qn5/3p4/3N4/4P3/PP2BPPP/R1BQ1RK1 b kq - 1 10
b6d4,r1b1kb1r/pp3ppp/1q6/3p4/3Q4/4P3/PP2BPPP/R1B2RK1 b kq - 0 11
f8d6,r1b1kb1r/pp3ppp/8/3p4/3P4/8/PP2BPPP/R1B2RK1 b kq - 0 12
c8d7,r1b1k2r/pp3ppp/3b4/1B1p4/3P4/8/PP3PPP/R1B2RK1 b kq - 2 13
e8d8,r3k2r/pp1b1ppp/3b4/1B1p4/3P4/8/PP3PPP/R1B1R1K1 b kq - 4 14
d8d7,r2k3r/pp1B1ppp/3b4/3p4/3P4/8/PP3PPP/R1B1R1K1 b - - 0 15
h8e8,r6r/pp1k1ppp/3b4/3p4/3P4/8/PP1B1PPP/R3R1K1 b - - 1 16
a8c8,r3r3/pp1k1ppp/3b4/3p4/3P4/5P2/PP1B2PP/R3R1K1 b - - 0 17
c8e8,2r1R3/pp1k1ppp/3b4/3p4/3P4/5P2/PP1B2PP/R5K1 b - - 0 18
e8c8,4r3/pp1k1ppp/3b4/3p4/3P4/5P2/PP1B2PP/4R1K1 b - - 1 19
c8c4,2r5/pp1k1ppp/3b4/3p4/3P4/5P2/PP1B2PP/2R3K1 b - - 3 20
d7c6,8/pp1k1ppp/3b4/3p4/2rP4/4BP2/PP4PP/2R3K1 b - - 5 21
c4c1,8/pp3ppp/2kb4/3p4/2rP4/4BP2/PP4PP/2R2K2 b - - 7 22
d6h2,8/pp3ppp/2kb4/3p4/3P4/5P2/PP4PP/2B2K2 b - - 0 23
h2g3,8/pp3ppp/2k5/3p4/3P1P2/8/PP4Pb/2B2K2 b - - 0 24
f7f5,8/pp3ppp/2k5/3p4/3P1P2/6b1/PP2K1P1/2B5 b - - 2 25
g3e1,8/pp4pp/2k5/3p1p2/3P1P2/5Kb1/PP4P1/2B5 b - - 1 26
f5g4,8/pp4pp/2k5/3p1p2/3P1PP1/5K2/PP6/2B1b3 b - - 0 27
g7g6,8/pp4pp/2k5/3p4/3P1PK1/8/PP6/2B1b3 b - - 0 28
g6f5,8/pp5p/2k3p1/3p1P2/3P2K1/8/PP6/2B1b3 b - - 0 29
d2e1,r1bq1rk1/pp2ppbp/2n2np1/3p4/3NP3/2N1BP2/PPPQ2PP/2KR1B1R w - - 0 10
d4c6,r1bq1rk1/pp3pbp/2n2np1/3pp3/3NP3/2N1BP2/PPP3PP/2KRQB1R w - - 0 11
e4d5,r1bq1rk1/p4pbp/2p2np1/3pp3/4P3/2N1BP2/PPP3PP/2KRQB1R w - - 0 12
f1c4,r1bq1rk1/p4pbp/2p3p1/3np3/8/2N1BP2/PPP3PP/2KRQB1R w - - 0 13
c3e4,r2q1rk1/p4pbp/2p1b1p1/3np3/2B5/2N1BP2/PPP3PP/2KRQ2R w - - 2 14
e3c5,r4rk1/p1q2pbp/2p1b1p1/3np3/2B1N3/4BP2/PPP3PP/2KRQ2R w - - 4 15
g2g4,r2r2k1/p1q2pbp/2p1b1p1/2Bnp3/2B1N3/5P2/PPP3PP/2KRQ2R w - - 6 16
h2h4,r2r2k1/p1q2pb1/2p1b1pp/2Bnp3/2B1N1P1/5P2/PPP4P/2KRQ2R w - - 0 17
c4e6,r2r2k1/p1q2pb1/2p1b1pp/2B1p3/2B1NnPP/5P2/PPP5/2KRQ2R w - - 1 18
c5d6,r2r2k1/p1q2pb1/2p1n1pp/2B1p3/4N1PP/5P2/PPP5/2KRQ2R w - - 0 19
g4g5,r2r2k1/p4pb1/1qpBn1pp/4p3/4N1PP/5P2/PPP5/2KRQ2R w - - 2 20
e4f6,r2r2k1/p4pb1/1qpBn1p1/4p1Pp/4N2P/5P2/PPP5/2KRQ2R w - - 0 21
g5f6,r2r2k1/p4p2/1qpBnbp1/4p1Pp/7P/5P2/PPP5/2KRQ2R w - - 0 22
d1d6,r5k1/p4p2/1qprnPp1/4p2p/7P/5P2/PPP5/2KRQ2R w - - 0 23
d6d7,r5k1/p4p2/2pRnPp1/2q1p2p/7P/5P2/PPP5/2K1Q2R w - - 1 24
e1e4,r5k1/p2R1p2/2p2Pp1/2q1p2p/3n3P/5P2/PPP5/2K1Q2R w - - 3 25
h1d1,1r4k1/p2R1p2/2p2Pp1/2q1p2p/3nQ2P/5P2/PPP5/2K4R w - - 5 26
b2b3,1r4k1/p2R1p2/2p2Pp1/4p2p/1q1nQ2P/5P2/PPP5/2KR4 w - - 7 27
c1b1,1r4k1/p2R1p2/2p2Pp1/4p2p/3nQ2P/qP3P2/P1P5/2KR4 w - - 1 28
d7d4,6k1/p2R1p2/2p2Pp1/4p2p/1r1nQ2P/qP3P2/P1P5/1K1R4 w - - 3 29
d6c5,r2q1rk1/pp1b1ppp/2nbpn2/2Pp4/8/2PBPN2/PPQN1PPP/R1B2RK1 b - - 0 10
d5e4,r2q1rk1/pp1b1ppp/2n1pn2/2bp4/4P3/2PB1N2/PPQN1PPP/R1B2RK1 b - - 0 11
f6e4,r2q1rk1/pp1b1ppp/2n1pn2/2b5/4N3/2PB1N2/PPQ2PPP/R1B2RK1 b - - 0 12
f7f5,r2q1rk1/pp1b1ppp/2n1p3/2b5/4B3/2P2N2/PPQ2PPP/R1B2RK1 b - - 0 13
d8c7,r2q1rk1/pp1b2pp/2n1p3/2b2p2/8/2PB1N2/PPQ2PPP/R1B2RK1 b - - 1 14
a8e8,r4rk1/ppqb2pp/2n1p3/2b2p2/2B5/2P2N2/PPQ2PPP/R1B2RK1 b - - 3 15
a7a6,4rrk1/ppqb2pp/2n1p3/2b2p2/2B5/2P2N2/PPQ2PPP/R1B1R1K1 b - - 5 16
b7b5,4rrk1/1pqb2pp/p1n1p3/2b2pB1/2B5/2P2N2/PPQ2PPP/R3R1K1 b - - 1 17
g8h8,4rrk1/2qb2pp/p1n1p3/1pb2pB1/8/1BP2N2/PPQ2PPP/R3R1K1 b - - 1 18
h7h6,4rr1k/2qb2pp/p1n1p3/1pb2pB1/8/1BP2N2/PPQ2PPP/3RR1K1 b - - 3 19
e6e5,4rr1k/2qb2p1/p1n1p2p/1pb2p2/8/1BP2N2/PPQ2PPP/2BRR1K1 b - - 1 20
h8h7,4rr1k/2qb2p1/p1n4p/1pb1pp2/7N/1BP5/PPQ2PPP/2BRR1K1 b - - 1 21
d7e6,4rr2/2qb2pk/p1n4p/1pb1pp2/7N/1BP5/PP1Q1PPP/2BRR1K1 b - - 3 22
e8e6,4rr2/2q3pk/p1n1B2p/1pb1pp2/7N/2P5/PP1Q1PPP/2BRR1K1 b - - 0 23
c7d7,5r2/2qQ2pk/p1n1r2p/1pb1pp2/7N/2P5/PP3PPP/2BRR1K1 b - - 1 24
e6d6,5r2/3R2pk/p1n1r2p/1pb1pp2/7N/2P5/PP3PPP/2B1R1K1 b - - 0 25
d6d1,5r2/3R2pk/p1nr3p/1pb1pp2/7N/2P5/PP3PPP/2BR2K1 b - - 2 26
g7g5,5r2/6pk/p1n4p/1pb1pp2/7N/2P5/PP3PPP/2BR2K1 b - - 0 27
e5e4,5r2/7k/p1n4p/1pb1ppp1/8/2P2N2/PP3PPP/2BR2K1 b - - 1 28
f8d8,5r2/7k/p1n4p/1pb2pp1/4p3/2P5/PP3PPP/2BRN1K1 b - - 1 29
d2b3,r3kbnr/pp1b1ppp/1qn1p3/3pP3/8/3B1N2/PP1N1PPP/R1BQ1RK1 w kq - 2 10
c1e3,r3kb1r/pp1b1ppp/1qn1p2n/3pP3/8/1N1B1N2/PP3PPP/R1BQ1RK1 w kq - 4 11
a1c1,r2qkb1r/pp1b1ppp/2n1p2n/3pP3/8/1N1BBN2/PP3PPP/R2Q1RK1 w kq - 6 12
b3c5,r2qk2r/pp1bbppp/2n1p2n/3pP3/8/1N1BBN2/PP3PPP/2RQ1RK1 w kq - 8 13
e3h6,r2q1rk1/pp1bbppp/2n1p2n/2NpP3/8/3BBN2/PP3PPP/2RQ1RK1 w - - 10 14
d1d2,r2q1rk1/pp1bbp1p/2n1p2p/2NpP3/8/3B1N2/PP3PPP/2RQ1RK1 w - - 0 15
h2h4,r2q1r2/pp1bbpkp/2n1p2p/2NpP3/8/3B1N2/PP1Q1PPP/2R2RK1 w - - 2 16
c5d7,r4r2/pp1bbpkp/1qn1p2p/2NpP3/7P/3B1N2/PP1Q1PP1/2R2RK1 w - - 1 17
e7f6,r1bqk2r/4bppp/p1np1B2/1p1Np3/4P3/N7/PPP2PPP/R2QKB1R b KQkq - 0 10
b5b4,r1bqk2r/5ppp/p1np1b2/1p1Np3/2P1P3/N7/PP3PPP/R2QKB1R b KQkq - 0 11
a6a5,r1bqk2r/5ppp/p1np1b2/3Np3/1pP1P3/8/PPN2PPP/R2QKB1R b KQkq - 1 12
e8g8,r1bqk2r/5ppp/2np1b2/p2Np3/1pP1P3/6P1/PPN2P1P/R2QKB1R b KQkq - 0 13
c8e6,r1bq1rk1/5ppp/2np1b2/p2Np3/1pP1P3/1P4P1/P1N2P1P/R2QKB1R b KQ - 0 14
f6g5,r2q1rk1/5ppp/2npbb2/p2Np3/1pP1P3/1P4P1/P1N2PBP/R2QK2R b KQ - 2 15
d8b8,r2q1rk1/5ppp/2npb3/p2Np1b1/1pP1P3/1P4P1/P1N2PBP/R2Q1RK1 b - - 4 16
a5a4,rq3rk1/5ppp/2npb3/p2Np1b1/1pP1P3/1P4P1/P1N2PBP/R2Q1R1K b - - 6 17
e5f4,rq3rk1/5ppp/2npb3/3Np1b1/ppP1PP2/1P4P1/P1N3BP/R2Q1R1K b - - 0 18
g5d8,rq3rk1/5ppp/2npb3/3N2b1/ppP1PP2/1P6/P1N3BP/R2Q1R1K b - - 0 19
f8e8,rq1b1rk1/5ppp/2npb3/3N4/ppP1PP2/1P1Q4/P1N3BP/R4R1K b - - 2 20
a4b3,rq1br1k1/5ppp/2npb3/3N4/ppP1PP2/1P1Q4/P1N3BP/3R1R1K b - - 4 21
e6g4,rq1br1k1/5ppp/2npb3/3N4/1pP1PP2/1P1Q4/2N3BP/3R1R1K b - - 0 22
h7h5,rq1br1k1/5ppp/2np4/3N4/1pP1PPb1/1P1Q4/2NR2BP/5R1K b - - 2 23
b8c8,rq1br1k1/5pp1/2np4/7p/1pP1PPb1/1P1QN3/2NR2BP/5R1K b - - 1 24
h5g4,r1qbr1k1/5pp1/2np4/7p/1pP1PPN1/1P1Q4/2NR2BP/5R1K b - - 0 25
d8e7,r1qbr1k1/5pp1/2nQ4/8/1pP1PPp1/1P6/2NR2BP/5R1K b - - 0 26
e8d8,r1q1r1k1/4bpp1/2n5/8/1pP1PPp1/1P1Q4/2NR2BP/5R1K b - - 2 27
d8d2,r1qr2k1/4bpp1/2n5/8/1pP1PPp1/1P6/2NRQ1BP/5R1K b - - 4 28
a8a2,r1q3k1/4bpp1/2n5/8/1pP1PPp1/1P6/2NQ2BP/5R1K b - - 0 29
